ID,village_id,group,vc_age_grp,vc_sbp_grp,vc_risk_grp,doctor_college_above,age,male,education_high_above,occupation_farmer,Last_year_income_lt_10k,marriage_yes,insure_yes,BMI0_grp,waist0_normal,risk0,risk4,risk_lifetime_0,risk_lifetime_4,SBP0,SBP4,DBP0,DBP4,GLU0,GLU4,NHDL0,NHDL4,obesity_0,obesity_4,smk_daily_0,smk_daily_4,PA_lt3000_0,PA_lt3000_4,LTPA0,LTPA4
1,1,1,1,1,2,2,52,0,0,1,1,1,1,4,0,19.9,8.3,71.9,41.5,148,137,93,97,7.1,6.1,3.46,3.18,1,1,0,0,0,0,1,0
2,1,1,1,1,2,2,70,0,0,1,1,1,1,2,0,24.6,10.9,40.6,18.7,144.5,133,91.5,74,8.1,6.6,3.52,3.85,0,0,0,0,0,0,0,0
3,1,1,1,1,2,2,62,1,0,1,0,1,1,4,0,32.6,24.5,63.1,46,176,149,99,94.5,7.6,8.2,3.06,4.03,1,1,0,0,0,0,1,0
4,1,1,1,1,2,2,57,0,0,1,0,1,1,4,0,20,10.4,63,40.1,156.5,153,83,84.5,7.6,6.6,3.09,3.46,1,1,0,0,0,0,1,0
5,1,1,1,1,2,2,66,0,0,1,1,1,1,4,0,16.1,11,38.2,24.3,156,130,103.5,85.5,6.4,5.7,4.13,5.17,1,1,0,0,0,0,1,0
6,1,1,1,1,2,2,64,1,0,1,0,1,1,4,0,15,10.4,32.8,18.7,143,126.5,94,82.5,6.5,6.2,1.81,2.22,1,0,0,0,0,0,1,0
7,1,1,1,1,2,2,62,1,0,1,1,1,1,4,0,25.1,10.4,60.3,32.2,162.5,154,102,95.5,7.1,5.3,2.61,1.53,1,1,0,0,0,0,1,0
8,1,1,1,1,2,2,59,0,0,1,0,1,1,4,0,23.5,8.05,65.4,25,161,105,85.5,65.5,7.6,6.2,2.47,1.27,1,1,0,0,0,0,1,0
9,1,1,1,1,2,2,57,0,0,1,1,1,1,4,0,10.9,13.3,41.3,46.1,155,140,79,77.5,6.5,7.3,1.71,3.88,1,1,0,0,0,0,0,1
10,1,1,1,1,2,2,58,0,0,1,0,1,1,2,0,26.7,10.1,74.2,34.4,185.5,122,103,70,8.7,7.8,1.15,2.68,0,0,0,0,0,0,1,0
11,1,1,1,1,2,2,61,1,0,1,1,1,1,3,0,24,11,66.6,35,182.5,154.5,106.5,91.5,6.6,6.4,2.98,2.5,0,0,0,0,0,0,0,0
12,1,1,1,1,2,2,65,1,1,1,1,1,1,3,0,34.5,15.1,77.1,34.5,188,139,89,85,7.6,7.4,4.67,3.13,0,0,0,0,0,0,1,0
13,1,1,1,1,2,2,55,0,0,1,0,1,1,3,0,10.1,4.14,41.7,19.2,159.5,122.5,99.5,79.5,6.2,5,2.32,2.55,0,0,0,0,0,0,1,1
14,1,1,1,1,2,2,63,0,0,1,0,1,1,3,0,26,19.5,62.7,49.5,164,153,85.5,88.5,7.3,7.2,4.75,4.76,0,1,0,0,0,0,1,1
15,1,1,1,1,2,2,51,0,0,1,0,1,1,3,0,10.1,2.98,48,18.3,164.5,124.5,95.5,82.5,5.8,5.7,3.37,3.77,0,0,0,0,0,0,1,0
16,1,1,1,1,2,2,62,0,0,1,0,1,1,4,0,31.4,17.3,74.5,45.7,178.5,143,106.5,89.5,7.2,8.1,3.47,4.57,1,1,0,0,0,0,1,0
17,1,1,1,1,2,2,49,0,1,1,0,1,1,3,0,12.4,8.9,56.3,46.6,185,143.5,103.5,89.5,6,5.2,2.93,2.48,0,0,0,0,0,0,1,0
18,1,1,1,1,2,2,50,0,0,1,0,1,1,3,0,13,7.71,58.5,41.8,146,126,90.5,84,18.3,14.8,3.27,3.57,0,0,0,0,0,0,1,1
19,1,1,1,1,2,2,49,0,0,1,0,1,1,3,0,13,7.65,59.2,42.3,155,134.5,81,78.5,8.7,7.8,2.37,2.49,0,0,0,0,0,0,1,0
20,1,1,1,1,2,2,70,1,1,1,0,1,1,3,0,25.9,12.5,45,16.3,193,144,83.5,71.5,6.6,6.2,2.35,1.93,0,0,0,0,0,0,1,0
21,1,1,1,1,2,2,64,0,0,1,1,1,1,3,0,31.8,8.59,70.9,23.1,144,137,83.5,85.5,5.3,3.4,2.24,2.99,0,0,0,0,0,0,1,0
22,1,1,1,1,2,2,41,1,0,1,0,1,1,4,0,35.5,10.6,81.8,50.1,175,137,120.5,100,10.8,7.6,4.68,6.08,1,1,0,0,0,0,1,0
23,1,1,1,1,2,2,42,1,1,1,0,1,1,4,0,30.8,10.4,76.1,47,173,135.5,113.5,96.5,6.6,6.2,2.53,3.41,1,1,0,0,0,0,1,0
24,1,1,1,1,2,2,42,1,0,1,0,1,1,3,0,25.1,24.1,65.3,64,148,147.5,107.5,98.5,8.5,7,2.17,4.18,0,0,1,1,0,0,1,1
25,1,1,1,1,2,2,38,0,0,1,0,1,1,4,0,13.4,4.68,76.9,50.7,166.5,134,102.5,88.5,7.4,7.1,2.17,3.18,1,1,0,0,0,0,1,1
26,1,1,1,1,2,2,47,0,0,1,0,1,1,4,0,11.6,3.58,60.8,29,191.5,139.5,105,87,6.8,6.2,2.39,2.16,1,1,0,0,0,0,0,0
27,1,1,1,1,2,2,44,0,0,1,0,1,1,3,0,10.1,2.9,61.3,30.1,176.5,126.5,85,72,8.4,6.6,0.75,0.06,0,1,0,0,0,0,1,1
28,1,1,1,1,2,2,58,0,0,1,0,1,1,4,0,17.5,11.3,54.6,37.7,139,118,98,77.5,9.1,8.1,5.99,5.68,1,1,0,0,0,0,1,0
29,1,1,1,1,2,2,52,0,0,1,0,1,1,4,0,25.8,14.6,82.1,60.6,154,137,97,89.5,16.8,8.7,3.38,1.42,1,1,0,0,0,0,1,0
30,1,1,1,1,2,2,44,1,1,1,0,1,1,2,1,18.5,5.05,59.9,25.2,163.5,135.5,100,92.5,6.4,6.4,3.05,0.27,0,0,0,0,0,0,1,0
31,1,1,1,1,2,2,61,0,0,1,0,1,1,3,0,21.5,11.4,57.8,37.2,154,158,99.5,99.5,9.5,6.1,5.41,5.81,0,0,0,0,0,0,0,0
32,1,1,1,1,2,2,43,0,1,1,0,1,1,3,0,10.6,1.6,57.6,18.9,182.5,113.5,100.5,72.5,5.6,6,3.75,2.55,0,0,0,0,0,0,1,0
33,1,1,1,1,2,2,46,1,0,1,0,1,1,4,0,29.9,9.56,72.4,37.6,158,128,93.5,84.5,8.8,14.5,1.82,1.46,1,1,1,0,0,0,1,0
34,1,1,1,1,2,2,68,1,1,1,0,1,1,2,1,12.5,10.1,29.1,18.9,153.5,124.5,78.5,71,6.8,6.2,1.3,3.56,0,0,0,0,0,0,1,0
35,1,1,1,1,2,2,51,0,1,1,0,1,1,3,0,17.6,12.9,68,56.9,159.5,148.5,99,89.5,9.7,6.1,3.54,2.85,0,0,0,0,0,0,1,1
36,2,2,2,2,1,1,63,0,0,1,1,1,1,2,1,10.8,13.3,31.7,42.9,155.5,200.5,78.5,92,5.7,6.1,3.35,3.48,0,0,0,0,0,0,1,0
37,2,2,2,2,1,1,61,0,0,1,0,1,1,3,0,12,7.85,39,26.2,163,151,94,90.5,5.6,5.1,3.01,2.89,0,0,0,0,0,0,0,1
38,2,2,2,2,1,1,64,0,0,1,1,1,1,3,0,11.4,9.28,32,26.6,157,154.5,95.5,91.5,5.6,6.1,3,2.55,0,0,0,0,0,0,1,1
39,2,2,2,2,1,1,48,0,0,1,1,1,1,4,0,18,15.8,73,67.3,165,170,84,96,11.3,13.6,4.62,3.35,1,1,0,0,0,0,1,0
40,2,2,2,2,1,1,69,0,0,1,1,1,1,3,0,17.7,13.9,37.9,27.2,164.5,144,82,92.5,5.7,6.2,4.32,3.53,0,0,0,0,0,0,0,0
41,2,2,2,2,1,1,69,0,0,1,0,1,1,4,0,19.5,20.2,39.2,43.8,153.5,168.5,93,93,6.9,6.4,3.72,3.32,1,1,0,0,0,0,0,1
42,2,2,2,2,1,1,61,0,0,1,1,1,1,4,0,24.6,20.3,62.9,54.3,152.5,143,77.5,96,6.7,6.1,1.73,3.18,1,1,0,0,0,0,1,0
43,2,2,2,2,1,1,62,0,0,0,0,1,1,4,0,16.5,11.2,48.5,34,161,146,94,91.5,5.9,6.3,2.11,1.53,1,1,0,0,1,1,1,0
44,2,2,2,2,1,1,68,0,0,0,1,1,1,3,0,15.7,11.2,32.8,22.2,147.5,134.5,99.5,91.5,6.9,6.1,1.72,3.62,0,0,0,0,0,0,1,1
45,2,2,2,2,1,1,59,0,0,1,0,1,1,4,0,18.5,9.8,59.5,33.5,179.5,156,99.5,98,6,5.3,3.69,4.53,1,1,0,0,0,0,1,1
46,2,2,2,2,1,1,63,0,0,1,0,1,1,2,1,15.2,11.1,47.2,28.7,196.5,136,102.5,87,5.1,7.2,1.84,1.53,0,0,0,0,0,0,1,1
47,2,2,2,2,1,1,69,0,0,1,0,1,1,3,0,29.6,16.3,52.1,25.9,150.5,120.5,74.5,64.5,10.7,6.5,4.07,1.53,0,0,0,0,0,0,0,1
48,2,2,2,2,1,1,73,1,0,1,0,1,1,3,0,33.5,17.7,34.5,24.9,181.5,167.5,89,85.5,9.1,6.1,2.47,2.1,0,0,1,1,0,0,1,1
49,2,2,2,2,1,1,72,0,0,1,0,1,1,3,0,25,24.9,46.6,51.6,176,196.5,96,103.5,5.8,5.8,4.19,5.02,0,1,0,0,0,0,1,1
50,2,2,2,2,1,1,49,0,0,1,1,1,1,3,0,10.4,3.23,52.6,22.9,191,118.5,116,81,5.8,5.8,1.77,4.65,0,0,0,0,0,0,1,1
51,2,2,2,2,1,1,53,1,1,1,1,1,1,3,0,23.6,12.5,67.9,43.4,161,144.5,108,90,6.9,5.6,2.99,2.45,0,0,1,1,0,0,1,1
52,2,2,2,2,1,1,64,1,0,1,1,1,1,4,0,14.5,8.12,39.1,21.3,180,129,94,77.5,6.3,6.5,1.57,2.35,1,1,0,0,0,0,0,0
53,2,2,2,2,1,1,69,1,0,1,0,1,1,3,0,32.6,31.7,75.5,73.5,193,193,82.5,90.5,7,8.3,2.27,3.34,0,0,1,1,0,0,1,0
54,2,2,2,2,1,1,69,1,0,1,1,1,1,3,0,24.8,22.3,27.9,28.6,166.5,151.5,104,96,9,8.7,2.58,3.67,0,0,0,0,0,0,1,0
55,2,2,2,2,1,1,62,1,0,1,1,1,1,2,0,14.6,5.73,46.1,15.8,157.5,120,96.5,84,6,5.8,1.91,1.74,0,0,1,0,0,0,0,1
56,2,2,2,2,1,1,63,0,0,1,0,1,1,3,0,13.3,10.2,38.4,30.7,158.5,157,102,98.5,5.2,5.9,3.86,4.02,0,0,0,0,0,0,1,1
57,2,2,2,2,1,1,50,0,0,1,0,1,1,4,0,13.9,3.76,61.6,25.2,170.5,114,101.5,81.5,5,5.5,5.45,6.42,1,1,0,0,0,0,1,0
58,2,2,2,2,1,1,59,0,0,1,0,1,1,4,0,34.1,32.7,83.4,81.3,207.5,193,105,112,6.9,6.7,3.39,2.52,1,1,0,0,0,0,1,1
59,2,2,2,2,1,1,66,0,0,1,0,1,1,4,0,29.8,11.3,55.8,25.5,164,135.5,89.5,87.5,7.7,6.2,3.39,4.58,1,0,0,0,0,0,1,0
60,2,2,2,2,1,1,48,0,0,1,0,1,1,3,0,12.7,3.92,61.4,28.9,148,125,93.5,83,8.4,8.4,4,2.33,0,0,0,0,0,0,0,0
61,2,2,2,2,1,1,58,0,0,1,0,1,1,2,0,20.5,5.63,62,21.6,169,134,85.5,75.5,7,5.4,1.78,2.08,0,0,0,0,0,0,1,0
62,2,2,2,2,1,1,56,0,0,1,0,1,1,3,0,16.2,13.2,57.9,47.3,180.5,145.5,101,92.5,6.5,6.7,3.59,4.86,0,0,0,0,0,0,0,1
63,2,2,2,2,1,1,71,1,0,1,0,0,1,2,0,15.3,9.91,22.9,10.7,156.5,124,85,80,5.6,6.2,3.55,3.6,0,0,0,0,0,0,0,1
64,2,2,2,2,1,1,49,0,0,1,0,1,1,4,0,14.5,4.28,64.6,28.9,149,107,95.5,80,9.6,6.9,1.92,3.02,1,1,0,0,0,0,0,0
65,2,2,2,2,1,1,57,0,0,1,0,1,1,3,0,10.4,5.92,39,23.6,152.5,134.5,90,92,6,5.4,2.56,2.76,0,0,0,0,0,0,0,0
66,2,2,2,2,1,1,42,0,0,1,0,1,1,3,0,10,3.83,61.6,36.5,157,127,97.5,90.5,15.6,7.9,4.88,3.64,0,0,0,0,0,0,0,1
67,2,2,2,2,1,1,52,0,0,1,0,1,1,3,0,11.8,9.43,51.5,43.3,164,133,99.5,93.5,5.3,6.2,2.79,2.07,0,1,0,0,0,0,1,1
68,2,2,2,2,1,1,60,0,0,1,0,1,1,3,0,12.9,9.32,42.1,31.5,155,149,71.5,79.5,5.7,6.7,4.37,3.73,0,0,0,0,0,0,1,1
69,2,2,2,2,1,1,41,0,0,1,0,1,1,2,1,10.1,0.48,60.3,9.63,164.5,103,100,72,14.8,5.1,2.29,3.09,0,0,0,0,0,0,1,1
70,2,2,2,2,1,1,72,1,0,1,0,1,1,3,0,25.1,13.2,31.4,16.4,152.5,141.5,85,79.5,8.9,5.3,1.71,1.19,0,0,1,1,0,0,1,1
71,3,2,1,1,1,1,69,0,0,1,1,1,1,3,0,26.5,23.7,49.1,47.5,157.5,168.5,102.5,106,9.9,4.7,2.72,4.71,0,1,0,0,0,0,1,1
72,3,2,1,1,1,1,70,1,0,0,0,0,1,3,1,18.8,16.7,34.8,22.2,155.5,144.5,95,90.5,6.6,6.7,1.43,2.28,0,0,0,0,1,1,0,0
73,3,2,1,1,1,1,64,0,0,1,0,1,1,3,0,14.8,8.73,40.4,22.1,157,124,97,77.5,6.3,5.2,2.67,2.54,0,0,0,0,0,0,0,1
74,3,2,1,1,1,1,68,1,0,1,0,0,1,2,1,15.5,15.3,37.2,44.7,165.5,201.5,105.5,117.5,6.1,6.3,1.37,0.46,0,0,0,0,0,0,1,0
75,3,2,1,1,1,1,63,1,0,1,0,1,1,4,0,21.3,14,65.1,37.9,182.5,158.5,107.5,94,6.1,5.2,3.77,1.39,1,0,1,0,0,0,0,1
76,3,2,1,1,1,1,60,0,0,1,0,1,1,2,0,11.2,7.26,37.3,24,154,124.5,103.5,83.5,6,5.5,2.88,4.81,0,0,0,0,0,0,1,0
77,3,2,1,1,1,1,66,1,0,1,0,1,1,2,0,20.9,18.9,41.9,28.1,157.5,152,99,66.5,6.6,7.7,1.81,1.58,0,0,1,1,0,0,1,1
78,3,2,1,1,1,1,53,1,0,1,0,1,1,3,0,49.8,14.9,91.1,46.3,207,140,135,98.5,7.3,6.7,2.11,1.8,0,0,1,1,0,0,1,1
79,3,2,1,1,1,1,67,0,0,1,0,1,1,3,0,15,16.3,33.9,27.3,157.5,136.5,99.5,88.5,5.8,7.3,2.5,3.15,0,0,0,0,0,0,1,0
80,3,2,1,1,1,1,73,1,0,1,0,1,1,2,0,30.3,5.58,57,5.91,166.5,96.5,94,61.5,9.5,6.1,5.1,1.82,0,0,1,1,0,0,0,0
81,3,2,1,1,1,1,60,0,0,1,0,1,1,3,0,11.3,4.49,37.5,14.9,152.5,118,97,80,6.3,6,2.99,2.77,0,0,0,0,0,0,1,1
82,3,2,1,1,1,1,65,0,0,1,0,1,1,4,0,14.5,12.2,33.5,32.3,159.5,157,108,92.5,5.8,5.1,3.16,2.56,1,1,0,0,0,0,1,1
83,3,2,1,1,1,1,63,0,0,1,0,1,1,3,0,23.2,15.4,57.9,40.1,162.5,147.5,95,88,5.2,10,4.36,3.82,0,0,0,0,0,0,1,1
84,3,2,1,1,1,1,43,1,1,0,0,1,1,3,0,21.8,5.18,63.3,29.6,173.5,124.5,116.5,90.5,6.4,5.7,1.61,1.84,0,0,0,0,0,0,0,0
85,3,2,1,1,1,1,45,0,1,0,0,1,1,3,0,15.6,3.48,71.6,30.8,167.5,114.5,101,85,6.3,5.8,4.57,4.14,0,0,0,0,0,0,0,0
86,3,2,1,1,1,1,57,0,0,1,0,1,1,4,0,24,9.66,70.4,34.3,162,117.5,97,82,8.3,5.2,3.45,1.35,1,1,0,0,0,0,1,1
87,3,2,1,1,1,1,40,0,0,1,0,1,1,4,0,11,2.59,70.9,34.7,152,112,106,80.5,6.3,5.8,1.92,1.77,1,1,0,0,0,0,1,1
88,3,2,1,1,1,1,52,1,0,1,0,1,1,3,0,17.4,8.62,57.6,34.6,153,129.5,100.5,90.5,6.2,6.3,4.33,3.88,0,0,0,0,0,0,1,0
89,3,2,1,1,1,1,54,0,0,1,0,1,1,2,1,11.9,2.85,46.9,13.6,152.5,101.5,103,84,6.8,5.8,6.01,5.39,0,0,0,0,0,1,1,1
90,3,2,1,1,1,1,73,0,0,0,0,0,1,3,0,33.3,22.5,54.1,27.3,177.5,126.5,97,77,7.7,6.7,2.62,2.84,0,0,0,0,1,1,0,0
91,3,2,1,1,1,1,72,1,0,0,1,1,1,3,0,17.5,20.2,26.6,32.7,170,152.5,95,97.5,5.5,7.9,2.88,2.9,0,0,0,0,1,1,0,1
92,3,2,1,1,1,1,54,0,0,1,0,1,1,3,0,12.8,8.66,51.7,38.3,176.5,161.5,118.5,102,5.7,5.3,3.26,4.09,0,0,0,0,0,0,1,1
93,3,2,1,1,1,1,58,0,0,1,0,1,1,3,0,12,7.56,43.8,28.9,165,138,102.5,91.5,6.4,5.9,4.17,2.86,0,0,0,0,0,0,1,1
94,3,2,1,1,1,1,71,1,1,1,1,1,1,3,0,16.2,14.4,41.1,33.2,167,154,101,102.5,5.7,6.6,2.46,3.27,0,0,1,1,0,0,0,1
95,3,2,1,1,1,1,66,0,0,1,1,1,1,2,0,21.4,13,45.6,26.7,153,132,97,83,7.1,6.9,3.35,3.04,0,0,0,0,0,0,1,1
96,3,2,1,1,1,1,47,0,0,1,0,1,1,4,0,14.7,10.8,68.8,57.5,153,147,96.5,100,7.7,6.4,3.01,2.36,1,1,0,0,0,0,1,1
97,3,2,1,1,1,1,65,0,0,1,1,1,1,3,0,22.3,18.7,49.9,42.2,152.5,144.5,96,102,7.4,6.7,3.81,4.75,0,0,0,0,0,0,1,0
98,3,2,1,1,1,1,65,0,0,1,0,1,1,2,1,15.7,7.37,37,14.6,155.5,109,94.5,79,9.1,6.1,3.2,1.78,0,0,0,0,0,0,1,1
99,3,2,1,1,1,1,50,0,0,1,0,1,1,3,0,18.8,5.3,70.5,31.9,171,130.5,108.5,92.5,7,5.8,1.59,3.66,0,1,0,0,0,0,1,0
100,3,2,1,1,1,1,65,0,0,1,0,1,1,3,0,22.8,9.06,53.2,23.4,166.5,144,106,84,7.1,6.1,3.66,3.59,0,0,0,0,0,0,1,1
101,3,2,1,1,1,1,53,0,0,1,0,1,1,3,0,19.6,5.89,67.1,28.2,175,117,99.5,73.5,7.9,6.3,2.32,2.46,0,0,0,0,0,0,1,1
102,3,2,1,1,1,1,64,0,0,1,0,1,1,2,0,12.8,8.43,36.6,23.9,167.5,152,109,88.5,6.7,5.8,1.08,1.83,0,0,0,0,0,0,1,1
103,3,2,1,1,1,1,44,1,1,1,0,1,1,3,0,18.2,9.24,62,43.2,158,137,103,97.5,5.8,5.8,2.76,4.05,0,0,0,0,0,0,1,0
104,3,2,1,1,1,1,42,0,0,1,0,1,1,2,1,14.2,2.82,67.5,29.7,184,120,113.5,86,8.4,6.1,1.52,1.45,0,0,0,0,0,0,0,0
105,3,2,1,1,1,1,50,0,0,1,0,1,1,4,0,18.1,3.98,70.4,25.9,164.5,104,104.5,71.5,8.6,9,2.65,4.02,1,1,0,0,0,0,1,1
106,4,1,2,2,2,2,57,0,0,1,0,1,1,2,0,18.3,6.42,58.2,23.2,152.5,115,92,76,7.1,6.6,1.41,4.18,0,0,0,0,0,0,0,0
107,4,1,2,2,2,2,60,0,0,1,1,1,1,4,0,29.4,18.1,74.2,51.7,172.5,140,97,88.5,8.1,5.9,2.15,3.27,1,1,0,0,0,0,1,1
108,4,1,2,2,2,2,63,0,0,1,0,1,1,4,0,26.7,10.5,64.2,27.3,166.5,142.5,84,75,7.1,6.8,2.03,5.12,1,1,0,0,0,0,1,0
109,4,1,2,2,2,2,57,0,0,1,1,1,1,4,0,11.1,9.2,41.1,32.2,155,111.5,97,76.5,6.4,6.8,3.55,1.56,1,1,0,0,0,0,1,0
110,4,1,2,2,2,2,57,1,0,0,0,1,1,4,0,46.2,23.8,91.6,65.5,197,152.5,117,91,7.6,8.2,2.37,3.71,1,1,1,1,0,1,0,0
111,4,1,2,2,2,2,60,1,0,1,0,1,1,4,0,17.7,6.52,40.7,13.4,153,98,105,75.5,7.2,6.5,1.63,3.64,1,1,0,0,0,0,0,0
112,4,1,2,2,2,2,64,1,0,1,0,1,1,3,0,23.5,16.4,54.9,38.3,163.5,143.5,105.5,90,6.7,6.1,1.73,1.88,0,0,0,0,0,0,1,1
113,4,1,2,2,2,2,70,1,0,1,0,1,1,2,0,22.4,13.9,32.2,8.64,151.5,116.5,92.5,76.5,6.3,7,2.3,2.09,0,0,1,0,0,0,0,0
114,4,1,2,2,2,2,61,0,0,1,0,1,1,2,1,13,11.3,44.5,36.7,212.5,154,97,78,5.8,6.9,1.77,4.26,0,0,0,0,0,0,1,1
115,4,1,2,2,2,2,48,1,1,0,1,1,1,3,0,11.4,5.37,46,27.9,150,125.5,93,84.5,6.2,5.9,2.13,2.85,0,0,0,0,0,0,0,1
116,4,1,2,2,2,2,65,0,0,1,0,1,1,3,0,16.6,9.92,43.2,23.9,170,133,113,92,5.8,5.8,2.35,3.56,0,0,0,0,0,0,1,1
117,4,1,2,2,2,2,54,0,0,1,1,1,1,3,0,16.3,10.8,61.2,45.9,192,160.5,119,91,5.8,6,3.82,3.57,0,0,0,0,0,0,1,1
118,4,1,2,2,2,2,65,1,0,1,0,1,1,3,0,39.3,20,64.6,31.7,176.5,140.5,106.5,90.5,8,6.9,3.74,2.78,0,1,0,0,0,0,1,1
119,4,1,2,2,2,2,62,0,0,1,1,1,1,3,0,16.8,12.3,48.6,36.9,159.5,147,90.5,88.5,6.1,6.8,6.23,5.12,0,0,0,0,0,0,0,1
120,4,1,2,2,2,2,51,0,0,0,0,1,1,3,0,26.5,11.8,80.8,52,196.5,154.5,104,88,16,18.5,4.29,2.53,0,0,0,0,1,1,1,1
121,4,1,2,2,2,2,56,0,0,1,0,1,1,3,0,19,15.2,62,53.1,166.5,151.5,90,83,18.3,7.9,3.22,3.22,0,0,0,0,0,0,0,0
122,4,1,2,2,2,2,64,0,0,1,0,1,1,3,0,11.6,8.66,32.2,24.1,156.5,147,95,90,5.2,5.7,2.31,1.73,0,0,0,0,0,0,1,0
123,4,1,2,2,2,2,59,1,0,1,0,1,1,3,0,20.8,12.3,54.1,34.4,175,158.5,107,98,5.5,5.4,1.87,1.41,0,0,1,1,1,1,1,1
124,4,1,2,2,2,2,66,0,0,1,1,1,1,4,0,15.2,13.7,36.3,30.9,153.5,140,85.5,81.5,6.4,5.7,5.11,2.99,1,1,0,0,0,0,0,1
125,4,1,2,2,2,2,59,0,0,1,1,1,1,3,0,14,9.85,47,31,170,122,99.5,73,6,6.9,3.82,3.73,0,0,0,0,0,0,0,0
126,4,1,2,2,2,2,68,1,0,1,1,1,1,2,1,14.7,14.3,17.9,19.2,152.5,134,97,82,4.9,4.7,1.46,1.88,0,0,0,0,0,1,1,1
127,4,1,2,2,2,2,69,1,0,1,1,1,1,3,0,14.7,6.79,30.6,10.2,155.5,110,97.5,78.5,5.7,6.6,1.82,3.66,0,0,1,1,0,0,1,1
128,4,1,2,2,2,2,63,1,0,1,1,1,1,2,1,20.9,7.6,44.5,15.8,151,123.5,88,78,6.8,5.9,2.13,1.15,0,0,1,1,0,0,1,1
129,4,1,2,2,2,2,52,1,0,1,1,1,1,4,0,20.9,12.5,62.6,44.7,161,152.5,88,92,6.1,6.1,2.5,2.17,1,1,1,1,0,0,1,0
130,4,1,2,2,2,2,68,1,0,1,0,1,1,2,0,20.5,21.9,37.4,33.8,155,142.5,84.5,78.5,6.9,6.8,3.25,3.81,0,0,0,1,0,0,0,0
131,4,1,2,2,2,2,61,1,0,1,0,1,1,3,0,13.9,6.3,44.4,18.4,168,131.5,92.5,79,6.3,5.9,1.97,3.35,0,1,0,0,0,0,1,1
132,4,1,2,2,2,2,58,0,0,0,0,1,1,4,0,23.1,13.5,67.2,44.5,158,133,98,87.5,8,10.4,4.68,3.74,1,1,0,0,0,0,0,0
133,4,1,2,2,2,2,60,1,0,1,1,1,1,3,0,16,11.1,41.1,30.3,151.5,140.5,89,86,5.6,5.9,1.99,2.4,0,0,0,0,0,0,1,1
134,4,1,2,2,2,2,55,1,0,1,0,0,1,2,1,31.5,14,78,46,190.5,160,117,93.5,6.2,5.8,2.63,1.4,0,0,1,1,0,0,1,1
135,4,1,2,2,2,2,71,0,0,0,0,1,1,2,0,22.1,13,36.9,12.7,152.5,106.5,97,71,7.4,7.7,4.55,4.23,0,0,0,0,0,1,0,0
136,4,1,2,2,2,2,54,1,0,1,0,1,1,4,0,27.8,5.6,70.5,22.7,152.5,117,97,73,7.2,5.8,2.91,1.29,1,1,1,0,0,0,1,1
137,4,1,2,2,2,2,64,0,0,0,0,1,1,4,0,17.4,12.2,47.6,27.1,168.5,114,102.5,78,5.9,7.4,3.28,2.56,1,1,0,0,0,0,0,0
138,4,1,2,2,2,2,62,1,1,1,0,1,1,3,0,25.6,5.38,59.3,14.1,157.5,113.5,91,73.5,7.1,6.7,1.9,1.08,0,0,0,0,0,0,1,0
139,5,1,1,2,1,2,51,0,0,1,1,1,1,3,0,17.4,8.18,67,41.4,160,130.5,96.5,86,6.5,10.6,3.61,1.88,0,0,0,0,0,0,1,1
140,5,1,1,2,1,2,62,0,0,1,0,1,1,4,0,16.4,15.2,48.8,40,163.5,129.5,77,68.5,5.3,6,4.95,2.7,1,1,0,0,0,0,1,0
141,5,1,1,2,1,2,63,1,0,1,0,1,1,3,0,16.3,14.7,42.7,33.8,145,132,85,80,5.9,5.9,3.3,3.23,0,0,0,0,0,0,1,0
142,5,1,1,2,1,2,54,1,0,1,1,1,1,3,0,15.4,3.75,52.1,16.4,158.5,109.5,97.5,81.5,5.1,5.4,3.55,3.9,0,0,0,0,0,0,1,1
143,5,1,1,2,1,2,69,1,0,1,0,1,1,2,1,22.2,14.2,36.2,15.6,177,129.5,86.5,71,6.3,5.4,2.97,3.23,0,0,0,0,0,0,1,1
144,5,1,1,2,1,2,44,0,0,1,0,1,1,4,0,15.1,5.76,74.3,45.1,156.5,129,98.5,85,6.5,5.6,3.33,3.05,1,1,0,0,0,0,1,1
145,5,1,1,2,1,2,60,0,0,0,1,1,1,3,0,23.8,11.4,64.9,34.2,166,123,87,77.5,15.1,7.8,3.18,3.4,0,0,0,0,0,1,1,1
146,5,1,1,2,1,2,54,1,0,1,1,1,1,2,0,22.3,17.5,61.4,51.4,177.5,162.5,110,105.5,5.1,5.5,2.59,3.7,0,0,1,1,0,0,1,1
147,5,1,1,2,1,2,60,1,0,1,0,1,1,2,0,35,12,85.3,31.2,216.5,124.5,125,82.5,6.2,6.7,3.43,3.31,0,0,0,0,0,0,1,0
148,5,1,1,2,1,2,52,0,0,1,0,1,1,3,0,11,4.44,49.5,24.7,158,124,94.5,87,4.8,5.6,3.89,3.21,0,0,0,0,0,0,1,1
149,5,1,1,2,1,2,56,0,1,1,1,1,1,2,0,18,13.5,59.3,48,154.5,140,79.5,80,10,6.8,3.34,3.03,0,0,0,0,0,0,0,0
150,5,1,1,2,1,2,54,0,0,1,0,1,1,3,0,22,15.4,71.2,56.8,170,165.5,98.5,104,11.2,8.3,4.29,3.82,0,0,0,0,0,0,1,1
151,5,1,1,2,1,2,57,1,0,1,0,1,1,3,0,18.6,11.3,52,34.2,150.5,134.5,84.5,91,6.2,6.2,3.24,4.09,0,0,0,0,0,0,1,0
152,5,1,1,2,1,2,57,0,0,0,0,1,1,3,0,19.6,8.39,61,30.1,151,110,78,69.5,9.6,14,3.01,4.61,0,0,0,0,0,0,0,1
153,5,1,1,2,1,2,59,0,0,0,0,1,1,2,0,21.3,7.58,60.8,23.3,157,122,87.5,74,9.2,4.3,2.89,2.55,0,0,0,0,1,0,1,0
154,5,1,1,2,1,2,48,0,0,1,0,1,1,3,0,10.1,4.5,51.6,29.1,167,143,95,93.5,6.2,6.2,1.74,1.88,0,0,0,0,0,0,1,1
155,5,1,1,2,1,2,58,0,0,1,0,1,1,4,0,16.4,9.28,55.5,34.6,163,138.5,87,81.5,5.8,5,5.25,3.04,1,1,0,0,0,0,1,1
156,5,1,1,2,1,2,66,1,0,1,1,0,1,3,0,16,6.91,49.6,19.1,164.5,123.5,85,79.5,5.3,5.2,2.58,2.39,0,1,0,1,1,1,1,1
157,5,1,1,2,1,2,50,0,0,1,0,1,1,4,0,12.5,11.1,58.1,53.8,166,144.5,96,99,5.5,6.4,3.07,3.65,1,1,0,0,0,0,1,1
158,5,1,1,2,1,2,52,0,0,1,0,1,1,4,0,29.4,22.8,84.7,76.3,181,167.5,103.5,105.5,10.6,9.6,1.87,3.23,1,1,0,0,0,0,0,0
159,5,1,1,2,1,2,52,1,0,1,0,1,1,2,0,12.2,5.63,44,22.8,151.5,118,82,75.5,5.1,5.7,1.51,1.27,0,0,0,1,0,0,1,1
160,5,1,1,2,1,2,63,1,0,1,0,1,1,3,0,18,9.67,38.4,18.5,158,124,87,78.5,5.6,5.6,3.32,4.53,0,0,0,0,0,0,0,1
161,5,1,1,2,1,2,58,1,0,1,0,1,1,2,1,12.6,20,36.6,54.7,142,140.5,74,88.5,12.9,6.3,1.45,3.6,0,0,0,1,0,0,0,1
162,5,1,1,2,1,2,54,0,0,1,0,1,1,3,0,15.6,7.37,59.9,34.8,175.5,137.5,109.5,87,5.3,4.7,4.93,3.12,0,0,0,0,0,0,1,1
163,5,1,1,2,1,2,63,1,0,1,0,1,1,2,0,20.3,9.04,39,18.8,157,144,82.5,84,7.6,5.1,1.51,0.63,0,0,0,0,0,0,1,0
164,5,1,1,2,1,2,65,0,0,0,0,1,1,3,0,24,22.1,63.3,49,203,146.5,103,86.5,6.4,7.3,3.12,3.64,0,1,0,0,0,0,1,1
165,5,1,1,2,1,2,56,0,0,1,0,1,1,3,0,12.1,6.05,46.4,25.8,170,129.5,112,90.5,4.5,6.4,3.36,2.66,0,0,0,0,0,0,1,1
166,5,1,1,2,1,2,60,0,0,1,0,1,1,2,0,10.1,4.92,32.2,15.9,152,132,87.5,77,5.4,5.6,3.2,3.09,0,0,0,0,0,0,1,1
167,5,1,1,2,1,2,63,1,0,1,0,0,1,3,0,14.2,12.1,44.7,37.1,156,143,105.5,96,5.2,5.2,1.73,1.88,0,0,1,1,0,0,1,1
168,5,1,1,2,1,2,50,0,0,1,0,1,1,2,0,10,5.47,49.2,31.7,163,142,86.5,98.5,6,5.8,3.61,4.08,0,0,0,0,0,0,1,1
169,5,1,1,2,1,2,54,0,0,1,0,1,1,3,0,11.7,8.53,47.9,37.1,149.5,127.5,77,81,5.6,5.8,3.47,2.33,0,0,0,0,0,0,1,1
170,5,1,1,2,1,2,65,0,0,0,1,0,1,4,0,31.8,,76.7,,208,,105.5,,5.8,,4.06,,1,,0,,0,,0,
171,5,1,1,2,1,2,59,0,0,1,0,1,1,2,0,12,7.75,41.4,25.7,155,131,87,86,4.4,5.7,2.88,3.84,0,0,0,0,0,0,1,1
172,5,1,1,2,1,2,59,1,1,1,0,1,1,2,0,11.6,12,36.5,33.4,150.5,133.5,82.5,97.5,5.4,4.9,2.03,3.27,0,0,1,1,1,1,1,1
173,5,1,1,2,1,2,56,0,0,0,0,1,1,3,0,10.5,6.12,41,25.6,168.5,136.5,86,83,6.6,5.6,2.03,1.35,0,0,0,0,0,0,1,0
174,6,1,2,1,2,1,59,1,0,1,0,0,1,4,0,17.8,8.84,53.2,28.2,156,123,92.5,77.5,5.3,6.8,2.8,4.23,1,1,0,0,0,0,1,1
175,6,1,2,1,2,1,67,1,0,1,0,1,1,4,0,18.9,12.3,32.7,20.8,150.5,140,87,91,6.8,6.3,3.17,3.27,1,1,0,0,0,1,0,1
176,6,1,2,1,2,1,61,0,0,1,0,1,1,3,0,20.6,12.6,62.6,40.2,188.5,150,90,93.5,5.8,6.1,3.49,2.55,0,1,0,0,0,0,1,1
177,6,1,2,1,2,1,59,1,0,1,0,1,1,4,0,24.6,12.2,54.5,32.2,152.5,139,89,83.5,7,5.6,3.07,3.73,1,1,0,0,0,0,0,0
178,6,1,2,1,2,1,71,1,0,0,0,1,1,2,0,33.4,19,43.5,18.4,172,140,90,82,9.2,9.6,5.28,2.2,0,0,0,0,1,1,0,0
179,6,1,2,1,2,1,65,0,0,1,1,1,1,3,0,34.4,21.5,74.8,50.3,191.5,163,98,87.5,10.5,16.9,3.7,2.93,0,0,0,0,0,0,1,0
180,6,1,2,1,2,1,70,0,0,1,1,1,1,2,0,32.4,15.8,51.5,35.3,171.5,179.5,74.5,84.5,7.2,6.3,3.91,2.55,0,0,0,0,0,0,0,1
181,6,1,2,1,2,1,66,1,1,1,0,1,1,2,0,14.7,10,27.3,13.7,153.5,141,96.5,87,6.1,5.4,2.17,1.55,0,0,0,0,0,0,0,1
182,6,1,2,1,2,1,58,0,0,0,0,1,1,3,0,14.7,10.6,48.6,35.7,147,130,81,88,9.7,9.6,2.97,2.35,0,0,0,0,0,1,0,0
183,6,1,2,1,2,1,60,1,0,1,0,1,1,3,0,11.6,9.72,31.6,31.6,145,142,98,94.5,8.4,6.3,1.97,2.71,0,0,0,0,0,0,1,1
184,6,1,2,1,2,1,65,0,0,1,0,1,1,2,0,20.4,10,53.2,24.7,179,134,94,84.5,5.6,5.2,2.58,3.5,0,0,0,0,0,0,0,0
185,6,1,2,1,2,1,57,1,0,0,0,1,1,4,0,26.3,10.2,68.6,35.1,157.5,131,97.5,87,8.1,6.6,4.18,4.1,1,1,0,0,1,1,1,1
186,6,1,2,1,2,1,65,0,0,1,0,1,1,2,0,17.1,7.71,44.8,18.4,167.5,125.5,85,83.5,6.6,5.6,3.73,2.66,0,0,0,0,0,0,0,0
187,6,1,2,1,2,1,55,0,0,1,0,1,1,4,0,27.5,7.91,79.1,34.5,162.5,130.5,102,94,10.4,6.2,3.35,2.67,1,1,0,0,0,0,0,1
188,6,1,2,1,2,1,70,0,0,0,0,1,1,3,0,19.5,9.7,35.6,15.1,150.5,119.5,93.5,82,6.2,6.4,2.07,2.31,0,0,0,0,0,1,0,0
189,6,1,2,1,2,1,58,0,0,1,0,1,1,4,0,28.3,12.2,80.2,43.9,203.5,147.5,108,93,6.2,5.4,2.76,2.09,1,1,0,0,0,0,1,1
190,6,1,2,1,2,1,66,1,0,1,0,1,1,3,0,14.3,13.3,34.4,22.9,150.5,129.5,85.5,88,10.2,7.1,2.34,3.57,0,0,0,0,0,0,0,0
191,6,1,2,1,2,1,52,0,0,1,0,1,1,4,0,19.9,11.4,71.3,50.5,152.5,135,104,91.5,12.3,9,2.59,3.38,1,1,0,0,0,0,0,1
192,6,1,2,1,2,1,60,0,0,1,0,1,1,4,0,24.1,15.2,64.6,44.3,152,129.5,80,85.5,6.8,5.7,2.87,2.15,1,1,0,0,0,0,1,1
193,6,1,2,1,2,1,64,1,0,1,0,1,1,2,0,19.7,14.4,46.8,32.6,176.5,152,108.5,97.5,6.1,5.4,2.14,3.17,0,0,1,1,0,1,0,1
194,6,1,2,1,2,1,62,0,0,1,0,0,1,4,0,13.7,8.68,40.4,25.1,147,128,79.5,74,6.8,5.6,3.96,3.73,1,1,0,0,0,0,1,1
195,6,1,2,1,2,1,71,0,0,0,1,1,1,2,0,15.9,10.6,29.1,17.7,153,137.5,81.5,78,5.6,5.2,4.16,3.63,0,0,0,0,0,0,0,0
196,6,1,2,1,2,1,57,0,0,0,0,1,1,3,0,34.8,7.08,86.1,28.4,192,136,102,89.5,7.6,5.5,5.79,4.32,0,0,0,0,0,0,0,0
197,6,1,2,1,2,1,67,0,0,1,0,1,1,3,0,27.2,10.9,52.6,23,150,135,94.5,86.5,7.3,6.6,3.06,3.4,0,0,0,0,0,0,1,0
198,6,1,2,1,2,1,58,0,0,0,0,1,1,2,0,11.4,4.2,41.6,16.3,153,125,88,79.5,6.5,6.4,3.65,2.79,0,0,0,0,0,0,0,0
199,6,1,2,1,2,1,66,0,0,0,0,1,1,4,0,22.1,16.1,54.6,40.7,181,169.5,79,87.5,6.5,6.6,3.25,3.73,1,1,0,0,1,1,0,1
200,6,1,2,1,2,1,68,0,0,1,0,1,1,3,0,32.5,12.4,63,22.4,169,144,84.5,81,8.9,6.1,4.31,3.73,0,0,0,0,1,0,1,0
201,6,1,2,1,2,1,63,0,0,1,0,1,1,3,0,25.8,11.7,61.1,33.4,151,145.5,82,83.5,7.2,6.2,3.94,3.89,0,0,0,0,0,0,0,0
202,6,1,2,1,2,1,64,0,0,0,0,1,1,3,0,16.6,12.2,44,35,153,165,87,95,6.1,5.6,4.43,2.09,0,0,0,0,1,1,0,0
203,6,1,2,1,2,1,62,0,0,0,0,1,1,3,0,10.6,10.5,29.6,31.3,149.5,140,87,87,5.2,4.8,3.72,3.27,0,0,0,0,0,0,0,0
204,6,1,2,1,2,1,60,0,0,1,0,1,1,3,0,14.1,7.03,45.5,23.9,154.5,133.5,108.5,87,6.1,6.5,5.12,3.17,0,0,0,0,0,0,1,0
205,6,1,2,1,2,1,63,0,0,1,0,1,1,2,0,15.2,10.8,35.5,25,141,128.5,89.5,71.5,15.4,14.9,3.87,3.08,0,0,0,0,0,0,1,0
206,6,1,2,1,2,1,71,0,0,1,0,1,1,3,0,31.5,13.6,53,24.7,160,150.5,80,83,8.9,6.6,4.24,3.48,0,0,0,0,0,0,1,0
207,6,1,2,1,2,1,61,1,1,1,0,1,1,3,0,23.1,15.6,48.2,33.3,151,150,95.5,92,8.6,6.9,4.84,3.03,0,0,0,1,0,0,1,1
208,6,1,2,1,2,1,58,0,0,0,0,1,1,3,0,13.7,10.3,48,38.1,152.5,146,93,94.5,6.3,5,3.64,5.44,0,0,0,0,1,0,0,0
209,6,1,2,1,2,1,62,0,0,1,0,1,1,3,0,12.6,6.3,37.5,17,150,125.5,84,80.5,5.6,5.4,2.36,3.46,0,0,0,0,0,0,1,1
210,7,2,1,1,1,1,70,0,0,0,1,0,1,4,0,21.4,22.4,44.8,37.5,173,142,92,82,6.6,7.1,3.84,3.64,1,1,0,0,1,1,1,1
211,7,2,1,1,1,1,50,0,1,0,0,1,1,3,0,10.5,9.41,50.5,47.1,162.5,141,95.5,87,6.9,6,3.87,2.71,0,0,0,0,0,0,0,0
212,7,2,1,1,1,1,56,0,0,1,0,1,1,3,0,12.8,7.05,49.1,29.6,165.5,136,101,89,6,5.7,3.62,4.11,0,1,0,0,0,0,1,0
213,7,2,1,1,1,1,75,1,0,1,0,1,1,2,0,12.7,9.35,17.3,8.06,154.5,120,93,72.5,5.7,5.7,1.97,2.69,0,0,0,0,0,0,1,0
214,7,2,1,1,1,1,62,1,1,1,0,1,1,2,0,34.1,8.84,77.6,22.7,166,121.5,75.5,77,9.6,5.9,3.46,4.2,0,0,1,1,0,1,1,1
215,7,2,1,1,1,1,63,1,0,1,0,1,1,3,0,25.1,17.4,57.1,39.3,150.5,131,92.5,70.5,8.5,8.4,3.43,4,0,0,0,0,0,0,0,0
216,7,2,1,1,1,1,50,0,0,1,0,1,1,4,0,22.2,7.23,78.8,40.2,194,125.5,104,74,11.3,10.7,3.72,4.16,1,1,0,0,0,0,1,0
217,7,2,1,1,1,1,43,1,0,1,0,0,1,4,1,17.7,7.87,58.8,37,161.5,138.5,109.5,96.5,6.2,6.4,3.9,3.36,1,0,0,0,0,0,0,0
218,7,2,1,1,1,1,51,1,0,1,0,1,1,3,0,25,8.37,66.8,31.8,154,121.5,93,65,6.8,7,3.86,3.8,0,0,1,1,0,0,1,1
219,7,2,1,1,1,1,49,1,0,1,0,1,1,3,0,23.8,10.3,68.1,40.8,161,136.5,96.5,94,6,5.9,3.16,3.27,0,0,1,1,0,0,1,1
220,7,2,1,1,1,1,47,1,1,0,0,1,1,3,0,16.8,13.2,57.8,51.4,161,150,95.5,97,6.7,5.8,2.17,2.92,0,0,0,0,0,0,0,0
221,7,2,1,1,1,1,42,1,0,1,0,1,1,3,0,31.1,10.3,76.9,46.8,166,129,94,95.5,7.2,8.1,2.43,3.07,0,0,0,0,0,0,1,0
222,7,2,1,1,1,1,65,0,0,1,0,1,1,3,0,24.8,16.3,54.5,35.8,154.5,137,100,88,8.1,7.1,4.07,3.57,0,0,0,0,0,0,1,0
223,7,2,1,1,1,1,68,1,0,1,0,1,1,4,0,18,20.2,30.3,28,155.5,140.5,95.5,84.5,5.4,9.4,3.25,4.3,1,1,0,0,0,0,1,1
224,7,2,1,1,1,1,66,1,0,1,0,1,1,3,0,24.3,19.8,59.8,52.9,161.5,167,87.5,83.5,7,6.7,1.8,1.62,0,0,0,1,0,0,1,0
225,7,2,1,1,1,1,57,1,0,1,0,1,1,4,0,17.7,9.31,47.6,27.2,151,130,96.5,85,5.2,6.2,3.48,3.41,1,1,0,0,0,1,1,1
226,7,2,1,1,1,1,49,1,0,1,0,1,1,4,0,19,13.9,63.6,50.1,151,139.5,100.5,94.5,6.8,7.1,4.49,3.57,1,1,0,0,0,0,1,1
227,7,2,1,1,1,1,56,0,0,1,0,1,1,4,0,22.9,8.67,70.1,35.7,160,145,81,76.5,7.5,5.6,3.59,3.39,1,1,0,0,0,0,1,0
228,7,2,1,1,1,1,50,0,0,1,0,1,1,4,0,11.7,9.8,55.6,50.3,165.5,132,87.5,75.5,4.9,7.6,3.86,4.39,1,1,0,0,0,0,1,1
229,7,2,1,1,1,1,67,1,0,1,0,1,1,3,0,30.9,13,53,13,162.5,106.5,97,67.5,6.3,6.8,2.03,3.54,0,0,1,1,0,0,1,0
230,7,2,1,1,1,1,67,0,0,0,0,1,1,2,0,13.1,7.94,31.2,17,163,135.5,74.5,66,5.8,6.4,2.25,2.07,0,0,0,0,1,1,1,0
231,7,2,1,1,1,1,57,0,0,1,0,1,1,3,0,11.7,9.14,44.1,35.9,150.5,152,89.5,85.5,5.5,6,1.7,2.4,0,0,0,0,0,0,1,1
232,7,2,1,1,1,1,63,1,0,1,0,1,1,2,0,13.7,10.5,34.9,18.8,164.5,117.5,89,59.5,5.7,7.2,1.23,1.98,0,0,1,1,0,0,0,0
233,7,2,1,1,1,1,68,1,0,1,0,1,1,2,0,17.4,13.5,49.9,29.4,170,153,88.5,68.5,5.3,5.9,1.93,3.27,0,0,1,1,0,0,0,0
234,7,2,1,1,1,1,40,1,1,1,0,1,1,4,0,31.4,7.62,72.5,41.6,164.5,149.5,116.5,104,6.3,6.1,1.93,1.88,1,1,1,1,0,0,1,1
235,7,2,1,1,1,1,67,0,0,1,0,1,1,3,0,15.8,8.01,37.2,15.5,162.5,118,94.5,70,5.6,6.9,3.85,4.25,0,0,0,0,0,0,1,1
236,7,2,1,1,1,1,48,1,0,1,0,1,0,4,0,11.6,4.16,49.1,24.7,161.5,128.5,95.5,79.5,5,5.8,2.73,2.88,1,1,1,1,0,0,1,1
237,7,2,1,1,1,1,63,1,0,1,0,1,1,2,0,21.3,13.4,50.4,32.9,152.5,138.5,100.5,93,8.2,7.1,1.92,1.45,0,0,0,0,0,1,1,1
238,7,2,1,1,1,1,44,0,1,0,0,1,1,4,0,17.2,7.7,79.1,55.2,157.5,130,92.5,85.5,6.7,13.2,2.17,2.07,1,1,0,0,0,0,0,1
239,7,2,1,1,1,1,48,0,0,1,0,1,1,2,0,11.1,4.25,54.8,27.8,174.5,143.5,102.5,85,5.9,6.2,2.86,2.48,0,0,0,0,0,0,1,1
240,7,2,1,1,1,1,45,0,0,1,0,1,1,4,0,10.2,5.88,56.5,41.7,170.5,148,103.5,96.5,5.2,5.9,3.84,3.27,1,1,0,0,0,0,1,1
241,7,2,1,1,1,1,51,1,0,1,0,1,1,4,0,11.7,9.1,43.9,36.4,153,140,103.5,92.5,4.5,6.3,2.05,2.71,1,1,0,0,0,0,1,1
242,7,2,1,1,1,1,42,1,0,1,0,1,1,3,0,14.1,8.15,55.3,36.4,147.5,126,92.5,79.5,5.7,5.1,2.43,1.82,0,0,0,0,0,0,1,0
243,7,2,1,1,1,1,51,1,0,1,0,1,1,4,0,11.2,7.07,44.4,32.2,153,138.5,87,83,6.2,6.3,2.19,2.71,1,1,0,0,0,1,1,1
244,7,2,1,1,1,1,44,0,0,1,0,1,1,2,0,12.1,4.29,63.6,36.3,163,124,107.5,75.5,8.1,5.7,1.4,2.06,0,0,0,0,0,0,1,1
245,7,2,1,1,1,1,47,1,1,1,0,1,1,4,0,18.7,14.6,58.9,50,144.5,140,98,86.5,7.6,9.2,2.33,2.93,1,1,1,1,0,1,1,1
246,7,2,1,1,1,1,53,1,0,1,0,1,1,3,0,24.1,6.77,69,29.4,179,138.5,110,94,6,6.1,2.89,4.04,0,0,0,0,0,0,1,1
247,8,2,2,2,2,1,63,1,0,1,0,1,1,3,0,31.3,25.2,75.3,62.6,166.5,152,101,90,9,8.3,4.02,4.11,0,1,1,1,0,0,1,0
248,8,2,2,2,2,1,64,1,0,1,0,1,1,4,0,12.8,10.9,35.3,29.6,145.5,138.5,96.5,94,5.6,6.4,3.17,3.38,1,1,0,0,0,0,1,0
249,8,2,2,2,2,1,64,0,0,1,0,1,1,4,0,15.1,14.7,39.9,40.6,148,159,90,85.5,5.8,6.1,5.48,3.42,1,1,0,0,0,0,1,0
250,8,2,2,2,2,1,54,0,0,0,0,1,1,4,0,22.9,8.42,75.4,37.9,196.5,144.5,106.5,87.5,6.7,5.6,4.17,3.08,1,1,0,0,0,0,0,1
251,8,2,2,2,2,1,68,1,0,1,0,1,1,3,0,26.7,13.4,60.2,23.2,177,125.5,95,77,8.6,10.6,3.8,2.68,0,0,0,0,0,0,1,0
252,8,2,2,2,2,1,56,0,0,1,0,1,1,4,0,43.9,17.7,93.7,59.6,198.5,141,105,79,8.1,10.5,4.53,4.06,1,1,0,0,0,0,1,0
253,8,2,2,2,2,1,62,1,1,1,0,1,1,2,1,21.2,13,39.2,22.6,150.5,125,79,78.5,7.1,9.3,2.98,2.79,0,0,1,1,0,0,1,1
254,8,2,2,2,2,1,70,0,0,0,1,0,1,3,0,18.8,13.8,39.3,25.7,167,142.5,84,85.5,5.1,6,2.99,4.24,0,0,0,0,1,1,0,1
255,8,2,2,2,2,1,44,0,0,1,0,1,1,4,0,15.3,4.14,66.2,33.5,208.5,143,131,97.5,4.9,5.4,4.59,3.36,1,1,0,0,0,0,1,1
256,8,2,2,2,2,1,56,1,0,1,0,1,1,3,0,16.1,8.08,52.1,29.4,154,141.5,97,88.5,5.2,5.2,3.13,3.5,0,0,0,0,0,0,1,1
257,8,2,2,2,2,1,64,1,1,0,0,1,1,3,0,17.5,12.4,50,33.4,172.5,147.5,100,93.5,5.6,5.7,1.97,2.24,0,0,0,0,0,0,1,0
258,8,2,2,2,2,1,72,1,0,1,0,1,1,4,0,17.2,12.4,40.3,16.2,180.5,124.5,97.5,82,5.1,7.3,2.27,1.85,1,1,0,0,0,0,0,1
259,8,2,2,2,2,1,66,0,0,1,0,1,1,3,0,15.3,13.8,36.9,25.4,155,137.5,85.5,84,5.1,5.7,5.45,1.63,0,0,0,0,0,0,1,1
260,8,2,2,2,2,1,60,1,0,1,0,1,1,4,0,17.6,6.91,57.9,20.2,163,122,102.5,85.5,6.7,7.2,6.1,2.67,1,1,1,1,0,0,1,1
261,8,2,2,2,2,1,57,0,0,1,0,1,1,3,0,14.4,7.48,51.2,29.2,183.5,143.5,96,90.5,5.6,5.4,4.5,3.64,0,0,0,0,0,0,1,0
262,8,2,2,2,2,1,63,1,0,1,0,1,1,3,0,26.7,16.3,61.2,38.6,172,154,104,96.5,6.8,6.7,5.2,3.19,0,0,1,1,0,0,1,1
263,8,2,2,2,2,1,58,1,0,1,0,1,1,4,0,20.7,7.73,54.1,21.2,163.5,119,96,83,4.3,8.8,4.9,1.49,1,1,0,1,0,0,0,1
264,8,2,2,2,2,1,58,0,0,1,0,1,1,3,0,24.1,10.2,69.5,34.3,167,117.5,111,82.5,5.7,8.4,3.32,2.89,0,0,0,0,0,0,1,0
265,8,2,2,2,2,1,47,1,1,0,0,1,1,3,0,24.8,18.7,69,60.9,182.5,159.5,114.5,101,5.8,4.4,2.19,3.45,0,1,0,0,0,0,0,0
266,8,2,2,2,2,1,70,1,0,1,0,0,1,3,0,15.2,14.2,40.5,31.1,155.5,138,79,72.5,5.8,8.2,3.19,3.42,0,1,1,1,0,1,0,1
267,8,2,2,2,2,1,62,0,0,1,0,1,1,3,0,26.3,5.44,72,14.3,197,98,102,64.5,4.9,5.4,7.03,5.77,0,0,0,0,0,0,1,1
268,8,2,2,2,2,1,67,1,1,0,0,1,1,4,0,23.3,13.8,44.6,27.4,174,169.5,95,99,5.6,5.4,4.32,1.5,1,0,0,0,1,0,0,0
269,8,2,2,2,2,1,53,1,0,1,0,1,1,3,0,25.4,20.5,70.6,62.4,173.5,170.5,120,113.5,5.7,6.7,3.33,3.64,0,0,0,0,0,0,1,1
270,8,2,2,2,2,1,60,1,0,1,0,1,1,2,0,17.3,6.7,54.7,22.2,157,132.5,113.5,91.5,5,4.4,2.34,1.86,0,0,1,1,0,0,1,0
271,8,2,2,2,2,1,68,1,0,0,0,1,1,3,0,23.9,16.7,28.4,16.3,152,130.5,87.5,79.5,9.4,24.5,3.02,3.25,0,0,0,0,1,0,1,0
272,8,2,2,2,2,1,55,0,0,1,0,1,1,4,0,21.6,15.3,69.8,55.6,152,144,89.5,91,6.5,5.2,6.02,4.12,1,1,0,0,0,0,1,0
273,8,2,2,2,2,1,67,1,0,1,0,0,1,3,0,25.5,18.8,59.1,53.1,167,196.5,89,112.5,6,5.2,5.3,2.21,0,0,0,0,0,0,1,0
274,8,2,2,2,2,1,44,0,0,1,0,1,1,4,0,10.2,2.14,57.4,22.7,174,116,100,80.5,6.3,6.1,3.82,3.45,1,1,0,0,0,0,1,0
275,8,2,2,2,2,1,40,1,0,1,0,1,0,4,0,55.5,48.3,89.4,85.8,174,169.5,123,109.5,7.1,8.1,4.44,5.58,1,1,1,1,0,0,1,1
276,8,2,2,2,2,1,51,0,0,1,0,1,1,3,0,10.2,1.9,49.1,12.6,164,107.5,83,66.5,4.8,4.8,4.59,2.88,0,0,0,0,0,0,1,0
277,8,2,2,2,2,1,70,0,0,1,0,1,1,3,0,18.5,19.3,36.5,26.6,157,137,89.5,78,6.8,7.7,4.48,4.31,0,0,0,0,0,0,0,0
278,8,2,2,2,2,1,71,1,0,1,0,1,1,2,0,16.3,15.4,27.6,24.3,161.5,159.5,100.5,95.5,5.8,6.1,2.24,1.64,0,0,0,1,0,0,0,1
279,8,2,2,2,2,1,67,1,0,1,0,1,1,3,0,18.7,11.1,34.4,17.1,165.5,137,99,86,5.6,6.1,2.7,1.81,0,0,0,0,0,0,0,0
280,8,2,2,2,2,1,44,0,0,1,0,1,1,3,0,11.1,3.88,61.1,34.7,171,129.5,87.5,87,5.2,4.9,1.72,2.71,0,0,0,0,0,0,1,1
281,8,2,2,2,2,1,42,1,0,0,0,1,1,4,0,15,11.8,56.4,49,159.5,153.5,109,109,5.9,5.6,2.29,4.09,1,1,0,0,0,0,1,1
282,9,1,2,1,2,1,71,1,0,1,1,1,1,3,0,10.4,12.9,25.4,24,160,140,106,81,6.54,4.3,3.07,3.46,0,0,0,1,0,0,1,1
283,9,1,2,1,2,1,46,1,0,0,0,0,1,4,0,17.4,14.1,52.3,46.3,155,149,96,95.5,5.22,5.62,5.13,4.51,1,1,0,1,0,0,0,0
284,9,1,2,1,2,1,71,1,0,1,1,1,1,3,0,11.4,7.5,19.6,10.5,145,124,87,72,5.01,4.6,3.91,2.66,0,0,0,0,0,0,1,0
285,9,1,2,1,2,1,69,1,0,1,1,1,1,4,0,12.5,11,26.1,24.5,149,154,82,81.5,5.4,4.67,3.75,4.04,1,1,0,0,1,0,1,0
286,9,1,2,1,2,1,69,1,0,1,1,0,1,4,0,13.6,10.4,25.5,18.2,149,139,88,84,9.28,6.2,3.09,2.08,1,1,0,0,1,0,1,1
287,9,1,2,1,2,1,61,1,0,1,1,1,1,2,1,16.2,12.3,34.3,23.4,148,134,88,75,10.17,7.6,4.21,3.18,0,0,0,0,0,0,0,1
288,9,1,2,1,2,1,74,0,0,0,1,1,1,2,0,15.9,13.9,19.8,14.6,143,124,72,59,12.3,8.6,4.39,4.58,0,0,0,0,1,1,1,0
289,9,1,2,1,2,1,63,1,1,0,0,0,1,3,0,10.2,9.15,24.8,21,147,130,88,78,16.17,8.02,2.13,2.13,0,0,1,0,0,0,1,0
290,9,1,2,1,2,1,61,0,1,0,0,1,1,2,0,15.2,3.65,44.6,10.5,174,128,96,74,9.59,4.3,7.13,2.14,0,0,0,0,0,0,1,0
291,9,1,2,1,2,1,71,1,0,0,1,1,1,2,1,13.4,14,8.88,10.1,119,123,75.5,69,6.6,6.4,2.84,3.64,0,0,1,1,1,1,1,0
292,9,1,2,1,2,1,72,0,0,1,1,1,1,4,0,13.2,19,17.8,25.2,133,129,75,73,7.13,6.7,3.17,2.78,1,1,0,0,0,0,1,0
293,9,1,2,1,2,1,69,1,0,1,0,1,1,3,0,10.7,8.21,29.9,14.8,165,133,94,77,5.59,5.16,3.9,3.44,0,0,0,0,1,1,1,0
294,9,1,2,1,2,1,65,1,0,1,0,1,1,4,0,10.4,8.65,30.1,23.9,149,137,92,67.5,5.54,5.6,2.91,3.16,1,0,1,1,0,0,1,0
295,9,1,2,1,2,1,71,1,0,1,1,1,1,4,0,14.9,10.5,23,7.99,157,136,92,74,5.46,5.12,4.44,2.76,1,1,0,0,0,0,1,0
296,9,1,2,1,2,1,64,1,1,0,0,1,1,3,0,15.4,9.92,36.8,18.7,135,134,90,78,11.08,7.6,3.69,3.14,0,0,0,0,1,1,1,0
297,9,1,2,1,2,1,67,1,0,0,0,1,1,4,0,11.3,9.11,19.1,14.1,152,136.5,97,83,6.15,5.16,4.03,4.14,1,1,0,0,0,0,1,0
298,9,1,2,1,2,1,54,1,0,0,0,1,1,4,0,15.5,7.4,49.2,27.9,164,134.5,95,87,4.33,4.8,2.92,2.98,1,1,1,1,0,0,1,0
299,9,1,2,1,2,1,70,1,0,1,1,1,1,3,0,10.6,7.77,27.3,17.1,160,134,100,75,5.75,5.2,2.44,2.99,0,0,1,1,0,0,1,1
300,9,1,2,1,2,1,78,0,0,0,1,0,1,2,0,11.7,11.5,6.75,6.4,133,129,74,73,5.6,4.66,4.11,4.08,0,0,0,0,0,1,1,0
301,9,1,2,1,2,1,68,1,0,1,1,1,1,2,1,16.4,11.1,14.3,8.86,135,118,71,69,9.67,7.3,3.32,3.1,0,0,0,0,1,1,1,1
302,9,1,2,1,2,1,70,1,0,1,1,1,1,3,1,12.7,11.5,13.4,14.2,126,119,72,68,12.74,8.6,2.98,4.74,0,0,0,1,0,0,1,0
303,9,1,2,1,2,1,68,1,0,1,1,1,1,4,0,12.8,9.35,19.1,9.74,160,135,97,79,5.02,4.8,4.6,2.73,1,1,0,0,0,0,1,0
304,9,1,2,1,2,1,78,1,0,1,1,1,1,2,1,11.8,11.3,12.9,9.91,138,123,78,72.5,4.99,6.2,5.99,6.16,0,0,1,1,1,1,1,0
305,9,1,2,1,2,1,56,1,0,1,0,1,1,2,0,10.8,9.75,29.9,25.7,166,135,103.5,79,8.6,7.5,3.26,3,0,0,0,0,0,0,1,0
306,9,1,2,1,2,1,79,0,0,1,1,0,1,3,0,13.3,10.5,14.9,8.13,178,141,95,80,5.23,4.6,2.83,4.61,0,0,0,0,0,1,1,0
307,9,1,2,1,2,1,61,1,0,1,0,1,1,3,0,15.6,13.5,41.4,33.8,140,139,84,76,9.84,6.2,4.35,4.08,0,0,1,0,0,1,1,0
308,9,1,2,1,2,1,68,0,0,1,1,1,1,4,0,10.7,7.98,25.2,15,168,126.5,103,68.5,5.64,5.2,5.41,5.54,1,1,0,0,0,1,1,1
309,9,1,2,1,2,1,74,1,1,0,0,1,1,2,0,12.7,8.94,22.6,9.19,162,115,88,69,8.6,5.1,1.92,2.55,0,0,1,1,0,1,0,0
310,9,1,2,1,2,1,73,0,1,0,0,1,1,3,0,20.1,15.6,28.8,19.6,150,134,88,75,7.6,6.3,3.7,2.13,0,0,0,0,1,1,1,0
311,9,1,2,1,2,1,58,1,0,0,0,1,1,2,0,14.9,,39.8,,156,,100,,9,,4.96,,0,,0,,0,,0,
312,9,1,2,1,2,1,85,1,0,0,0,1,1,3,0,11.9,6.61,0,0,159,148.5,103,75,5.74,5.3,5.31,1.32,0,0,1,1,1,1,1,1
313,9,1,2,1,2,1,67,0,0,1,1,1,1,3,0,13.7,7.91,27.7,16.9,146,140,91,80,8.5,5.2,2.49,3.54,0,0,0,0,0,0,1,0
314,9,1,2,1,2,1,63,0,0,1,1,1,1,3,0,10.3,8.52,28.1,21.5,153,131,98,72,11.6,6.4,4.42,3.58,0,0,0,0,0,1,1,1
315,9,1,2,1,2,1,66,1,0,1,1,1,1,3,0,13.6,11,33.9,18.1,159,134,97,75,6.8,5.8,4.97,3.26,0,0,0,0,0,1,1,0
316,9,1,2,1,2,1,65,0,0,0,1,1,1,2,0,12.9,5.12,32.5,11.4,169,119,94,69,7.84,4.6,1.41,3.04,0,0,0,0,0,1,1,0
317,10,2,1,1,1,2,67,1,0,1,1,1,1,3,0,15.3,13.2,29.4,21.1,176.5,150.5,107.5,98,5.7,6.3,4.15,3.11,0,0,0,0,0,0,1,1
318,10,2,1,1,1,2,58,0,0,1,0,1,1,3,0,16.9,7.91,55.1,27.3,204,138.5,102,85.5,8.7,6.2,3.97,3.12,0,0,0,0,0,0,0,1
319,10,2,1,1,1,2,72,0,0,1,1,1,1,3,0,13.8,12.6,18.4,15.5,131,123,72,72.5,10.2,6.4,4.69,2.98,0,0,0,0,0,0,1,0
320,10,2,1,1,1,2,74,1,0,1,1,1,1,2,1,11.2,13.9,5.82,8.82,147.5,170.5,82.5,80,5.51,4.9,1.76,1.36,0,0,0,0,0,0,1,1
321,10,2,1,1,1,2,69,1,0,1,1,1,1,3,0,12.3,11.4,20.7,17.5,152.5,141,94.5,93,6.9,5.6,3.78,3.31,0,0,1,1,0,0,1,1
322,10,2,1,1,1,2,68,1,0,1,0,1,1,3,0,10.3,9.91,20.4,17.9,163.5,149,98,90.5,6.9,5.3,3.6,3.91,0,0,0,0,0,0,1,1
323,10,2,1,1,1,2,69,1,0,0,0,1,1,4,0,14.2,11.1,36.5,27.4,153,142.5,85,85.5,5.59,5,6.6,6.06,1,1,0,0,1,1,1,1
324,10,2,1,1,1,2,67,1,0,1,0,1,1,2,1,15,10.9,17.8,11.6,158,145,99,85,9.29,6.9,2.99,1.16,0,0,0,0,0,0,1,1
325,10,2,1,1,1,2,76,1,1,0,0,1,1,4,0,20,18.5,11.7,9.85,146.5,140,79.5,85,7.9,6.4,4.49,2.82,1,1,0,0,1,1,1,1
326,10,2,1,1,1,2,68,1,0,0,0,1,1,4,0,13,9.14,20.8,12.4,155,144,106.5,98,4.7,4.9,4.47,0.99,1,1,0,0,1,0,1,1
327,10,2,1,1,1,2,60,0,0,1,0,1,1,3,0,11.3,6.35,35.8,18.6,163,135.5,93.5,80.5,9.3,6.8,7.08,2,0,0,0,0,0,0,1,1
328,10,2,1,1,1,2,78,1,0,1,0,1,1,4,0,12.2,10.8,5.09,3.15,131.5,138.5,83.5,86,6.2,5.8,4.63,1.36,1,0,0,0,1,1,0,0
329,10,2,1,1,1,2,45,1,0,1,0,0,1,4,0,13.3,0.99,47,8.72,163,121.5,94.5,69,6.2,6.8,5.94,2.1,1,1,1,1,0,0,1,1
330,10,2,1,1,1,2,65,0,0,0,0,1,1,4,0,12.1,10.5,26.5,21.6,131,119.5,88,82,10.01,8.7,3.93,2.56,1,1,0,0,1,0,1,1
331,10,2,1,1,1,2,61,1,0,1,0,1,1,4,0,13.8,4.64,32.9,9.88,164.5,117,83,68.5,6.7,5.7,4.66,1.6,1,1,0,0,0,0,1,1
332,10,2,1,1,1,2,71,1,0,1,0,0,1,2,1,10.8,8.82,13.9,7.01,141,126,84.5,75,6.04,5.2,3.53,2.06,0,0,1,1,0,0,1,1
333,10,2,1,1,1,2,58,1,1,0,0,1,1,3,0,12.3,5.42,29.4,12.6,140.5,119.5,89,78.5,7.7,7.2,4.3,1.87,0,0,0,0,1,1,1,1
334,10,2,1,1,1,2,65,1,0,1,0,1,1,3,0,13,11.2,24.3,21.2,137,138,87.5,86,6.9,4.8,6.35,4.27,0,0,1,1,0,0,1,1
335,10,2,1,1,1,2,52,1,0,1,0,1,1,3,0,11.2,5.89,39.5,23.7,164.5,140,90.5,97.5,9.1,4.9,4,2.41,0,0,0,0,0,0,1,1
336,10,2,1,1,1,2,70,1,0,1,0,1,1,2,1,19,18.1,27.5,19.5,161.5,149.5,72.5,65,7.2,6.7,2.77,2.48,0,0,1,0,0,0,1,1
337,10,2,1,1,1,2,63,1,0,1,0,1,1,3,0,10.1,8.52,21.1,16.5,151.5,135,97.5,74,6.7,5.7,3.9,3.03,0,0,0,0,0,0,1,1
338,10,2,1,1,1,2,50,1,0,0,0,1,1,4,0,10,12.6,35.1,39.5,153,147,99,100.5,6.1,10.6,2.89,2.8,1,1,1,1,0,0,1,1
339,10,2,1,1,1,2,57,0,0,1,0,1,1,4,0,10.6,10,37.4,35.5,141,141.5,82,82.5,9.2,9.2,4.43,2.28,1,1,0,0,1,0,1,1
340,10,2,1,1,1,2,67,1,0,1,0,1,1,4,0,13.3,6.2,25.5,7.56,149,115.5,90,72.5,6.6,5.6,3.74,2.7,1,0,1,0,0,0,1,1
341,10,2,1,1,1,2,57,0,0,1,0,1,1,2,0,10.8,5.45,37.9,20,157,117.5,89,75.5,11.2,14.3,2.59,2.26,0,0,0,0,0,0,1,1
342,10,2,1,1,1,2,60,1,0,1,0,1,1,3,0,12.1,8.92,38.8,28.7,151,136,91,79.5,5.74,5.6,3.74,3.64,0,0,0,0,0,0,1,1
343,10,2,1,1,1,2,50,0,0,1,0,1,1,3,0,11.9,3.68,53.8,23.9,149,133.5,90,79.5,9.67,5.8,6.36,6.14,0,0,0,0,0,0,0,0
344,10,2,1,1,1,2,73,0,0,1,0,1,1,2,0,14.2,11.2,21,13.6,153,129,93,77,5.9,5.4,1.85,1.55,0,0,0,0,0,0,0,0
345,10,2,1,1,1,2,56,0,0,1,0,1,1,3,0,10.9,9.16,39.6,34.2,153,144,100,92.5,13.48,11.3,3.65,3.35,0,0,0,0,0,0,1,1
346,10,2,1,1,1,2,65,0,0,1,0,1,1,2,1,13.2,9.53,33.1,21.6,169,139,97,76.5,10.99,8,3.38,3.34,0,0,0,0,0,0,0,0
347,10,2,1,1,1,2,74,1,0,1,1,1,1,3,0,14.2,13.2,6.97,10.5,141,151.5,82,109.5,5.12,4.9,2.93,2.17,0,0,0,0,0,0,1,1
348,10,2,1,1,1,2,69,1,0,0,0,1,1,3,0,15.9,14.3,19.9,15.4,154,137,83,82.5,4.46,6.1,1.58,1.85,0,0,0,0,1,0,1,1
349,10,2,1,1,1,2,64,1,0,1,0,1,1,3,0,11.3,5.45,19.8,10.3,142,122,89,78.5,6.71,6.6,4.01,1.27,0,0,1,1,0,0,1,1
350,10,2,1,1,1,2,75,1,0,1,1,1,1,3,0,15.9,,10.1,,146,,82.5,,9.2,,5.4,,0,,0,,1,,1,
351,10,2,1,1,1,2,76,1,0,1,1,1,1,2,1,12,13,4.32,4.58,139,139,81,78.5,5.51,5.1,2.59,1.54,0,0,0,0,0,0,1,1
352,11,1,1,2,2,1,60,1,0,1,0,1,1,3,0,13.2,2.67,32.5,5.6,174,111.5,99,70.5,5.31,5.2,2.44,2.09,0,0,0,0,1,0,1,0
353,11,1,1,2,2,1,74,1,0,1,0,1,1,2,1,19.2,16.4,11.6,9.14,142.5,135,82,84.5,6.03,6.1,3.37,3.47,0,0,1,1,0,0,1,0
354,11,1,1,2,2,1,67,1,0,1,0,1,1,4,0,14.4,12.1,16.2,16.5,145,139,83,82,14.83,7.12,3.39,3.06,1,0,0,0,0,0,1,0
355,11,1,1,2,2,1,69,1,0,1,0,0,1,2,0,14,9.62,17.4,14,153,136.5,87,78,5.82,5.76,2.92,3.06,0,0,1,1,1,1,1,1
356,11,1,1,2,2,1,65,1,0,1,0,0,1,4,0,10.6,8.42,19,13.2,147,129,88,79,6.1,6.6,4.85,3.17,1,1,0,0,1,0,1,1
357,11,1,1,2,2,1,56,1,0,0,0,1,1,3,0,40.7,4.16,84.6,15.1,184,114,111,79,7.27,6.78,6.64,3.61,0,0,0,0,0,0,0,0
358,11,1,1,2,2,1,66,1,0,1,0,1,1,3,0,13.8,9.14,19.7,10.5,157,134,98,81.5,4.66,5.85,3.1,2.38,0,0,0,0,0,0,1,1
359,11,1,1,2,2,1,37,1,0,1,0,1,1,4,0,15.5,0.65,53.2,10.4,178,119,115,83,4.96,5.47,3.51,2.14,1,1,0,0,0,0,1,1
360,11,1,1,2,2,1,56,0,0,1,0,1,1,3,0,16.3,4.44,54.6,17.6,178,117,104,81,7.17,6.42,4.29,2.99,0,0,0,0,1,0,1,0
361,11,1,1,2,2,1,60,1,0,1,0,1,1,2,0,16.7,3.8,41.1,8.73,185,119,107,77,5.5,5.74,4.44,2.42,0,0,1,1,0,0,1,0
362,11,1,1,2,2,1,51,1,0,1,0,0,1,2,1,11.3,4.2,40.8,17.5,161,117.5,81,78.5,4.95,6.05,4.66,2.98,0,0,1,1,1,0,0,0
363,11,1,1,2,2,1,64,1,0,1,0,0,1,3,0,19.3,17.3,33.5,34.3,165,153.5,82,80.5,12.92,9.3,5.27,5.43,0,0,1,1,0,0,1,1
364,11,1,1,2,2,1,45,1,0,1,0,0,1,3,0,16.1,1.22,56.6,10.3,180,110,105,80,7.85,6.12,3.97,2.07,0,0,0,0,0,0,1,1
365,11,1,1,2,2,1,63,0,0,1,0,1,1,3,0,10.8,7.02,28.2,20.3,159,145.5,91,81.5,5.12,5.11,3.35,2.41,0,0,0,0,0,0,1,0
366,11,1,1,2,2,1,74,1,0,1,0,1,1,2,0,13,8.85,8.68,7.1,145,129,80,77,4.86,4.71,3.26,3.34,0,0,1,1,1,1,1,1
367,11,1,1,2,2,1,67,1,0,1,0,1,1,4,1,12.9,6.91,19.5,10.7,154,121,94,73,5.32,5.75,3.7,3.25,1,0,1,1,1,0,1,0
368,11,1,1,2,2,1,66,0,1,0,0,1,1,2,0,10.7,7.21,24.4,14.5,144,127,86,78.5,6.58,6,5.05,3.24,0,0,0,0,1,0,1,0
369,11,1,1,2,2,1,56,0,0,1,0,1,1,2,0,12.7,4.78,45.2,18.8,174,127,101,81,11.59,9.17,2.26,2.39,0,0,0,0,0,0,1,0
370,11,1,1,2,2,1,67,1,0,1,0,1,1,3,0,10.1,8.42,14.6,10.3,141,108,85,63.5,6.98,6.49,2.79,1.9,0,0,0,1,0,0,1,0
371,11,1,1,2,2,1,68,0,0,1,0,1,1,2,0,12.9,5.22,23.4,9.99,154,129,92,86,4.73,5.4,4.74,3.9,0,0,0,0,0,0,0,0
372,11,1,1,2,2,1,61,0,0,1,0,1,1,2,0,10.9,8.29,33.5,25,178,145,96,85.5,5.98,5.19,3.09,3.2,0,0,0,0,0,0,1,0
373,11,1,1,2,2,1,54,1,1,0,0,1,1,3,0,12.4,2.79,38.2,10.4,165,117,82,75,4.62,5.25,4.61,2.32,0,0,0,0,0,0,0,0
374,11,1,1,2,2,1,49,1,1,0,0,1,1,2,0,12.1,1.93,45.8,11.2,160,114,87,71,8.24,5.12,7.22,2.11,0,0,0,0,0,0,0,0
375,11,1,1,2,2,1,49,1,0,0,0,1,1,3,0,12.7,2.43,45.3,13.1,144,113,94,75,5.32,5.13,6.63,2.81,0,0,0,0,0,0,1,0
376,11,1,1,2,2,1,44,0,0,0,0,1,1,2,0,11.9,1.59,65,15.3,183,117.5,88,80,7.03,5.21,5.63,1.84,0,0,0,0,1,0,1,0
377,11,1,1,2,2,1,68,0,0,0,0,0,1,2,0,13,4.29,30.2,7.78,178,121,107,75,7.2,5.72,2.49,1.58,0,0,0,0,0,0,1,0
378,11,1,1,2,2,1,53,1,1,0,0,1,1,4,0,12,3.55,40.4,13.5,161,119,90,79,5.79,5.87,6.56,2.94,1,1,0,0,0,0,1,1
379,11,1,1,2,2,1,47,1,1,0,0,1,1,2,0,13.4,2.13,50,13,158,119,97,79,4.98,5.76,7.06,2.6,0,0,1,1,0,0,1,1
380,11,1,1,2,2,1,56,0,1,0,0,1,1,2,1,10.6,2.92,38.5,11.4,163,113,84,77,7.96,5.1,6.49,1.86,0,0,0,0,0,0,1,0
381,11,1,1,2,2,1,74,1,0,1,0,1,1,1,1,12.7,13.4,12,8.07,145,136,83,88.5,5.12,5.22,4.36,2.95,0,0,0,0,0,0,1,1
382,11,1,1,2,2,1,44,1,1,0,0,1,1,2,1,12.6,1.49,53.3,12.3,158,116,85,77,8.76,6.37,7.63,2.15,0,0,0,0,0,0,0,1
383,11,1,1,2,2,1,52,1,0,0,0,1,1,3,1,11.9,5.03,39.7,18.9,141,112.5,90,77,5.62,6.07,5.43,3.03,0,0,1,1,0,0,1,0
384,11,1,1,2,2,1,49,1,0,0,0,1,1,2,0,10.6,8.9,40.8,31.8,163,144,104,97,5.2,5.12,5.28,3.11,0,0,1,1,0,0,0,1
385,11,1,1,2,2,1,68,1,0,1,0,1,1,2,1,14.6,6.67,16.5,4.41,135,105.5,95,58,8.86,5.1,4.22,1.68,0,0,0,0,0,0,1,0
386,11,1,1,2,2,1,57,1,0,0,0,1,1,3,0,11.4,6.94,38.7,21.2,163,129,94,83,5.3,5.53,3.81,2.23,0,0,1,0,0,0,1,0
387,12,2,2,2,1,1,66,0,0,1,1,1,1,2,0,16.8,3.86,36.6,6.47,152.5,92.5,82.5,67.5,7.2,6.2,4.97,1.94,0,1,0,0,1,1,1,1
388,12,2,2,2,1,1,76,0,0,1,0,0,1,2,1,16.8,11.1,20,8.55,160,117,82.5,59,7.1,12.1,5,3.86,0,0,0,0,0,1,1,1
389,12,2,2,2,1,1,74,0,0,0,1,1,1,1,1,14.2,10.6,15,8.72,152.5,123.5,85,61.5,9.5,6.7,4.87,3.54,0,0,0,0,1,1,1,1
390,12,2,2,2,1,1,73,1,0,1,0,1,1,2,0,16.7,14.2,20,14.2,160.5,143,86.5,75,7.4,6.6,3.13,3.03,0,0,1,1,0,0,1,1
391,12,2,2,2,1,1,60,0,0,1,0,1,1,2,1,10.6,3.45,34,11.2,180,117.5,95,70,7.1,5.9,5.98,3.66,0,0,0,0,1,0,1,1
392,12,2,2,2,1,1,68,0,0,0,1,0,1,2,0,15.4,7.72,32.9,16.1,166,144,95,89,7.3,6.1,5.12,2.15,0,0,0,0,1,1,1,1
393,12,2,2,2,1,1,71,0,0,0,0,1,1,2,0,10.9,6.6,21.2,10.2,163,130,91.5,80,5.7,5.7,6.04,2.6,0,0,0,0,0,1,1,1
394,12,2,2,2,1,1,57,0,0,1,0,1,1,3,1,10.4,11,37.1,37.3,162.5,126,92.5,84.5,9.5,6.8,4.85,4.15,0,0,0,1,1,1,1,1
395,12,2,2,2,1,1,53,0,0,0,0,1,1,4,0,10.1,4.39,42.9,21.6,166,110.5,92,60.5,10.2,8.9,3.87,4.46,1,1,0,0,0,0,1,1
396,12,2,2,2,1,1,69,0,0,1,0,0,1,3,0,18.4,11,38.6,18.4,176,131.5,72,57.5,7,7.1,4.68,2.77,0,0,0,0,0,1,1,1
397,12,2,2,2,1,1,65,0,0,0,0,1,1,2,0,12,7.14,35.1,17.9,191.5,141.5,92.5,72,6.8,6.1,4.33,4.01,0,0,0,0,0,1,1,1
398,12,2,2,2,1,1,63,0,0,1,0,1,1,2,1,11.8,4.71,31.9,12.8,157.5,128,87.5,70,7.1,6.4,5.94,3.39,0,0,0,0,1,1,1,1
399,12,2,2,2,1,1,66,1,0,1,0,1,1,3,1,10.5,8.17,21.2,18.2,135.5,134,82.5,74.5,7.3,6.1,2.63,3.01,0,0,0,0,0,0,1,1
400,12,2,2,2,1,1,74,0,0,1,0,1,1,2,0,10.1,6.01,15.7,5.27,162.5,105,89,67,6.1,6.2,6.3,3.09,0,0,0,0,1,1,1,0
401,12,2,2,2,1,1,68,1,0,1,0,1,1,2,0,11,8.29,26.7,21.1,168,140.5,77,85.5,5.2,6.6,5,3.05,0,0,1,1,0,0,1,1
402,12,2,2,2,1,1,59,0,0,1,0,1,1,4,0,12.8,5.91,40.8,18.4,156.5,109.5,66,85.5,7.9,7.1,5.86,5.83,1,1,0,0,0,0,1,1
403,12,2,2,2,1,1,60,1,0,1,0,1,1,2,1,15.8,4.03,29.9,6.68,155,94,92.5,52.5,11.5,6.7,4.75,3.15,0,0,0,0,1,1,1,1
404,12,2,2,2,1,1,60,0,0,1,0,1,1,3,0,11.4,10.5,34.9,31.4,166.5,159,64.5,77.5,9.4,13.1,2.5,3.05,0,0,0,0,1,1,1,1
405,12,2,2,2,1,1,63,0,0,1,0,1,1,3,0,13.4,6.87,35.9,15.8,155,107.5,79.5,67.5,7.7,6.1,3.47,3.15,0,0,0,0,1,1,1,1
406,12,2,2,2,1,1,65,0,0,1,0,1,1,2,0,11.2,13.4,23.5,31.5,150,185.5,81.5,101,9.9,10.4,3.23,3.6,0,0,0,0,0,1,1,1
407,12,2,2,2,1,1,61,0,0,1,0,1,1,4,0,16.2,8.45,45.9,23.5,152,117.5,88,77.5,7.3,5.8,3.57,3.31,1,1,0,0,0,0,1,1
408,12,2,2,2,1,1,74,0,0,1,0,1,1,3,0,10.3,8.23,15.8,8.74,160,120,77.5,74,5.6,6.9,5.94,4.57,0,0,0,0,0,0,1,1
409,12,2,2,2,1,1,74,0,0,1,0,1,1,3,0,15.1,12.6,19,12.8,144.5,122,73.5,74,6.26,5.5,4.39,2.66,0,0,0,0,0,1,1,1
410,12,2,2,2,1,1,61,0,0,1,0,0,1,2,1,11.8,2.24,35.1,6.16,160,97.5,95,64,7.1,6.8,6,2.47,0,0,0,0,0,0,1,1
411,12,2,2,2,1,1,64,1,0,1,1,1,1,2,1,11.2,11.8,30.3,26.4,164.5,145,66.5,75.5,6.6,10.5,2.77,2.73,0,0,0,0,1,1,1,1
412,12,2,2,2,1,1,64,0,0,1,0,1,1,3,0,10.7,5.35,26.7,13.5,143.5,126.5,88,76.5,7.1,6.2,4.96,5.09,0,0,0,0,0,1,1,1
413,12,2,2,2,1,1,64,0,0,1,0,1,1,3,0,10.6,4.36,31.7,10.9,180,123,100,73.5,5.8,5.9,5.11,3.62,0,0,0,0,0,0,1,1
414,12,2,2,2,1,1,66,0,0,1,0,1,1,3,0,16.2,7.99,36.9,18.1,162.5,138,87.5,82.5,7.1,6.2,4.85,4.56,0,0,0,0,1,1,1,1
415,12,2,2,2,1,1,69,0,0,1,0,1,1,2,0,10,5.5,21.7,9.73,161,128,70.5,70.5,6.9,6.3,6.19,2.66,0,0,0,0,0,0,1,1
416,12,2,2,2,1,1,63,1,0,1,0,1,1,3,1,14,14.2,28.7,30.6,159,169,78,102.5,9.7,10.3,1.35,0.98,0,0,1,1,0,1,1,1
417,12,2,2,2,1,1,64,1,0,1,0,1,1,3,0,14.1,5.81,34.2,15.5,157,122.5,69.5,73.5,7.6,6.7,2.97,2.15,0,0,0,1,0,0,1,1
418,12,2,2,2,1,1,63,0,0,1,0,1,1,3,0,10.1,5.33,30.9,14.8,171,129,91.5,64.5,6.9,6.4,5.07,3.83,0,0,0,0,0,1,1,1
419,12,2,2,2,1,1,77,1,0,1,0,1,1,2,0,16.2,23.6,5.61,8.51,140,151,85.5,70.5,6.5,8.2,4.85,3.57,0,0,0,0,0,0,1,1
420,12,2,2,2,1,1,86,0,0,1,0,0,1,2,1,19.5,16.3,,,152.5,102.5,82.5,59.5,7.5,6.2,4.98,3.76,0,0,0,0,1,1,1,1
421,12,2,2,2,1,1,74,0,0,1,0,0,1,2,1,15.5,8.31,20.7,10.9,152.5,142.5,85,86.5,7,5.4,5.95,4.46,0,0,0,0,1,1,1,1
422,13,2,1,1,1,2,60,0,0,1,1,1,1,4,0,17.1,11.8,54.9,39.2,179.5,155.5,104,97,5.9,5.9,4.94,3.75,1,0,0,0,0,0,1,0
423,13,2,1,1,1,2,56,1,0,1,0,1,1,4,0,17.3,17.4,47.9,47.8,148,144.5,100,91.5,6.1,6.8,3.94,4.38,1,1,0,0,0,0,0,0
424,13,2,1,1,1,2,64,1,0,1,1,1,1,4,0,22.9,11.8,39.2,18.1,142.5,113.5,89.5,71,7.7,7.3,2.99,2.68,1,1,0,0,0,0,1,1
425,13,2,1,1,1,2,62,0,0,1,0,1,1,3,0,19.3,23.8,56,67.9,174,202,80.5,88.5,6.1,6.7,4.66,5.09,0,0,0,0,0,0,0,1
426,13,2,1,1,1,2,59,1,0,1,0,1,1,2,0,19.9,28.8,51.7,63,158,157.5,93,90.5,5.9,7.2,4.1,4.43,0,0,1,1,0,0,1,0
427,13,2,1,1,1,2,57,1,0,1,1,1,1,4,0,11.9,8.4,33.6,24.2,132.5,120.5,89,77.5,7.1,7.2,3.58,3.53,1,1,1,1,0,0,1,1
428,13,2,1,1,1,2,59,0,0,1,0,1,1,3,0,10.9,11,38,38.8,151,157.5,92.5,96.5,5.8,6.2,4.68,4.8,0,0,0,0,0,0,0,0
429,13,2,1,1,1,2,57,1,0,1,1,1,1,3,0,10.9,7.95,32.5,24.5,146.5,135.5,90,83,6.1,6.6,2.02,1.5,0,0,0,0,0,0,0,1
430,13,2,1,1,1,2,44,1,0,1,0,1,1,4,0,12.9,8.3,57.3,46.3,159,140.5,101,89,5.9,5.4,4.43,5.35,1,1,0,0,0,0,0,0
431,13,2,1,1,1,2,54,1,1,1,0,1,1,3,0,14.9,10.8,50.3,36.6,147,128,102.5,90,5.9,7.1,2.86,1.97,0,0,0,0,0,0,1,1
432,13,2,1,1,1,2,54,0,0,1,0,1,1,4,0,10.5,8.51,44.8,38.3,154,147.5,98.5,88,5.3,6.2,2.37,2.47,1,1,0,0,0,0,1,1
433,13,2,1,1,1,2,61,1,0,1,1,1,1,4,0,16.1,11.3,38,25.9,149,130,91,78.5,5.4,5.7,3.91,3.26,1,0,0,0,0,0,0,0
434,13,2,1,1,1,2,56,1,0,1,0,1,1,4,0,20.9,15.9,60.7,49.6,162,144.5,101.5,91,8.8,8.4,5.05,4.71,1,1,1,1,0,0,1,1
435,13,2,1,1,1,2,59,0,0,1,0,1,1,2,0,13.4,10.8,46.4,38.2,175,160,116.5,113,5.9,5.4,3.58,3.34,0,0,0,0,0,0,0,1
436,13,2,1,1,1,2,52,1,0,1,0,1,1,4,0,13.6,11.2,47.4,41,149.5,143,104.5,92,4.9,5.3,3.33,2.83,1,0,0,0,0,0,0,0
437,13,2,1,1,1,2,58,1,0,1,0,1,1,3,0,11.4,10.4,39.3,36.2,150.5,142.5,106,95,5.9,5.6,2.58,3.14,0,1,0,0,0,0,0,0
438,13,2,1,1,1,2,59,1,0,1,0,1,1,3,0,18.8,10.5,49,28.7,148,122.5,102.5,82.5,5.6,5.9,3.47,3.86,0,0,0,1,0,0,0,0
439,13,2,1,1,1,2,53,1,0,1,0,1,1,2,0,14,12.5,48,44.6,151,137,97,82,5.3,5.8,2.76,4,0,0,0,0,0,0,0,1
440,13,2,1,1,1,2,57,1,0,1,0,1,1,4,0,13.6,7.45,39.9,23.8,150.5,137.5,111,80.5,5.8,6.3,2.76,2.15,1,1,0,0,0,0,0,0
441,13,2,1,1,1,2,55,1,0,1,0,1,1,4,0,12.4,14.1,40.2,44.4,144.5,137,95.5,94.5,5.7,6.6,3.52,6.07,1,1,0,0,0,0,0,1
442,13,2,1,1,1,2,55,0,0,1,0,1,1,3,0,10.9,9.29,44.9,39.5,154,147,95.5,93,5.4,5.2,4.57,4.59,0,0,0,0,0,0,0,1
443,13,2,1,1,1,2,54,0,0,1,0,1,1,2,1,11.9,9.06,47.2,38.2,153.5,130.5,96,79.5,5.4,5.9,4.28,3.89,0,0,0,0,0,0,0,1
444,13,2,1,1,1,2,52,0,0,1,0,1,1,3,0,13.2,10.8,55,48.2,148,138,93,90.5,5.1,5.7,4.36,4.54,0,0,0,0,0,0,0,0
445,13,2,1,1,1,2,55,0,0,1,0,1,1,4,0,24.9,21,75.1,68.2,171.5,165.5,107,105,8.9,11.1,4.56,2.8,1,1,0,0,0,0,0,0
446,13,2,1,1,1,2,54,1,0,1,0,1,1,3,0,11.3,6.09,40.6,24.6,151,128,97.5,81,5.4,5.6,1.64,1.28,0,0,0,0,0,0,0,0
447,13,2,1,1,1,2,60,1,0,1,0,1,1,3,0,18.2,15.4,43.8,38.2,155.5,151,107,89.5,5.2,5.4,4.11,3.3,0,0,0,0,0,0,1,1
448,13,2,1,1,1,2,56,0,0,1,0,1,1,3,0,13.9,10.5,52.1,41.9,160,144,97.5,83,5.3,5.9,2.71,3.42,0,1,0,0,0,0,0,0
449,13,2,1,1,1,2,51,1,1,1,0,1,1,2,1,17.3,8.17,52.5,30,148,129.5,96.5,95,5.5,4.8,4.3,1.69,0,0,0,0,0,0,1,0
450,13,2,1,1,1,2,63,0,0,1,0,1,1,2,0,12,8.77,35.3,25.2,159.5,141,89,88.5,5.4,5.9,5.64,3.13,0,0,0,0,0,0,0,0
451,13,2,1,1,1,2,53,1,0,1,0,1,1,4,0,14.3,10.6,52.1,41.9,148,144.5,95.5,99.5,5.7,5.5,4.9,4.43,1,1,0,0,0,0,1,1
452,13,2,1,1,1,2,40,1,0,1,0,1,1,4,0,30,9.33,79.8,47.4,163,135,103.5,96.5,9.3,7.3,4.54,2.32,1,1,1,1,0,0,1,1
453,13,2,1,1,1,2,43,1,0,1,0,1,1,4,0,15,8.89,63.7,48.4,142.5,129,105,88,7.2,6.4,6.36,4.33,1,1,1,1,0,0,0,0
454,13,2,1,1,1,2,48,0,0,1,0,1,1,2,0,11.4,5.89,55.7,36.2,159,133,95,84.5,7.5,4.9,4.01,2.09,0,0,0,0,0,0,1,1
455,13,2,1,1,1,2,47,1,1,0,0,1,1,3,0,23.6,3.39,66.6,20.5,160,129,97,75.5,8.1,5.46,4.43,1.47,0,0,1,0,0,0,1,1
456,13,2,1,1,1,2,57,1,0,1,0,1,1,3,0,29.6,15.6,78.4,50,182,143,102.5,86,5,4.2,3.62,3.54,0,0,0,0,0,0,0,1
457,14,1,1,1,1,1,60,0,0,1,0,1,1,4,0,27.4,23.1,70.5,63,156,154.5,88,72.5,7.4,6.7,8.04,5.38,1,1,0,0,0,0,1,1
458,14,1,1,1,1,1,57,1,1,0,0,1,1,3,0,28.1,13.6,69.3,40.4,151.5,132,95.5,83.5,10.7,8.6,5.09,2.68,0,0,0,0,0,0,0,0
459,14,1,1,1,1,1,53,1,0,1,0,1,1,3,0,18.8,7.16,58.6,28.6,157.5,128,98,80.5,6.6,5.1,3.17,1.98,0,0,0,0,0,0,0,0
460,14,1,1,1,1,1,54,0,0,1,0,0,1,4,0,11.4,8.13,48.5,37.2,151.5,140,96,82,6.2,5.6,5.72,4.01,1,1,0,0,0,0,0,1
461,14,1,1,1,1,1,56,0,0,1,0,1,0,3,0,13.6,3.76,51.7,16.5,170.5,103,113,68,6.6,6.3,6.09,3.22,0,0,0,0,0,0,1,1
462,14,1,1,1,1,1,49,0,0,1,0,1,1,4,0,11,15.3,55.4,66.2,159,177.5,96,105.5,6.6,5.7,5.06,6.22,1,1,0,0,0,0,1,1
463,14,1,1,1,1,1,54,0,0,1,0,1,1,3,0,27.2,8.64,79.6,38.4,181.5,147,102.5,100,7.7,5.8,3.32,1.79,0,0,0,0,0,0,0,1
464,14,1,1,1,1,1,66,1,0,1,0,1,1,4,0,22.9,23.9,57.3,59.4,157,158.5,94.5,94,7.6,6.1,3.04,3.04,1,1,0,0,1,1,1,0
465,14,1,1,1,1,1,62,0,0,1,0,1,1,4,0,10.6,,28.8,,137.5,,81.5,,5.1,,2.97,,1,,0,,0,,1,
466,14,1,1,1,1,1,56,0,0,1,1,1,1,3,0,18.7,11.3,61.2,41.6,153,124.5,95.5,79.5,10.1,8.4,4.9,3.64,0,0,0,0,0,0,0,0
467,14,1,1,1,1,1,66,1,0,1,0,1,1,3,0,16.6,13.7,27.6,21.9,136,129,99,88.5,5.9,5.9,3.91,2.92,0,0,0,0,0,0,0,0
468,14,1,1,1,1,1,72,0,0,1,0,1,1,3,0,17,10.9,29.7,16.3,156.5,134,89.5,79,5.8,5.4,5.76,5.06,0,0,0,0,0,0,1,1
469,14,1,1,1,1,1,53,0,0,1,0,1,1,4,0,11.1,9.41,48.6,42.9,159,149,101,90,6.1,5,4.45,3.23,1,1,0,0,0,0,0,0
470,14,1,1,1,1,1,54,0,0,1,1,1,1,4,0,14.8,14.9,56,58.7,135,151.5,89.5,102,7.7,5.2,2.8,2.33,1,1,0,0,0,0,0,0
471,14,1,1,1,1,1,58,0,0,1,0,1,1,4,0,11.9,10.8,39.1,36,135.5,130.5,78.5,73,9.4,8.3,4.63,3.8,1,1,0,0,0,0,1,1
472,14,1,1,1,1,1,44,1,0,1,0,1,1,2,1,15.2,7.04,53.3,35,157.5,132,94.5,93,6.1,5.1,2.05,1.99,0,0,1,0,0,0,1,0
473,14,1,1,1,1,1,63,0,0,1,0,1,1,3,0,12.9,16.7,36.5,40.7,147.5,129,88,69,5.6,5.2,2.65,3.02,0,0,0,0,0,0,0,1
474,14,1,1,1,1,1,53,0,0,1,0,1,0,4,0,11,9.91,48.7,45,151.5,151,104.5,93,5.7,5.3,3.73,2.98,1,1,0,0,0,0,1,1
475,14,1,1,1,1,1,56,0,0,1,0,1,1,3,0,11.8,12.8,45.6,49.1,151,155.5,86,79,5.6,6.7,2.76,3.69,0,1,0,0,0,0,1,0
476,14,1,1,1,1,1,67,0,0,1,0,1,1,3,0,16.8,19.3,36.6,35.2,148,126,91.5,69.5,5.6,5.1,3.25,3.67,0,0,0,0,0,0,0,1
477,14,1,1,1,1,1,58,1,0,1,0,0,0,2,0,20.9,13.8,54.5,37.3,149.5,131.5,99,71,5.8,5.2,5.82,4.19,0,0,1,1,0,0,1,0
478,14,1,1,1,1,1,58,0,0,1,0,1,1,3,0,16.2,13.3,55.8,48,169,165.5,94,94.5,6.2,4.5,4.51,5.07,0,0,0,0,0,0,1,0
479,14,1,1,1,1,1,58,1,0,1,0,1,1,3,0,24.1,9.48,61.3,26.2,160.5,124,105,90.5,5.3,5.1,5.5,5.38,0,0,1,0,0,0,0,1
480,14,1,1,1,1,1,42,0,0,1,0,1,1,4,0,14.2,7.09,76.2,57.3,156,130,100.5,91,7.4,7,3.69,2.97,1,1,0,0,0,0,0,1
481,14,1,1,1,1,1,55,1,0,1,0,1,1,3,0,26.7,14.1,70,45.2,159,138,97,94,7.8,7.2,3.21,2.27,0,0,1,1,0,0,1,0
482,14,1,1,1,1,1,74,1,0,1,1,1,1,4,0,30.6,22.5,34.6,21.8,161.5,159.5,101.5,101,7.2,6.4,3.06,3.02,1,1,0,0,0,0,1,1
483,14,1,1,1,1,1,47,0,0,1,0,1,1,3,0,11.1,3.51,58.1,28.7,148,122,87.5,72,5.8,5.1,2.58,2.22,0,0,0,0,0,0,1,1
484,14,1,1,1,1,1,44,1,1,1,0,1,1,3,0,14.1,6.93,54.2,34.8,153.5,139.5,94,83,6.6,4.9,3.39,2.27,0,0,0,0,0,0,1,0
485,14,1,1,1,1,1,53,1,0,1,0,1,1,2,0,23.2,3.71,67,17.3,157.5,106.5,69.5,66,4.2,5.2,4.65,3.14,0,0,1,1,0,0,1,1
486,14,1,1,1,1,1,61,0,0,1,1,0,1,2,0,13.3,9,42.1,26.9,156,141.5,82.5,70.5,6.2,5.9,3.03,2.83,0,0,0,0,0,0,1,1
487,14,1,1,1,1,1,56,0,0,1,0,1,1,2,0,11,4.69,43.1,20,151.5,109,76.5,74,5.9,4.8,4.48,2.87,0,0,0,0,0,0,1,0
488,14,1,1,1,1,1,69,0,0,1,0,1,1,3,0,28.4,19,49.9,32.1,148,130,83.5,75,16.4,6.2,4.27,1.01,0,0,0,0,0,0,0,1
489,14,1,1,1,1,1,48,0,0,1,0,1,1,3,0,12.2,7.51,60.2,45.9,145,123,91,83,8.3,7.4,2.31,2.73,0,1,0,0,0,0,0,0
490,14,1,1,1,1,1,42,1,1,0,0,1,1,2,1,13,1.73,53.4,18.7,144,117,99.5,71,5.4,5.4,4.12,2.6,0,0,1,0,0,1,0,0
491,14,1,1,1,1,1,36,1,1,0,0,1,1,4,0,12,0.46,51.5,12.9,159,124,101,75,6.8,4.6,4.19,1,1,0,0,0,0,0,1,0
492,15,2,1,1,1,2,59,1,0,1,1,1,1,3,0,13.8,10.8,34.3,27,136.5,126,81.5,75.5,4.7,5.3,3.84,3.24,0,0,0,0,0,0,1,1
493,15,2,1,1,1,2,57,0,0,1,1,1,1,3,0,12.3,11,46.3,41.9,166,156.5,97.5,91.5,5.6,6.1,3.01,2.65,0,1,0,0,0,0,1,1
494,15,2,1,1,1,2,66,0,0,1,1,1,1,3,0,23.6,16.3,48.6,33.5,148.5,134,100,81,6.9,6.3,2.88,1.2,0,0,0,0,0,0,0,0
495,15,2,1,1,1,2,54,0,0,1,0,1,1,3,0,17.6,15.7,63.1,58.5,152,148.5,92.5,86.5,5.3,5.1,4.84,3.21,0,0,0,0,0,0,1,1
496,15,2,1,1,1,2,54,1,0,1,0,1,1,3,0,20.7,17.1,61.5,54.5,160,151,101,91,8.1,8.3,4.91,5.18,0,0,0,0,0,0,0,0
497,15,2,1,1,1,2,48,0,0,1,0,1,1,4,0,14,15.2,61.9,67.2,186,158,95.5,85.5,6.4,3.6,1.71,2.4,1,1,0,0,0,0,1,1
498,15,2,1,1,1,2,63,1,0,1,0,1,1,2,0,16.4,10.9,32.6,20.6,150.5,130.5,73,75,5.1,5.8,2.83,2.52,0,0,1,1,0,0,0,0
499,15,2,1,1,1,2,44,1,0,1,0,1,1,3,0,11.6,7.54,56.8,45.4,161,146.5,98,85,6.2,5.9,4.44,4.23,0,0,1,1,0,0,1,1
500,15,2,1,1,1,2,71,1,0,1,1,1,1,2,1,14.2,13.6,9.64,9.28,127,127,61,74,5.3,5.4,2.01,2.21,0,0,0,0,0,0,1,1
501,15,2,1,1,1,2,56,0,1,1,1,0,1,4,0,14.1,10.7,52.7,42.6,182.5,150,106.5,86.5,5.7,5.9,4.06,3.81,1,1,0,0,0,0,1,1
502,15,2,1,1,1,2,62,0,0,1,0,1,1,4,0,13,11.6,38.9,35.6,153.5,152,88,91,5.8,5.4,2,3.36,1,0,0,0,1,1,1,1
503,15,2,1,1,1,2,64,1,1,1,0,1,1,2,0,12,9.34,21.5,16.3,134,125.5,85,82.5,4.7,5.2,3.06,2.86,0,0,1,1,0,0,1,1
504,15,2,1,1,1,2,66,1,0,1,1,1,1,2,0,11,12.3,16.5,18.8,128,132,82.5,85,4.9,5.2,2.93,3.03,0,0,1,1,0,0,1,1
505,15,2,1,1,1,2,55,0,0,1,0,1,1,4,0,14.4,17.8,52.8,61.4,134,148,74,90.5,6.3,5.2,4.43,4.66,1,1,0,0,0,0,1,0
506,15,2,1,1,1,2,61,0,0,1,0,1,1,4,0,16.7,15.1,50.5,46.7,160.5,160,100.5,100,5.5,6,3.86,4.93,1,1,0,0,0,0,0,0
507,15,2,1,1,1,2,52,0,0,1,0,1,1,4,0,26.5,22.5,81.5,76,172.5,161.5,100.5,97,7.1,7.6,3.55,3.57,1,1,0,0,0,0,0,1
508,15,2,1,1,1,2,53,0,0,1,0,1,1,4,0,14.7,16,57.1,59.5,145,155.5,85.5,94,5.7,7.2,4.11,4.37,1,0,0,0,0,0,1,1
509,15,2,1,1,1,2,52,1,0,1,0,1,1,2,1,13.7,10,47.5,35.6,163,139.5,103.5,89.5,4.7,5.4,4.45,2.86,0,0,1,0,0,0,1,1
510,15,2,1,1,1,2,59,0,0,1,0,1,1,4,0,17.3,8.88,57.4,30.9,189,134.5,98.5,79.5,4.6,5.7,4.5,4.72,1,1,0,0,0,0,1,1
511,15,2,1,1,1,2,58,1,0,1,0,1,1,2,0,19.9,19.8,47.7,48.8,145.5,159.5,101.5,93.5,7.6,7,2.53,1.92,0,0,1,1,1,1,1,1
512,15,2,1,1,1,2,50,1,0,1,0,1,1,2,0,10.5,15.6,43.6,51,144,150.5,100,92,5,5.2,4.16,2.56,0,0,1,0,0,0,1,1
513,15,2,1,1,1,2,56,1,0,1,0,1,1,2,0,19.1,13.8,58,45.8,154.5,146,92.5,92.5,5.3,5.2,3,2.6,0,0,1,1,0,0,1,0
514,15,2,1,1,1,2,54,1,1,1,0,1,1,3,0,24.9,7.24,67.7,27,190,131,111,87.5,5.2,5.3,3.27,2.48,0,0,1,1,0,0,1,0
515,15,2,1,1,1,2,45,1,1,1,0,1,1,4,0,12.7,5.19,54.7,29.7,164.5,149.5,113,89,6.3,5.9,4.21,1.54,1,1,0,0,0,0,1,1
516,15,2,1,1,1,2,52,1,0,1,0,1,1,4,0,35.6,21,81.3,60.8,173,158.5,100.5,105.5,8.5,8.2,4.65,2.08,1,1,1,1,0,0,0,1
517,15,2,1,1,1,2,50,1,0,1,0,1,1,4,0,35.7,30.1,79.4,71.6,178,182.5,113,109.5,8.7,6.9,3.3,1.47,1,1,0,0,0,0,0,0
518,15,2,1,1,1,2,44,1,1,0,0,1,1,3,0,28.2,19,68,60.1,165,135.5,94,87.5,7.8,5.8,3.4,3.57,0,0,1,1,0,0,0,1
519,15,2,1,1,1,2,50,0,1,0,0,1,1,3,0,10.4,6.35,50.5,35.8,146,127.5,89.5,78.5,7.5,5.4,3.6,0.99,0,0,0,0,0,0,0,0
520,15,2,1,1,1,2,54,1,0,1,0,1,1,3,0,37.9,11.9,79.8,38.4,186.5,140.5,101.5,94,8.8,6.1,3.9,3.92,0,0,0,0,0,0,0,0
521,15,2,1,1,1,2,54,0,0,1,1,1,1,3,0,14.1,11,55.2,46.1,174.5,160.5,107.5,107.5,5.7,5.7,2.52,2.29,0,0,0,0,0,0,0,1
522,15,2,1,1,1,2,44,0,1,0,0,0,1,2,0,10.3,2.78,59.4,29.7,157.5,122.5,98.5,74.5,7.2,5.7,3.3,1.78,0,0,0,0,0,0,0,0
523,15,2,1,1,1,2,56,1,1,0,0,1,1,3,0,14,11.8,48.5,40.8,163.5,128.5,99.5,89,6,5.8,3.9,5.45,0,0,0,0,0,0,1,1
524,15,2,1,1,1,2,61,1,0,1,0,1,1,3,0,10,7.83,29.8,22.6,137,122,73.5,68,6.2,5.8,3.14,3.1,0,0,1,1,0,0,1,1
525,15,2,1,1,1,2,54,0,0,1,0,1,1,2,0,10.2,7.88,42.3,34.5,135.5,117,79,76,5.8,5.7,3.66,4.04,0,0,0,0,0,0,1,0
526,15,2,1,1,1,2,61,0,0,1,0,1,1,2,0,10.6,5.58,33.5,16.1,145.5,124,90.5,81.5,6.4,5.4,6.04,5.14,0,0,0,0,0,0,0,0
527,15,2,1,1,1,2,49,1,1,1,0,1,1,3,0,15.4,10.2,58.9,40.8,173.5,148.5,112,93,6.1,4.8,4.33,2.23,0,0,0,0,0,0,1,0
528,16,2,1,2,2,2,68,0,0,1,1,1,1,4,0,29.7,21.9,69.3,52.2,214,189.5,86,79,4.6,5.3,4.4,2.41,1,1,0,0,0,0,0,0
529,16,2,1,2,2,2,69,1,0,1,1,1,1,4,0,18,14.5,23.3,14.9,148,142,89,80,6.3,5.7,1.89,1.65,1,1,1,0,0,0,1,0
530,16,2,1,2,2,2,61,0,0,1,0,1,1,3,0,20.1,16.4,54.7,45.4,157,143,107,94.5,5.7,6.3,1.49,1.47,0,0,0,0,0,0,0,0
531,16,2,1,2,2,2,62,0,0,1,0,1,1,3,0,12.9,10.6,35.5,28.9,152,140,83,85,5.2,5.7,3.9,4,0,0,0,0,0,0,0,1
532,16,2,1,2,2,2,60,1,1,0,0,1,1,2,0,48,35.1,93.3,80.4,209.5,200.5,128.5,126.5,6.4,6.1,3.22,2.28,0,0,1,0,1,1,1,1
533,16,2,1,2,2,2,51,1,0,1,0,1,1,4,0,15.8,8.29,53.9,34.3,164,139,95,82,5.6,5.4,2.99,2.87,1,1,0,0,0,0,0,0
534,16,2,1,2,2,2,59,0,0,1,0,1,1,2,0,17.8,7.82,58.1,27.2,193.5,131,92,86.5,6.2,5.7,1.98,2.99,0,0,0,0,0,0,0,0
535,16,2,1,2,2,2,45,1,1,0,0,1,1,4,0,25.3,13.9,77.3,53.9,161,164,107.5,91,5.5,5.2,5.54,2.83,1,1,0,0,0,0,0,0
536,16,2,1,2,2,2,59,1,0,1,1,1,1,3,0,14.3,10.3,36.8,27.4,140.5,130,82,82,6,5.6,4.47,4.19,0,1,0,0,0,0,0,1
537,16,2,1,2,2,2,58,0,0,1,1,1,1,4,0,10.2,7.58,37.5,28.3,142.5,132,86.5,76.5,5.9,5.8,3.91,2.12,1,0,0,0,0,0,0,0
538,16,2,1,2,2,2,63,1,1,0,0,1,1,4,0,29.6,18.6,70.7,46.7,157,130.5,80,76.5,5.4,7.4,4.29,4.68,1,1,1,1,1,0,0,1
539,16,2,1,2,2,2,66,1,0,1,1,1,1,4,0,16,12.9,36.3,22.9,158,137,106,86,5,5.7,1.71,2.6,1,1,0,0,0,0,1,0
540,16,2,1,2,2,2,44,1,0,1,0,1,1,2,1,21,13,63.2,49.9,153.5,138,99.5,86.5,10.7,5.8,1.77,1.67,0,0,1,1,0,0,1,0
541,16,2,1,2,2,2,53,1,0,1,0,1,1,3,0,36.5,17.5,83.4,55.5,185,145,127,85,5.4,5.6,3.51,3.41,0,0,1,1,0,0,1,0
542,16,2,1,2,2,2,53,1,0,1,0,1,1,4,0,13.2,7.4,48.2,30.1,143,130,92.5,88.5,5.1,5.4,3.19,1.62,1,1,0,0,0,0,0,1
543,16,2,1,2,2,2,56,0,0,1,0,1,1,4,0,20.3,16.9,64.8,57,150.5,142,89.5,80,5.8,5.9,3.91,4.92,1,1,0,0,0,0,0,0
544,16,2,1,2,2,2,58,1,1,1,1,1,1,3,0,12.3,14.1,33.4,34.4,149.5,147,102,93,5.3,5.3,1.83,1.22,0,0,0,0,0,0,1,1
545,16,2,1,2,2,2,66,0,1,1,0,1,1,4,0,30,21.9,59.1,37.1,146.5,127,99.5,72.5,16.6,7.2,5.46,3.24,1,1,0,0,0,0,1,1
546,16,2,1,2,2,2,68,1,0,1,0,1,1,4,0,23,19.3,34.9,26.2,157.5,141,88,77,6.3,6.1,2.63,2.77,1,1,0,0,0,0,0,0
547,16,2,1,2,2,2,58,0,0,1,0,1,1,4,0,15.9,14.1,54,49.7,160.5,158.5,103,90,5.4,5.8,4.14,3.11,1,1,0,0,0,0,0,1
548,16,2,1,2,2,2,61,1,0,1,0,1,1,4,0,33.5,24.1,66.4,49.6,149,131,87,86.5,6.7,7.4,5.03,4.84,1,0,1,0,0,0,0,1
549,16,2,1,2,2,2,47,1,1,0,0,1,1,2,1,22.4,10.9,65.8,40.4,171,127,103,82.5,7.1,6.1,2.49,1.93,0,0,1,1,0,0,0,1
550,16,2,1,2,2,2,49,1,1,0,0,1,1,3,0,12.6,12.8,51.1,48.2,157.5,133,100.5,74.5,5.6,6.1,4.33,3.8,0,0,1,0,0,0,1,0
551,16,2,1,2,2,2,48,1,1,0,0,1,1,3,0,18.4,7.86,55.8,32.1,148,121.5,91,82,4.8,5.2,1.63,0.98,0,0,1,0,0,1,0,1
552,16,2,1,2,2,2,52,1,0,1,0,1,1,3,0,15.2,7.89,48.9,30.3,163,135,109,82,6.7,6,1.5,1.41,0,0,1,1,0,0,0,1
553,16,2,1,2,2,2,57,1,0,1,0,1,1,4,0,31.6,12.6,70.4,34.3,160,133.5,99.5,87.5,12.7,6.7,3.69,2.04,1,1,1,1,0,0,0,1
554,16,2,1,2,2,2,57,1,0,1,0,1,1,4,0,24.4,10.8,70.4,38.9,158.5,145,99,90.5,6.7,5.7,4.86,4.11,1,1,1,1,0,0,1,1
555,16,2,1,2,2,2,44,1,0,1,0,1,1,3,0,18.2,8.31,62.9,44.9,145,113,92,72,5.1,6.8,3.92,5.92,0,0,1,1,0,0,0,0
556,16,2,1,2,2,2,48,0,0,1,0,1,1,4,0,10.3,7.06,54.1,42.1,158,149.5,93,92,5.2,5.4,3.75,3.58,1,1,0,0,0,0,0,0
557,16,2,1,2,2,2,46,1,0,0,0,1,1,3,0,16.3,9.77,57.3,43.5,137.5,120.5,88.5,82.5,5.8,6.1,4.36,4.2,0,0,0,0,0,0,0,0
558,16,2,1,2,2,2,67,1,1,1,0,1,1,3,0,30.9,20.6,53.5,36.9,158.5,151,93.5,70,12.3,7.2,3.2,2,0,0,1,1,0,0,1,1
559,16,2,1,2,2,2,50,1,0,1,0,1,1,3,0,31.1,13.3,74.3,44.7,157,138,114.5,94,5.1,6.7,1.9,2.41,0,0,0,1,0,0,0,0
560,16,2,1,2,2,2,58,1,0,1,0,1,1,3,0,11,7.86,30,21.7,156.5,139.5,94,87,5.9,5.4,3.16,3.06,0,0,0,0,0,0,1,1
561,16,2,1,2,2,2,52,1,0,0,0,1,1,3,0,20.4,9.28,55.9,31.8,160,130,98,82,6.3,5.6,1.46,1.2,0,0,1,1,1,0,1,1
562,16,2,1,2,2,2,59,0,0,1,0,1,1,3,0,13.4,6.26,44.8,21.5,159.5,118,94,69,5.2,6.1,2.6,2.04,0,0,0,0,0,0,1,1
563,16,2,1,2,2,2,45,1,0,0,0,1,1,3,0,30.3,4.92,77.9,25.9,161.5,123.5,109,82,12,5.6,5.34,1.04,0,0,0,0,0,0,1,1
564,16,2,1,2,2,2,54,1,1,0,0,1,1,3,0,29.1,9.51,69.9,30.6,158,127,107,86,7.2,5.9,5.15,2.4,0,0,1,1,0,0,0,1
565,16,2,1,2,2,2,56,1,1,1,1,1,1,2,0,20.3,17.7,58.1,52.1,174.5,143.5,101.5,80.5,10.2,5.3,2.13,3.19,0,0,1,1,0,0,0,1
566,17,1,2,2,1,2,56,0,0,1,0,1,1,4,0,36.5,8.57,88.5,35.3,201.5,139,128,81,7.6,5.8,3.02,3.77,1,1,0,0,0,0,1,0
567,17,1,2,2,1,2,54,0,0,1,0,1,1,3,0,22.3,13.2,72.1,51.4,174.5,145,104.5,82.5,8.4,5.2,5.83,3.07,0,0,0,0,0,0,0,1
568,17,1,2,2,1,2,70,0,0,1,1,1,1,4,0,24.4,22.4,51.9,45.9,181.5,168,96,88,5.7,6.8,4.24,5.22,1,1,0,0,0,0,1,1
569,17,1,2,2,1,2,56,0,0,1,0,1,1,3,0,11.9,8.05,46.1,32.9,158.5,133.5,102.5,86,6.2,5.3,4.2,4.19,0,0,0,0,0,0,1,1
570,17,1,2,2,1,2,62,0,0,1,0,1,1,3,0,20.1,17.6,48.2,42.4,148.5,141.5,80,78.5,6.8,7.9,3.1,2.8,0,1,0,0,0,0,1,0
571,17,1,2,2,1,2,61,0,0,1,1,1,1,3,0,18.6,16,50.9,43.8,146.5,132,88,87,5.1,5.8,1.49,4.12,0,0,0,0,0,0,0,1
572,17,1,2,2,1,2,59,0,0,1,0,1,1,3,0,12.6,21.2,42.1,61.9,172.5,166.5,84,79.5,6.6,8.2,1.35,1.88,0,0,0,0,0,0,1,0
573,17,1,2,2,1,2,71,1,0,1,1,1,1,4,0,22.6,22.2,31.2,27.2,164.5,150,87.5,93,5.9,6,2.28,4.57,1,1,0,0,0,0,1,1
574,17,1,2,2,1,2,66,0,0,1,1,1,1,4,0,24.4,13.8,51.9,23.1,154,116.5,99,68,7.4,5.6,3.59,2.3,1,1,0,0,0,0,0,0
575,17,1,2,2,1,2,67,1,0,1,0,1,1,3,0,30.1,18.9,54.6,27.8,164,141,103,88,7.5,6.1,4.35,3.4,0,0,1,0,0,0,0,0
576,17,1,2,2,1,2,66,0,0,1,0,1,1,3,0,17.2,15.9,44.2,40.3,179,171,99,92,5.9,6.1,2.38,2.76,0,0,0,0,0,0,1,1
577,17,1,2,2,1,2,68,0,0,1,1,1,1,3,0,17.2,23.3,38.7,42.2,165,139.5,92,78,6.1,8.1,4.39,2.67,0,0,0,0,0,1,1,1
578,17,1,2,2,1,2,60,0,0,1,1,1,1,3,0,16.8,12,46.3,33.5,141.5,123,88,77.5,8.6,11.2,3.2,2.9,0,0,0,0,0,0,1,1
579,17,1,2,2,1,2,51,0,0,1,0,1,1,4,0,12.6,4,56,24.7,166,111,99.5,87,5.5,6.4,3.81,3.11,1,1,0,0,0,0,1,1
580,17,1,2,2,1,2,43,1,0,1,0,1,1,3,0,22.9,4.94,60.5,27.8,168.5,114,96.5,79,5.2,4.5,1.67,2.32,0,0,1,1,0,0,1,1
581,17,1,2,2,1,2,38,1,0,1,0,1,1,3,0,13.2,2.46,55.2,25.5,152,111,110.5,81,5.7,5.8,4.48,3.95,0,0,1,1,0,0,1,0
582,17,1,2,2,1,2,65,1,1,1,0,1,1,4,0,20.4,11.3,47.5,27.1,169,126.5,101.5,72.5,6.1,5.9,4.39,3.04,1,1,0,0,0,0,1,0
583,17,1,2,2,1,2,52,1,0,1,0,1,1,4,0,13.3,7.4,47.9,32.2,155,120.5,98.5,86,5.7,5.5,1.44,3.85,1,1,1,1,0,0,1,1
584,17,1,2,2,1,2,61,0,0,1,1,1,1,4,0,34.4,,80.5,,179,,107.5,,9.3,,5.09,,1,,0,,1,,1,
585,17,1,2,2,1,2,60,0,1,1,1,1,1,4,0,23,12.9,62,37.6,151,119.5,96.5,76,4.6,5.5,3.86,3.52,1,0,0,0,0,0,0,1
586,17,1,2,2,1,2,61,0,1,1,0,1,1,3,0,12.1,10.5,37.4,32.9,142.5,140,84.5,77,5.7,6.4,3.07,4.14,0,0,0,0,0,0,1,1
587,17,1,2,2,1,2,70,0,0,1,0,1,1,3,0,22.6,33.5,36.8,63.1,140.5,185.5,83.5,107.5,7.8,5.2,2.09,3.34,0,1,0,0,0,0,0,1
588,17,1,2,2,1,2,45,0,0,1,0,1,1,4,0,11.2,8.04,58.2,48.5,179,165,107,102,6.1,6,3.18,4.14,1,0,0,0,0,0,0,0
589,17,1,2,2,1,2,59,0,0,1,1,1,1,3,0,13.6,5.64,45.8,19.4,159,110.5,83.5,73.5,5.3,6.5,3.16,5.11,0,0,0,0,0,0,0,0
590,17,1,2,2,1,2,66,0,0,1,1,0,1,2,0,14.6,8.28,36,17.4,163,121,90.5,77,5.1,5.8,4.34,3.32,0,0,0,0,0,0,1,0
591,17,1,2,2,1,2,59,0,0,1,1,1,1,3,0,14.2,9,48.2,31.7,170,144,115.5,74.5,4.8,5.4,3.89,3.24,0,0,0,0,0,0,1,1
592,17,1,2,2,1,2,58,0,0,1,0,1,1,3,0,14,14.6,47.8,47.2,172.5,140.5,93,79,6.2,5.6,4.81,2.27,0,0,0,0,0,0,0,0
593,17,1,2,2,1,2,56,0,0,1,0,1,1,4,0,11,7.05,43.2,29.4,155,129.5,98.5,83,5.4,5.6,5.88,5.7,1,0,0,0,0,0,0,0
594,17,1,2,2,1,2,49,0,0,1,0,1,1,4,0,12.2,7.1,60.2,41.6,182.5,141.5,114.5,88.5,5.2,5.6,3.71,2.27,1,1,0,0,0,0,0,0
595,17,1,2,2,1,2,60,0,0,1,1,1,1,4,0,11.2,11.5,30.8,33.3,117,111,85,77,8.1,6.8,1.78,2.3,1,1,0,0,0,0,1,1
596,17,1,2,2,1,2,66,1,0,1,0,1,1,4,0,13.7,9.31,23.5,15.1,138.5,109,101,73.5,5.2,5.8,2.52,3.5,1,1,0,1,0,0,0,1
597,17,1,2,2,1,2,59,0,0,1,0,1,1,3,0,13.7,8.41,45.7,29.1,153.5,126.5,96.5,71.5,5.2,5.8,3.91,3.99,0,0,0,0,0,0,1,1
598,17,1,2,2,1,2,60,1,0,1,0,1,1,4,0,15.4,7.95,38.8,18.3,156.5,113,88,82.5,5.2,5.3,2.68,4.05,1,0,0,0,0,0,0,1
599,17,1,2,2,1,2,65,1,0,1,0,1,1,4,0,29.3,39.9,54.5,65.2,170.5,174,101.5,107.5,6.2,7.6,4.44,5.15,1,1,0,0,0,0,0,0
600,17,1,2,2,1,2,56,1,0,1,1,1,1,3,0,28.2,11,70.5,33.5,191.5,120.5,128.5,88.5,6.1,5.8,1.81,4.61,0,0,1,0,0,0,0,0
601,17,1,2,2,1,2,40,1,1,0,0,1,1,2,0,27.6,3.46,70.4,28.5,180,109,93,77,6.9,5.2,3.37,2.73,0,0,1,0,0,0,0,0
602,18,1,1,1,1,1,60,1,0,1,1,1,1,4,0,34.8,35.8,70.8,74.3,155,175,99.5,101.5,8.4,8.2,5.69,2.86,1,1,1,1,0,0,0,0
603,18,1,1,1,1,1,50,1,0,1,1,1,1,4,0,25.7,18.2,71.4,59.4,160.5,147.5,105,98.5,5.8,4.6,4.07,3.69,1,1,1,1,0,0,0,0
604,18,1,1,1,1,1,70,0,0,1,1,1,1,3,0,13.8,21.1,25.2,34.7,142.5,137.5,90.5,76,6.2,7.1,3.99,6,0,0,0,0,0,0,0,0
605,18,1,1,1,1,1,53,1,0,1,1,1,1,2,1,13.9,12,44.3,40.8,131.5,117,82.5,87.5,5.2,5.6,2.33,4.64,0,0,0,0,0,0,0,0
606,18,1,1,1,1,1,73,1,0,1,1,1,1,3,0,20.6,21.1,25.3,23.3,171.5,159.5,92.5,91,6.3,5.8,2.47,3.8,0,0,0,0,0,0,0,0
607,18,1,1,1,1,1,52,0,0,1,0,1,1,4,0,11.3,5.95,51,32.1,158,122.5,99,73.5,4.8,4.2,3.26,3,1,1,0,0,0,0,0,0
608,18,1,1,1,1,1,38,1,0,1,0,1,1,4,0,37.7,4.28,79.9,28.8,160,111,99.5,80.5,5.9,5.7,4.43,2.1,1,0,1,0,0,0,0,0
609,18,1,1,1,1,1,40,1,0,1,0,1,1,4,0,10.9,4.86,52.1,32,157,135.5,99.5,83,4.7,6,2.85,1.96,1,1,1,1,0,0,1,1
610,18,1,1,1,1,1,48,1,0,1,1,1,1,4,0,21.5,17.6,70.2,57.8,168,148,103.5,86.5,4.9,5.5,5.17,3.24,1,1,1,1,0,0,0,0
611,18,1,1,1,1,1,60,0,0,1,0,1,1,3,0,20.8,16.3,58.1,47.3,154.5,139,99.5,93,6.3,7,4.41,4.89,0,0,0,0,0,0,0,0
612,18,1,1,1,1,1,50,1,0,1,1,1,1,4,0,16.7,16.8,58.1,55.1,158.5,157,96,96.5,5.7,5.5,4.59,3.54,1,0,0,0,0,0,0,0
613,18,1,1,1,1,1,52,1,0,1,0,1,1,4,0,12.8,4.28,45.8,19.4,151,120.5,92.5,75.5,5.2,5.4,2.87,2.21,1,1,0,0,0,0,0,0
614,18,1,1,1,1,1,55,0,0,1,0,1,1,4,0,16.9,9.65,61.7,38.5,181,114.5,103.5,69.5,5.5,6.3,3.96,5.2,1,0,0,0,0,0,0,0
615,18,1,1,1,1,1,53,0,0,1,0,1,1,3,0,15.8,4.3,60.1,22.9,154,129.5,88,75.5,7.2,5.4,5.59,3.45,0,0,0,0,0,0,1,0
616,18,1,1,1,1,1,53,1,0,1,1,0,1,3,0,21.3,19.6,61.5,58.2,146,139.5,96.5,84.5,6.5,7.2,3.91,4.46,0,0,0,0,0,0,0,1
617,18,1,1,1,1,1,57,0,0,1,0,1,1,3,0,10.4,8.07,38.9,30.9,160.5,145,99.5,99.5,5.9,5.6,4.04,2.53,0,0,0,0,0,0,1,0
618,18,1,1,1,1,1,54,0,0,1,0,1,1,4,0,17,22.5,61.5,72.6,150.5,171,95.5,100.5,9.3,6.8,4.5,3.38,1,1,0,0,0,0,1,1
619,18,1,1,1,1,1,61,0,0,1,0,1,1,3,0,15.6,10.5,49,33.7,167.5,143,104,91,5.3,5.1,4.02,3.95,0,0,0,0,0,0,1,0
620,18,1,1,1,1,1,67,0,0,1,0,1,1,4,0,20.2,10.3,48.3,20.7,178,126,90,81.5,5.3,5.1,5.05,2.52,1,1,0,0,0,0,0,0
621,18,1,1,1,1,1,64,0,1,1,0,1,1,2,0,24.2,27.2,54.1,64.3,174.5,174.5,91,84.5,10.1,7.8,8,9.12,0,0,0,0,0,0,0,0
622,18,1,1,1,1,1,55,0,0,1,1,1,1,3,0,13.3,10.8,49.6,42.2,141,135,88,73.5,7.6,6.6,4.68,1.89,0,0,0,0,0,0,0,1
623,18,1,1,1,1,1,55,0,0,1,0,1,1,4,0,10.2,12.2,39.9,45.9,131,139,76.5,76,6.8,6.8,2.14,1.77,1,1,0,0,0,0,0,0
624,18,1,1,1,1,1,59,1,0,1,0,1,1,2,0,12.5,15.1,28.8,34.4,125.5,133.5,84,86,6.7,6.8,3.68,3.48,0,0,1,1,0,0,1,0
625,18,1,1,1,1,1,60,1,1,1,0,1,1,3,0,20.7,24,61.2,67.3,162.5,163.5,96.5,96.5,5.8,5.2,2.7,3.24,0,0,1,1,0,0,0,0
626,18,1,1,1,1,1,54,0,0,1,0,1,1,4,0,23,11.6,73.1,46.9,173,130.5,104.5,87.5,7.4,8.3,3.15,3.16,1,1,0,0,0,0,1,1
627,18,1,1,1,1,1,48,0,0,1,0,1,1,4,0,15.4,9.31,67.5,51.5,160,136.5,98,92,7.8,7.7,5.49,4.05,1,1,0,0,0,0,0,0
628,18,1,1,1,1,1,61,0,0,1,1,1,1,4,0,27.9,30.4,70.5,75.2,169,179,96.5,99,6.5,5.9,5.41,4.18,1,1,0,0,0,0,0,0
629,18,1,1,1,1,1,67,0,0,1,1,1,1,2,0,21.5,16.7,39.1,31.3,159,132,84.5,74.5,7,6.8,2.29,1.57,0,0,0,0,0,0,1,0
630,18,1,1,1,1,1,68,1,1,1,0,1,1,3,0,22,19.6,55.5,40,181.5,152,92.5,81.5,5.7,6.1,3.7,2.81,0,0,0,0,0,0,0,0
631,18,1,1,1,1,1,55,0,0,1,0,1,1,3,1,10.4,7.4,42.3,32.1,169.5,145,98.5,85,4.9,5.7,4,4.36,0,0,0,0,0,0,1,0
632,18,1,1,1,1,1,56,1,0,1,0,1,1,3,0,12.8,13.7,39.4,42.3,133.5,141,85.5,90,4.7,5.2,3.85,2.97,0,0,0,0,0,0,1,0
633,18,1,1,1,1,1,39,0,1,0,0,1,1,3,0,10.9,4.6,69.6,49.2,162,129,97,74,8.7,5,4.49,1.87,0,0,0,0,0,0,1,1
634,18,1,1,1,1,1,60,1,1,1,0,1,1,3,0,26.3,20.4,54.8,43,159,141,99,95,7.1,6.6,5.26,5.88,0,1,1,1,0,0,1,1
635,18,1,1,1,1,1,37,1,1,1,0,1,1,3,0,19.9,3.81,66.8,38.9,158.5,137.5,103.5,102,6.3,6.4,4.37,4.49,0,0,0,0,0,0,1,0
636,18,1,1,1,1,1,55,0,0,1,0,1,1,4,0,11.1,5.76,45.6,26.1,151,132,97.5,85.5,5.1,5.4,3.1,3.05,1,1,0,0,0,0,1,0
637,18,1,1,1,1,1,43,1,1,0,0,1,1,3,0,17.8,4.6,58.1,27.3,159,120,99.5,75,7,5.2,3.4,2.05,0,0,1,0,0,0,0,1
638,19,2,1,1,2,2,60,0,0,1,0,1,1,2,0,14.4,12.6,46,41,188,180,102.5,104,5.4,5.4,4.81,3.94,0,0,0,0,0,0,1,1
639,19,2,1,1,2,2,55,0,0,1,0,1,1,4,0,15,9.53,54,38.1,151,127,94,88,11.2,7.4,2.46,3.18,1,1,0,0,0,0,1,0
640,19,2,1,1,2,2,64,0,0,1,0,1,1,4,0,16.6,15.1,45.3,41.3,161,155.5,92.5,86.5,6.3,5.5,3.59,3.13,1,1,0,0,0,0,0,0
641,19,2,1,1,2,2,53,1,0,0,0,1,1,3,0,25.5,17.6,70.3,56,162,158,97,88.5,6.8,4.9,3.69,3.66,0,0,0,0,0,0,0,0
642,19,2,1,1,2,2,65,1,0,1,0,1,1,4,0,13.1,12.8,23.9,22.7,142.5,138.5,94,97.5,6.1,6.3,3.56,3.29,1,1,0,0,0,0,0,0
643,19,2,1,1,2,2,54,1,0,1,0,1,1,4,0,30.4,19.7,72,57.5,162,170.5,103,104.5,12.3,4.8,4.04,2.82,1,0,1,1,0,0,1,1
644,19,2,1,1,2,2,43,1,0,1,0,1,1,4,0,35.5,11.6,82.4,50.4,175.5,149,126,111,7.7,6.8,4.22,3.14,1,1,0,0,0,0,0,1
645,19,2,1,1,2,2,60,0,0,1,1,1,1,3,0,17.7,13.8,48.5,40.5,148,131,89,85.5,7,6.2,2.51,2.68,0,0,0,0,0,1,0,0
646,19,2,1,1,2,2,46,0,0,0,0,1,1,4,0,16.3,12.2,72.2,63.5,166,149.5,108,90.5,4.9,4.5,2.47,2.33,1,1,0,0,1,0,1,1
647,19,2,1,1,2,2,56,0,0,1,1,1,1,4,0,22.4,14.1,68.9,50.1,167,139,99.5,86.5,7.8,9.2,3.67,5.16,1,1,0,0,0,0,0,0
648,19,2,1,1,2,2,57,1,0,1,0,1,1,3,0,21.4,21.5,52.1,56.9,138.5,159.5,90,103.5,8.8,5.2,4.16,3.43,0,0,1,1,0,0,0,0
649,19,2,1,1,2,2,71,0,0,1,0,1,1,3,0,14.5,15,23.7,25.8,137.5,144,86.5,81,6.9,5.3,3.5,2.73,0,0,0,0,0,0,0,1
650,19,2,1,1,2,2,72,1,0,1,1,1,1,3,0,17.9,19.3,30,33.1,154,160.5,91,92,8.2,5.6,1.75,1.62,0,0,0,0,0,0,0,1
651,19,2,1,1,2,2,53,1,0,1,0,1,1,3,0,17.2,16.3,55.9,53.8,148.5,142.5,103,81,5.4,5.8,4.29,4.42,0,0,1,1,0,0,1,0
652,19,2,1,1,2,2,59,0,0,1,0,1,1,4,0,13.4,5.99,45.4,20,152,119.5,96.5,78.5,5.6,5.4,3.12,2.16,1,1,0,0,0,0,1,1
653,19,2,1,1,2,2,56,0,0,1,0,1,1,3,0,14.2,10.6,49.4,39.5,153,131.5,95,87.5,7.1,5.9,6.14,3.39,0,0,0,0,0,0,1,1
654,19,2,1,1,2,2,52,0,0,1,0,1,1,2,0,15.5,18.5,61.1,67.4,191,208,102,102.5,5.4,5.7,3.32,3.16,0,0,0,0,0,0,1,1
655,19,2,1,1,2,2,52,0,0,1,0,1,1,4,0,16.1,12.9,63.1,55.1,183.5,172.5,104.5,100.5,5.6,5.2,3.26,4.48,1,0,0,0,0,0,1,0
656,19,2,1,1,2,2,61,0,0,1,0,1,1,3,0,19,20.8,49.5,56.7,160.5,156.5,78,85,9.4,9.7,1.58,3.7,0,0,0,0,0,0,0,1
657,19,2,1,1,2,2,58,0,0,1,0,0,1,4,0,18.2,13,56.1,41.2,138.5,126,75,79,6.1,6.4,2.61,3.98,1,1,0,0,0,0,1,1
658,19,2,1,1,2,2,57,0,0,1,0,1,1,4,0,11.2,10.1,42.3,35.3,147.5,127,86.5,83.5,6.6,6.5,5.95,6.5,1,1,0,0,0,0,0,0
659,19,2,1,1,2,2,66,1,0,1,0,1,1,4,0,24.6,18.9,41.7,31.6,157.5,150,87.5,93,11.4,7.1,3.41,2.31,1,1,0,0,0,0,1,0
660,19,2,1,1,2,2,50,1,0,1,0,0,1,4,0,35.4,23.3,82.9,68.7,166.5,147,105,94.5,16.9,7.4,4.56,4.13,1,1,0,0,0,0,1,0
661,19,2,1,1,2,2,72,0,0,1,1,0,1,3,0,26.4,16.5,40.1,29.3,150,160,79,81.5,10.6,6.8,4.47,3.86,0,0,0,0,0,0,0,1
662,19,2,1,1,2,2,55,1,0,1,0,1,1,4,0,21.2,11.5,56.2,34.6,155,131.5,97.5,91,6.3,6.4,4.92,2.93,1,0,0,0,0,0,0,1
663,19,2,1,1,2,2,49,1,0,1,0,1,1,2,0,17.4,8.29,56.4,34.9,153,128,94,83.5,6.8,5.2,2.71,2.24,0,0,0,0,0,0,1,0
664,19,2,1,1,2,2,65,1,0,1,0,1,1,4,0,28.8,16.5,49.8,33.3,158.5,157.5,95.5,95.5,8.2,5.2,3.66,2.96,1,1,0,0,0,0,0,1
665,19,2,1,1,2,2,55,1,0,1,0,1,1,4,0,48.7,44.9,92.2,89.4,182,210,95.5,101.5,21.6,11.3,5.94,2.61,1,0,1,0,0,0,1,1
666,19,2,1,1,2,2,61,0,0,1,0,1,1,4,0,18.4,9.19,49.5,28.2,136,126,90.5,88,8.4,5.3,4.09,3.84,1,1,0,0,0,0,0,0
667,19,2,1,1,2,2,50,0,0,1,0,1,1,4,0,11.7,14.8,56,64.7,156,140.5,87.5,77,6.4,6.6,3.01,2.77,1,1,0,0,0,0,0,0
668,19,2,1,1,2,2,51,0,0,1,0,1,1,4,0,11.6,8.54,53.8,43.2,131,122,81.5,77,9.1,6,5.03,3.4,1,0,0,0,0,0,1,0
669,19,2,1,1,2,2,54,1,1,0,0,1,1,3,0,24,14.6,64.3,42.2,163,138.5,110.5,78,5.9,5.6,4.28,2.73,0,0,1,1,0,0,1,1
670,19,2,1,1,2,2,47,1,1,0,0,1,1,4,0,16.8,12.8,59.2,48.5,148.5,135,93,85,6.1,5.1,4.45,3.57,1,1,1,1,0,0,0,1
671,19,2,1,1,2,2,38,1,0,1,0,1,1,4,0,18.3,11.3,66.3,54,153,140.5,91,81,7.2,5.6,4.23,3.62,1,1,1,1,0,0,0,1
672,19,2,1,1,2,2,50,1,1,0,0,1,1,2,0,12.2,3.07,43.5,16.1,149,114.5,107,76.5,3.9,5.2,3.4,2.43,0,0,1,0,0,0,0,0
673,20,2,2,2,1,1,52,0,0,1,0,1,1,4,0,17.1,18.5,66.3,69.4,178,182.5,112,114,6.1,5.8,2.41,3.19,1,1,0,0,0,0,0,0
674,20,2,2,2,1,1,59,0,0,1,0,1,1,2,0,22.2,13.7,63.3,46.6,162.5,164.5,96,94,7.2,5.7,3.6,4.34,0,0,0,0,0,0,0,0
675,20,2,2,2,1,1,56,1,0,1,1,1,1,4,0,26,17,63.2,46.3,166.5,143.5,101.5,90.5,9.1,7.2,2.95,4.22,1,1,0,0,0,0,1,1
676,20,2,2,2,1,1,71,1,0,1,1,1,1,3,0,15.5,16,26.5,29,138,145,89,83,5.8,4.7,3.89,4.14,0,0,0,0,0,0,1,1
677,20,2,2,2,1,1,64,1,0,1,1,1,1,3,0,32.9,28.7,58.6,52,175.5,168.5,88,88.5,4.9,4.8,3.02,3.82,0,0,0,0,0,0,0,0
678,20,2,2,2,1,1,53,1,0,1,1,1,1,4,0,24.2,12.8,69.8,46.4,171,141.5,102,91,6.8,5.9,4.25,3.94,1,1,1,1,0,0,0,1
679,20,2,2,2,1,1,61,1,1,1,0,1,1,3,0,18.4,15.5,47.7,38.8,148,124.5,92,84.5,6.4,7.7,2.37,3.71,0,0,0,0,0,0,1,1
680,20,2,2,2,1,1,58,0,0,1,1,1,1,2,0,11.4,8.62,42,32.7,170.5,151,93,91,5.3,4.7,2.2,3.44,0,0,0,0,0,0,0,0
681,20,2,2,2,1,1,63,1,0,1,0,1,1,3,0,19.3,18.6,49.7,47.3,162.5,154,78,78.5,6.6,8.2,1.91,3.26,0,0,0,0,0,0,0,1
682,20,2,2,2,1,1,65,1,0,1,1,1,1,3,0,26.3,15.8,52.9,29.7,178,148,90.5,85.5,6.6,5.6,3.94,3.51,0,1,0,0,0,0,0,0
683,20,2,2,2,1,1,67,1,0,1,0,1,1,3,0,22.7,18.8,39.9,30.4,161.5,145.5,96,87.5,5.4,5.6,4.43,3.56,0,0,0,0,0,0,0,0
684,20,2,2,2,1,1,60,0,0,1,0,1,1,3,0,21.5,20.2,60.1,56.9,159,153,88,87.5,6.7,5.2,5.7,5.04,0,1,0,0,0,0,0,0
685,20,2,2,2,1,1,41,1,0,1,0,1,1,4,0,28.7,18.3,76.2,65,169,152.5,109,99.5,7.8,5.9,3.73,5.37,1,1,1,1,0,0,1,1
686,20,2,2,2,1,1,49,0,1,0,0,1,1,4,0,10.6,7.46,55.1,43.8,151,139,90,105.5,6.9,5.6,3.41,2.72,1,1,0,0,0,0,1,1
687,20,2,2,2,1,1,54,0,0,1,0,1,1,4,0,17,7.99,62.1,35.5,139,121,91,75,7.2,5.5,6.03,4.88,1,1,0,0,0,0,0,1
688,20,2,2,2,1,1,56,0,0,1,0,1,1,4,0,24.4,13.3,72.3,50.4,179,163,105,87.5,7.2,6.4,4.99,2.92,1,0,0,0,0,0,1,1
689,20,2,2,2,1,1,64,1,1,1,0,1,1,3,0,24.4,24.6,54.8,53.8,178,175.5,92.5,91,6.1,6.3,3.44,3.47,0,0,1,1,0,0,1,1
690,20,2,2,2,1,1,53,1,0,1,0,1,1,3,0,20.4,10.7,62.8,40.1,155,134,96.5,89.5,5,5.4,2.93,2.64,0,0,1,1,0,0,0,1
691,20,2,2,2,1,1,71,1,0,1,0,1,1,4,0,35,21.1,40.4,32.8,169,155.5,99,91,7.4,5.9,4.8,4.45,1,1,0,0,0,0,1,0
692,20,2,2,2,1,1,59,0,0,1,0,1,1,4,0,15.3,12.5,51.4,42.6,161,142,102.5,90.5,6.3,5.1,2.34,2.75,1,1,0,0,0,0,0,0
693,20,2,2,2,1,1,55,1,0,1,0,1,1,2,0,19.7,10.3,60.8,37.4,157,131,102.5,85.5,5.8,5.6,4.43,3.12,0,0,0,0,0,0,0,0
694,20,2,2,2,1,1,56,1,0,1,0,1,1,3,0,10.8,,38.9,,151.5,,93,,5.3,,2.58,,0,,1,,0,,1,
695,20,2,2,2,1,1,61,1,1,1,0,1,1,2,1,15,9.35,32.6,19.7,163,136.5,101,75,6.1,5.7,3.21,3.79,0,0,0,0,0,0,0,0
696,20,2,2,2,1,1,66,0,0,1,0,1,1,3,0,20.8,16.3,45.5,34.5,159,142,96,83,6,5,3.58,3.15,0,0,0,0,0,0,0,0
697,20,2,2,2,1,1,64,0,1,1,0,1,1,2,0,20,10.3,48,26.9,150.5,133,92.5,75.5,7.2,6.3,4.87,2.87,0,0,0,0,0,0,0,1
698,20,2,2,2,1,1,61,1,0,1,1,1,1,4,0,19.7,15.7,52,44,159,134,97,91,7.8,6.8,3.01,2.93,1,1,1,1,0,0,1,0
699,20,2,2,2,1,1,52,0,0,1,1,1,1,2,0,11.2,5.51,49.1,28.9,175,142.5,105,81.5,5.6,6.3,4.11,3.68,0,0,0,0,0,0,0,1
700,20,2,2,2,1,1,66,1,0,1,0,1,1,3,0,19,13,34.6,22,160.5,142,99,93,6,4.6,4.77,3.79,0,0,0,0,0,0,0,0
701,20,2,2,2,1,1,57,0,0,1,0,1,1,2,0,11.7,9.31,43.8,35.7,160.5,163,95,87,5.9,5.2,4.83,3.6,0,0,0,0,0,0,0,0
702,20,2,2,2,1,1,60,0,0,1,0,1,1,3,0,10.2,10,33.9,33.1,142,141,87,80,6.4,6,5.85,3.75,0,0,0,0,0,0,0,0
703,20,2,2,2,1,1,51,1,0,1,0,1,1,4,0,12.3,6.64,48.4,31.6,136.5,116,81,71,5.4,5.4,4.95,6.16,1,1,0,0,0,0,0,1
704,20,2,2,2,1,1,51,0,0,1,0,1,1,2,0,12.4,9.94,53.7,46.6,156.5,141.5,85.5,88.5,6.1,5.6,4.02,1.86,0,0,0,0,0,0,0,0
705,20,2,2,2,1,1,60,1,0,1,0,1,1,4,0,11.3,7.29,27.5,17.1,127,124.5,76,84.5,5.4,5.6,3.63,3.93,1,1,0,0,0,0,0,0
706,20,2,2,2,1,1,57,1,0,1,0,1,1,3,0,19.1,9.49,58.6,33.8,162.5,140,103.5,85,5.7,5.6,5.34,1.6,0,0,1,1,0,0,1,1
707,20,2,2,2,1,1,50,1,0,1,0,1,1,4,0,18,11.1,54.9,39.8,149,134.5,89,82,7.8,7,2.3,2.32,1,1,1,1,0,0,0,1
708,21,1,1,1,1,2,59,1,0,1,0,1,1,3,0,15.2,12.5,35.2,29.2,142,134,90.5,83.5,9.2,8.4,2.49,2.77,0,0,1,1,0,0,1,1
709,21,1,1,1,1,2,61,1,0,1,1,1,1,4,0,25.6,16.2,63.9,43.3,160.5,140,93.5,86.5,9.6,6.9,3.93,3.56,1,1,1,0,0,0,1,0
710,21,1,1,1,1,2,62,1,0,1,1,1,1,2,1,18,15,52.8,44.3,159.5,148,101,96.5,5.7,5.8,2.49,2.74,0,0,1,1,0,0,1,0
711,21,1,1,1,1,2,56,0,0,1,1,1,1,2,0,11.1,10.4,43.8,41.4,157.5,159,92,92,6.1,5.8,3.49,2.01,0,0,0,0,0,0,1,1
712,21,1,1,1,1,2,53,0,0,1,0,1,1,4,0,18.6,11.1,66.4,47.5,157.5,130.5,86.5,77.5,6.4,7.1,1.37,1.9,1,1,0,0,0,0,1,1
713,21,1,1,1,1,2,49,1,0,1,0,1,1,3,0,14.9,5.45,51.8,26.4,155,120.5,101,79,6.4,5.3,3.87,3.57,0,0,1,0,0,0,0,1
714,21,1,1,1,1,2,54,0,0,1,0,1,1,4,0,18.5,8.57,66.5,38.5,182,138,91.5,84,5.6,5.8,2.96,2.41,1,1,0,0,0,0,1,0
715,21,1,1,1,1,2,54,1,0,1,0,0,1,2,0,29.3,17.9,68.9,49.7,164.5,139,102,91.5,8.4,8.9,3.46,4.71,0,0,0,0,0,0,1,1
716,21,1,1,1,1,2,55,0,0,1,1,1,1,4,0,13.1,10.1,51.4,42,170.5,157,92.5,80.5,5.7,5.3,4.96,4.87,1,1,0,0,0,0,1,1
717,21,1,1,1,1,2,55,1,0,1,0,1,1,2,1,16.8,9.51,48.6,30.9,166,136.5,97.5,92.5,5.6,5.4,1.92,3.9,0,0,1,1,0,0,1,1
718,21,1,1,1,1,2,50,1,0,1,1,1,1,2,0,21,9.35,61.9,36.9,160,130.5,104.5,95.5,5.1,5.2,2.74,4.34,0,0,1,1,0,0,1,1
719,21,1,1,1,1,2,36,1,0,1,0,1,1,4,0,22.2,19.6,72.6,70.7,162.5,151,110.5,114,6.7,6.8,3.93,4.29,1,1,1,0,0,0,1,0
720,21,1,1,1,1,2,39,1,0,1,1,0,1,4,0,11.6,5.15,60.9,43.3,149,128,92.5,77,10.2,6.3,3.54,3.53,1,1,0,0,0,0,0,0
721,21,1,1,1,1,2,46,1,0,1,0,1,1,3,0,15.1,6.32,52.1,35.4,144,130.5,102.5,98,4.7,4.9,2.74,3.68,0,0,1,1,0,0,0,0
722,21,1,1,1,1,2,54,1,0,1,0,1,1,3,0,14.1,4.37,45.3,17.8,150,121,89,87,5.8,5.1,4.27,4.52,0,1,0,0,0,0,1,0
723,21,1,1,1,1,2,54,1,0,1,0,1,1,3,0,33.1,13,74.7,43.8,170,150,108.5,94,7,6.8,4.28,4.93,0,0,1,1,0,0,1,1
724,21,1,1,1,1,2,57,1,0,1,0,1,1,4,0,26.7,23.3,69.3,62.8,165,153.5,112,110,5.4,5.1,4.48,4.89,1,0,0,0,0,0,1,0
725,21,1,1,1,1,2,38,1,0,1,0,1,1,4,0,12.3,2.04,64.4,24,149,119,115.5,83.5,9.2,5.8,4.53,1.7,1,0,0,0,0,0,0,0
726,21,1,1,1,1,2,51,1,0,1,0,1,1,3,0,15.4,7.84,52.4,35.3,151,140.5,92.5,92,5,6,2.58,2.67,0,1,1,1,0,0,0,0
727,21,1,1,1,1,2,59,1,1,1,0,1,1,2,0,15.3,12.8,34.5,28.6,142.5,129.5,92.5,81,5.7,5,1.72,2.4,0,0,1,1,0,0,1,0
728,21,1,1,1,1,2,56,0,0,1,0,1,1,4,0,26.4,12.9,76,46.6,179,133,109.5,97,7.3,7.3,1.27,1.86,1,0,0,0,0,0,0,0
729,21,1,1,1,1,2,53,1,0,1,0,1,1,3,0,20.5,7.17,59.6,27,162,125.5,104,78.5,5.4,5.2,3.22,2.39,0,0,1,0,0,0,1,1
730,21,1,1,1,1,2,38,1,0,1,0,1,1,4,0,11.4,4.21,63.3,39.1,157.5,137,98.5,91.5,6.2,5.2,5.88,3.94,1,1,0,0,0,0,1,0
731,21,1,1,1,1,2,56,0,0,1,0,1,1,4,0,13.8,7.13,51.9,29.9,149,120.5,97,77,5.2,5.1,3.81,2.6,1,1,0,0,0,0,1,0
732,21,1,1,1,1,2,51,1,0,1,0,1,1,3,0,15,4.06,51.9,19.8,159,113.5,97.5,79,4.9,5.3,2.31,1.75,0,0,0,0,0,0,0,0
733,21,1,1,1,1,2,55,1,1,1,0,1,1,3,0,18.7,10.4,55.4,34.6,160.5,127.5,97.5,77,7.8,9.2,2.07,2.67,0,0,1,1,0,0,0,0
734,21,1,1,1,1,2,60,1,1,1,0,1,1,2,0,16.5,6.41,39.6,14.7,153,109,101,72.5,4.6,4.3,3.75,3.92,0,0,1,1,0,0,1,1
735,21,1,1,1,1,2,40,1,0,1,0,1,1,4,0,16.6,1.95,64.1,24.1,154.5,119,102,76.5,7,5.2,3.05,3.6,1,1,1,0,0,0,1,1
736,21,1,1,1,1,2,68,1,0,1,1,1,1,3,0,13.3,13.1,12.6,12.6,118.5,120.5,71,69,4.6,6.1,4.35,3.98,0,0,0,0,0,0,1,0
737,21,1,1,1,1,2,54,0,1,0,0,1,1,3,0,11.7,2.89,48.2,14.9,160,110,97.5,69,6.3,5.6,4.86,4.24,0,0,0,0,0,0,0,0
738,21,1,1,1,1,2,53,1,1,0,0,1,1,3,0,28.9,4.99,70,18.4,151,117,97,70.5,6.5,5.3,4.82,1.77,0,0,0,0,0,0,0,0
739,21,1,1,1,1,2,37,1,0,1,0,1,1,2,0,29,6.09,72.6,34.5,150,119,108,87.5,5.1,4.8,3.69,2.91,0,0,1,1,0,0,1,0
740,21,1,1,1,1,2,42,0,0,1,0,1,1,4,0,10.8,4.49,64.9,40.5,164,138.5,101,93.5,5.7,5.3,3.54,3.5,1,1,0,0,0,0,1,1
741,21,1,1,1,1,2,37,1,0,1,0,1,1,4,0,10.3,4.09,62.3,30.9,162,127.5,108,78.5,5.3,5.3,4.14,2.99,1,1,0,0,0,0,1,0
742,21,1,1,1,1,2,53,0,1,0,0,1,1,3,0,14.7,5.7,56,27.7,151,121,97.5,73,6.5,4.9,4.83,3.72,0,0,0,0,0,0,0,0
743,22,1,2,1,2,2,53,0,0,1,0,1,1,3,0,19.6,10.4,69.4,45.9,148,120.5,84.5,70.5,8.7,5.9,2.15,2.27,0,0,0,0,0,0,1,0
744,22,1,2,1,2,2,64,1,0,1,1,1,1,2,0,21.3,14.1,56.4,34,160,124,97.5,78.5,6.7,6.7,1.68,2.25,0,0,0,1,0,0,1,0
745,22,1,2,1,2,2,57,1,0,1,1,1,1,4,0,28.8,13.7,74.1,47.5,163,140,92,88.5,7.3,5.3,3.49,5.02,1,0,0,1,0,0,0,0
746,22,1,2,1,2,2,68,1,0,1,1,1,1,3,0,29,16.9,48.7,24.6,155.5,127.5,95.5,82.5,7.6,7.6,3.29,2.45,0,0,1,1,0,0,0,0
747,22,1,2,1,2,2,58,0,0,1,0,1,1,4,0,15.5,8.46,53.3,31.4,165,133,96.5,84.5,5.2,6.4,3.78,3.29,1,1,0,0,0,0,0,0
748,22,1,2,1,2,2,59,1,0,1,1,1,1,4,0,13.7,8.06,36.5,21.5,155.5,128,95,77.5,4.6,5.2,1.93,2.36,1,1,0,0,0,0,0,0
749,22,1,2,1,2,2,73,1,0,1,0,1,1,3,0,23.4,18.8,20.6,9.4,144,129,68.5,73,5,4.9,3.57,1.88,0,0,0,0,0,0,0,0
750,22,1,2,1,2,2,74,0,0,1,1,1,1,4,0,18.3,15,21.2,13.2,150.5,121,78.5,79.5,5.8,5.3,1.2,1.7,1,0,0,0,0,0,0,1
751,22,1,2,1,2,2,72,1,0,1,0,0,1,4,0,15.6,19.4,18.3,20.8,151,145,88.5,86,5,5.3,2.13,3.06,1,1,0,0,0,0,0,0
752,22,1,2,1,2,2,57,1,0,1,1,1,1,4,0,28.4,12.4,71.1,36.2,199,147,111.5,87,5.7,5.4,3.15,2.7,1,1,0,0,0,0,1,0
753,22,1,2,1,2,2,55,1,0,1,1,1,1,3,0,22.3,6.81,61.4,23.4,172,128,117,87.5,5.9,6,3.15,2.11,0,0,0,0,0,0,1,1
754,22,1,2,1,2,2,51,0,0,1,1,1,1,4,0,12.4,9.99,56,50.5,161,126,94,76,6.1,5.2,2.66,3.01,1,1,0,1,0,0,1,1
755,22,1,2,1,2,2,49,1,0,1,0,1,1,4,0,18.4,9.23,60.3,39.4,154,129,91.5,74.5,6.8,5.8,3.64,3.06,1,1,0,0,0,0,0,1
756,22,1,2,1,2,2,61,1,1,1,0,1,1,3,0,15.9,8.9,41.6,21.9,157,142.5,81.5,81,5.3,5.6,3.03,2.46,0,0,1,1,0,0,1,0
757,22,1,2,1,2,2,56,1,0,1,1,1,1,4,0,16.3,12.7,44.7,36,141,131.5,97.5,88.5,7.8,8.2,4.27,3.56,1,1,0,0,0,0,0,0
758,22,1,2,1,2,2,55,1,0,1,1,1,1,4,0,15,8.24,43.6,27.1,124,125,104,78,5.9,5.8,6.05,3.02,1,1,0,0,0,0,1,0
759,22,1,2,1,2,2,66,1,0,1,1,1,1,2,0,15.7,11.9,31.7,19,142,126.5,103.5,84,5.7,6.3,4.83,4.05,0,0,1,0,0,0,1,0
760,22,1,2,1,2,2,67,0,0,1,0,1,1,3,0,17.8,14.6,38.2,29.6,145,131,79,69.5,5,5.8,4.21,2.19,0,0,0,0,0,0,1,0
761,22,1,2,1,2,2,67,1,1,1,0,1,1,4,0,23.5,16.4,34.7,23.2,143.5,135,87,77,7.8,6.4,4.1,1.94,1,1,0,0,0,0,0,0
762,22,1,2,1,2,2,53,0,0,1,0,1,1,3,0,17.3,10.8,65,46.8,162,123.5,90.5,71.5,11.4,5.6,2.73,2.57,0,0,0,0,0,0,1,0
763,22,1,2,1,2,2,59,1,0,0,0,0,1,4,0,13.6,17.1,37,39.5,153.5,137,89,79,5.3,6.9,2.37,3.01,1,1,0,0,0,0,1,1
764,22,1,2,1,2,2,53,1,0,1,0,1,1,2,0,16.4,7.99,55.6,32.5,158.5,126,96.5,75.5,7.2,6.3,4.53,3.64,0,0,0,0,0,0,1,1
765,22,1,2,1,2,2,57,1,1,1,1,1,1,3,0,15.4,6.35,45,20.2,145.5,116.5,97.5,87.5,4.5,5.6,4.19,3.23,0,0,1,1,0,0,1,1
766,22,1,2,1,2,2,67,1,0,1,0,1,1,4,0,14.5,11.7,26.5,18.8,153,133,80.5,79.5,5.2,5.2,1.71,2.23,1,0,0,0,0,0,0,0
767,22,1,2,1,2,2,53,1,1,0,0,1,1,3,0,24.7,8.77,63.5,29.4,164,117,93.5,87.5,4.8,5.3,2.08,2.06,0,0,1,0,1,1,1,0
768,22,1,2,1,2,2,41,1,1,0,0,1,1,3,0,26.2,5.16,73.5,33,164,121.5,95,73.5,5.5,5.7,3.75,2.14,0,0,0,0,0,0,0,1
769,22,1,2,1,2,2,64,1,1,1,0,1,1,4,0,13.4,10.4,26.2,19.2,136.5,124,88,78.5,5.5,4.8,3.71,4.6,1,1,0,0,0,0,0,0
770,22,1,2,1,2,2,67,1,0,1,1,0,1,3,0,27.8,20.7,40.7,28.6,147.5,135.5,86,72.5,7.2,7.7,5.12,3.7,0,0,0,0,0,0,0,0
771,22,1,2,1,2,2,49,1,0,1,0,1,1,3,0,27.5,9.4,71.3,37.2,162,125,94.5,76.5,9.8,7.6,4.41,2.74,0,0,1,0,0,0,1,0
772,22,1,2,1,2,2,66,0,0,1,1,1,1,2,0,21.1,15.6,43.1,29.8,141,122,87.5,70,7,8.1,4.58,4.08,0,0,0,0,0,0,0,0
773,22,1,2,1,2,2,76,0,0,1,1,1,1,4,0,29.5,24.9,34.6,21.9,155,123,85,77.5,7.1,6.3,2.59,2.1,1,1,0,0,0,0,0,0
774,22,1,2,1,2,2,55,0,0,1,0,1,1,4,0,12.1,5.59,49,25.7,151.5,124,99,72.5,6.2,5.2,3.91,5.81,1,1,0,0,0,0,1,0
775,22,1,2,1,2,2,53,0,0,1,0,1,1,3,0,24.7,9.06,77.4,40.3,173.5,125.5,91,77,6.1,5.3,3,3.56,0,0,0,0,0,0,0,0
776,22,1,2,1,2,2,35,1,1,0,0,1,1,2,0,17.8,2.62,64.5,27.8,164,121,91.5,79.5,6.7,5.2,4.44,2.89,0,0,1,1,0,0,1,1
777,22,1,2,1,2,2,41,1,1,0,0,1,1,4,0,13.2,0.86,51.8,14.1,151.5,119.5,101,76,7,5.1,4.2,2.5,1,0,0,0,0,0,1,0
778,23,2,1,2,2,1,51,0,0,1,0,1,1,2,1,12.5,9.84,52.9,45,162.5,146,91,86,4.5,5.6,3.77,1.61,0,0,0,0,0,0,1,0
779,23,2,1,2,2,1,53,0,0,1,0,1,1,4,0,19.8,4.3,71,22.5,165.5,121,102.5,86.5,4.6,5.1,3.56,3.45,1,1,0,0,0,0,0,0
780,23,2,1,2,2,1,57,1,0,1,0,1,1,4,0,21.6,16,53.5,40.5,166,143,95,81,6.3,6.8,3.47,2.07,1,0,1,1,0,0,1,1
781,23,2,1,2,2,1,60,0,0,1,0,1,1,3,0,12.2,12.1,36.3,36.4,149.5,139,84.5,86.5,10.2,10.1,7.25,2.59,0,0,0,0,0,0,0,0
782,23,2,1,2,2,1,47,0,0,1,0,1,1,4,0,13.3,4.61,64.7,33.5,152.5,117,95.5,82,4.5,4.4,2.78,3.2,1,1,0,0,0,0,1,1
783,23,2,1,2,2,1,52,0,0,1,0,1,1,4,0,27.9,10.1,82.9,46.1,179,143,93.5,87.5,6,5.8,3.77,1.2,1,1,0,0,0,0,1,1
784,23,2,1,2,2,1,56,0,0,1,0,1,1,3,0,15.3,11.1,52.7,40.8,142,137.5,88,83.5,5.4,6.3,2.47,1.81,0,0,0,0,0,0,1,1
785,23,2,1,2,2,1,66,0,0,1,0,1,1,2,0,15.2,19.4,37.3,41.7,161,149.5,83.5,72,5.2,5.5,3.62,4.6,0,0,0,0,0,0,1,0
786,23,2,1,2,2,1,46,1,0,1,0,1,1,3,0,16,8.68,53.2,37.1,163,127.5,98.5,81,5.1,5.4,1.53,1.97,0,0,1,1,0,0,1,1
787,23,2,1,2,2,1,58,1,1,1,0,1,1,4,0,15.8,8.57,45.7,25.5,166,132.5,94.5,88,5,5.7,3.86,3.83,1,1,1,1,0,0,0,0
788,23,2,1,2,2,1,59,1,0,1,0,1,1,2,1,12.1,14.8,38.9,43.3,161,155,94.5,88,4.7,5.1,1.03,2.26,0,0,0,0,0,0,1,1
789,23,2,1,2,2,1,62,1,0,1,0,1,1,3,0,19.6,11.9,55.4,30,149.5,125.5,88.5,80,5.7,6.7,3.63,5.27,0,0,1,0,0,0,1,0
790,23,2,1,2,2,1,63,0,0,1,0,1,1,4,0,14.6,11,42.7,29.7,165,159,83,89,4.8,5.1,2.23,3.67,1,0,0,0,0,0,1,1
791,23,2,1,2,2,1,63,0,0,1,0,1,1,3,0,11.7,10.2,34.8,30.2,159.5,155,85.5,90,5.3,6.1,1.98,2.56,0,0,0,0,0,0,0,0
792,23,2,1,2,2,1,61,0,0,1,0,1,1,3,1,12.7,9.56,36.7,26.4,142.5,143,89,87.5,5.6,5.6,3.05,3.03,0,0,0,0,0,0,0,1
793,23,2,1,2,2,1,66,0,0,1,0,1,1,3,0,20.4,9.64,46.1,18.9,148.5,135,84.5,88.5,4.7,5.2,5.14,4.34,0,0,0,0,0,0,1,1
794,23,2,1,2,2,1,62,1,0,1,0,1,1,4,0,25.9,16.3,59.8,36.8,167.5,138,104.5,92,4.8,5.3,4.3,3.99,1,1,1,1,0,0,1,1
795,23,2,1,2,2,1,50,0,0,1,0,1,1,3,0,17.7,7.34,68.8,40.4,200.5,148,95,83.5,10.4,9.8,3.56,5.68,0,0,0,0,0,0,0,1
796,23,2,1,2,2,1,64,1,0,1,0,1,1,4,0,29,20.3,72.3,50.4,181,146,84.5,83,6.2,6.8,1.8,2.41,1,1,1,1,0,0,0,1
797,23,2,1,2,2,1,69,1,1,1,0,1,1,3,0,20.2,14.1,54.3,32.3,169.5,138,94.5,79.5,5.2,5.9,3.32,3.43,0,0,0,1,0,0,0,0
798,23,2,1,2,2,1,47,1,0,1,0,1,1,3,1,21.7,8.11,64.3,35.8,152,123,98.5,81,4.9,5,3.11,2.81,0,0,0,0,0,0,1,1
799,23,2,1,2,2,1,60,1,0,1,0,1,1,2,1,14.4,8.66,44.3,25.5,169.5,136.5,90,85.5,5,5,1.94,1.74,0,0,0,1,0,0,0,0
800,23,2,1,2,2,1,57,1,0,1,0,1,1,1,1,18.4,13.3,54.4,39.8,164.5,140.5,95,87,4.3,5.1,2.18,3.09,0,0,0,0,0,0,1,0
801,23,2,1,2,2,1,61,1,0,1,0,1,1,3,0,33.9,24,80.5,69,176,175,88.5,90,7.6,5.4,4.37,3.73,0,0,1,1,0,0,1,0
802,23,2,1,2,2,1,57,0,0,1,0,1,1,3,0,23.9,8.97,70.2,31.9,185.5,146,87,86.5,6.8,6.7,2.88,4.24,0,0,0,0,0,0,1,1
803,23,2,1,2,2,1,40,1,0,1,0,1,1,4,0,19.2,16.9,64.2,55.1,150.5,135,88.5,95,6.4,5.7,2.52,2.49,1,1,0,1,0,0,0,1
804,23,2,1,2,2,1,57,0,0,1,0,1,1,3,0,14.5,6.28,47.8,22.5,148,113.5,92.5,71,6.8,7.4,3.47,5.57,0,0,0,0,0,0,1,1
805,23,2,1,2,2,1,45,0,0,1,0,1,1,3,0,15.4,3.7,70.6,33.7,168.5,129,105,94,5.6,5.1,3.02,3.3,0,0,0,0,0,0,1,1
806,23,2,1,2,2,1,37,0,0,1,0,1,1,4,0,15,5.51,79.8,54,173,143,103,87,7.6,5.1,3.82,2.15,1,1,0,0,0,0,1,1
807,23,2,1,2,2,1,45,0,0,1,0,1,1,3,0,11.9,6.61,62.4,46,175,135.5,100.5,84.5,5.7,5.3,2.73,3.43,0,0,0,0,0,0,1,1
808,23,2,1,2,2,1,51,0,0,0,0,1,1,3,0,12.2,5.27,54.2,29.7,144,126,86.5,81.5,6.8,7.3,4.04,2.76,0,0,0,0,0,0,1,0
809,23,2,1,2,2,1,54,1,0,1,0,1,1,4,0,34.7,8.74,80.6,31.3,180.5,129,99,81.5,8.5,4.9,3.25,0.75,1,1,0,0,0,0,0,1
810,23,2,1,2,2,1,58,0,0,1,0,1,1,3,0,18.5,9.53,56.9,31.2,146.5,125,91,76.5,6.7,5.9,2.59,2.3,0,0,0,0,0,0,0,0
811,23,2,1,2,2,1,36,1,0,1,0,0,1,3,0,24.7,6.42,66.1,42,174,141,115.5,93,5,5.4,1.89,1.87,0,0,0,0,0,0,1,1
812,23,2,1,2,2,1,79,1,1,0,0,1,1,2,1,38.7,34.4,32.8,23.7,178.5,158,89.5,86.5,8.9,7,3.17,4.42,0,0,1,1,0,1,0,0
813,23,2,1,2,2,1,53,1,0,1,0,1,1,4,0,40.2,12.1,83.2,38.2,178,132,104.5,92.5,5.3,5.6,4.49,3.47,1,1,0,0,0,0,0,1
814,24,2,2,2,2,1,70,1,0,1,1,1,1,2,0,29.4,19.5,44.2,26.5,177.5,159,101.5,91,5.7,4.9,3.69,2.59,0,0,0,0,0,0,0,0
815,24,2,2,2,2,1,70,0,0,1,1,1,1,3,0,18.7,12.2,41.5,24,185.5,154,105.5,89,6.4,5.4,2.2,2.76,0,0,0,0,0,0,0,0
816,24,2,2,2,2,1,58,0,0,1,1,1,1,3,0,11.8,6.87,43,26,161,135,95,90.5,5.3,5.1,4.05,2.12,0,0,0,0,0,0,0,0
817,24,2,2,2,2,1,61,0,0,1,1,1,1,2,0,31.2,19,76.1,51.7,181,146.5,104.5,95,9,10.6,2.76,6.72,0,0,0,0,0,0,1,0
818,24,2,2,2,2,1,66,0,0,1,1,1,1,3,0,20.9,18.4,37.9,37.6,141,137,96,87.5,7.3,6.7,3.8,4.21,0,0,0,0,0,0,0,0
819,24,2,2,2,2,1,60,0,0,1,0,1,1,2,0,16.3,8.13,52.4,27.1,174,137.5,104.5,83,5.3,5.6,2.49,1.32,0,0,0,0,0,0,0,0
820,24,2,2,2,2,1,66,1,0,1,1,1,1,3,0,21.6,25.7,44,46.2,183,165,96.5,91,6.6,5.9,2.02,4.93,0,0,0,0,0,0,0,1
821,24,2,2,2,2,1,56,0,0,1,0,1,1,4,0,12.5,10.3,47.8,40.9,157.5,149.5,104.5,91,4.9,5.2,2.88,2.86,1,1,0,0,0,0,0,0
822,24,2,2,2,2,1,53,0,0,1,0,1,1,4,0,16.7,8.32,62.5,37.8,149,120.5,85.5,77.5,5.3,5.3,3.41,2.96,1,1,0,0,0,0,0,0
823,24,2,2,2,2,1,66,1,0,1,1,1,1,4,0,26.3,31,50.7,48.1,176,155,96,86,6,6.1,3.85,4.36,1,1,0,0,0,0,0,0
824,24,2,2,2,2,1,71,1,0,1,1,1,1,3,0,20.1,24.3,19.5,21.8,161,139,91,84.5,5.3,7.6,3.03,3.82,0,0,0,1,0,0,1,1
825,24,2,2,2,2,1,71,0,0,1,1,1,1,3,0,13.9,12.8,24.4,23.1,145.5,149,92,88,5.8,5.6,2.97,2.4,0,0,0,0,0,0,1,1
826,24,2,2,2,2,1,54,0,0,1,1,1,1,4,0,21.4,6.87,72.4,31.9,199,148,103,89,5.1,4.4,3.92,2.99,1,1,0,0,0,0,1,1
827,24,2,2,2,2,1,63,0,0,1,0,1,1,4,0,31.5,20.7,71.3,50.6,161,146,96.5,91,7.7,9.4,3.94,1.87,1,1,0,0,0,0,0,0
828,24,2,2,2,2,1,60,0,0,1,1,1,1,3,0,15.9,11.4,51,35.7,169.5,157,99,90,5.4,4.9,3.74,1.03,0,0,0,0,0,0,0,1
829,24,2,2,2,2,1,61,1,1,1,0,1,1,3,0,25.7,13.6,51.8,28.1,156,137,94,81,7.3,7.8,3.18,2.12,0,1,0,0,0,0,0,1
830,24,2,2,2,2,1,61,1,0,1,1,1,1,3,0,16.8,14.2,38.8,32.1,148,143.5,93,83.5,5.2,5.4,4.21,3.18,0,0,1,1,0,0,0,0
831,24,2,2,2,2,1,55,0,0,1,1,1,1,4,0,17.6,12.3,63.3,49,184,170,116,107,4.8,5.2,4.52,3.49,1,1,0,0,0,0,1,1
832,24,2,2,2,2,1,70,0,0,1,1,1,1,3,0,17.7,22.2,36,40.2,166,158.5,92.5,88.5,5.9,4.8,3.59,2.32,0,0,0,0,0,0,0,0
833,24,2,2,2,2,1,64,1,1,1,0,1,1,2,1,19.1,15.6,42.4,33.4,172.5,153,103,95.5,5.8,6.9,1.32,1.47,0,0,1,1,0,0,0,0
834,24,2,2,2,2,1,44,0,0,1,0,1,1,4,0,14,5.46,67.7,44.9,185.5,122.5,110.5,88,6.1,5.4,1.05,1.95,1,1,0,0,0,0,0,0
835,24,2,2,2,2,1,60,1,0,1,0,1,1,2,1,20.5,,52.6,,154.5,,89,,7.9,,2.45,,0,,0,,0,,1,
836,24,2,2,2,2,1,61,0,0,1,1,1,1,3,0,19.8,18.1,53.3,50.4,144,149,91,89,8.6,11.8,4.6,4.69,0,0,0,0,0,0,0,1
837,24,2,2,2,2,1,62,0,0,1,0,1,1,3,0,29.3,18.1,72.5,48.2,191.5,157,105.5,89,6.8,6.1,3.91,3.04,0,0,0,0,0,0,0,0
838,24,2,2,2,2,1,54,0,1,1,1,1,1,4,0,17.1,10.1,63.5,42.1,188,135,104.5,86,4.6,4.6,4.98,2.87,1,1,0,0,0,0,0,1
839,24,2,2,2,2,1,56,0,0,1,1,1,1,3,0,14.2,4.65,53.1,19.8,186,129,95,79,4.7,4.4,2.94,1.5,0,0,0,0,0,0,0,1
840,24,2,2,2,2,1,56,0,0,1,0,1,1,3,0,11.7,7.81,45.3,32.3,167.5,155.5,94.5,90.5,5.8,5.9,3.56,4.39,0,0,0,0,0,0,0,0
841,24,2,2,2,2,1,47,1,0,1,1,1,1,4,0,28.2,5.52,76,32.3,175,141.5,110,91.5,7.3,7.7,3.24,1.97,1,1,0,0,0,0,0,0
842,24,2,2,2,2,1,59,1,0,1,0,1,1,3,0,21.9,8.53,52.6,21.7,163.5,128.5,91.5,79.5,5.2,5.4,3.1,1.62,0,0,0,0,0,0,1,0
843,24,2,2,2,2,1,68,1,0,1,0,1,1,4,0,11,11.8,29.2,30.6,141,140,81.5,89,6.2,4.9,1.56,2.04,1,1,1,1,0,0,1,1
844,24,2,2,2,2,1,51,0,0,1,0,1,1,4,0,12.1,5.6,54.9,32.6,163.5,139,107,77,4.6,5.1,2.11,0.86,1,1,0,0,0,0,1,1
845,24,2,2,2,2,1,52,0,0,1,1,1,1,3,0,10.6,5.71,47.8,30.8,163.5,141,103.5,90,4.8,4.6,1.92,2.48,0,0,0,0,0,0,1,1
846,24,2,2,2,2,1,65,0,0,1,1,1,1,2,1,15.7,12.8,36,28.4,145.5,132,87.5,71.5,5.8,5.7,2.62,4.46,0,0,0,0,0,0,1,0
847,24,2,2,2,2,1,64,0,0,1,0,1,1,4,0,26.8,8.1,62.3,19,164.5,133,84,81,7.6,5.6,3.1,4.18,1,1,0,0,0,0,1,0
848,24,2,2,2,2,1,47,1,0,1,0,1,1,4,0,12.3,9.96,51.6,45.6,150.5,155,82.5,89,6.3,5.4,4.05,3.02,1,0,0,0,0,0,0,1
849,24,2,2,2,2,1,57,1,0,1,0,1,1,2,0,23.7,7.71,55,19.8,159.5,109.5,81.5,71.5,10.1,7.3,1.82,2.3,0,0,0,0,0,0,0,0
850,25,2,2,2,2,2,67,0,0,1,0,1,1,3,0,16.8,13.7,39.9,32,168,159,97,96.5,6.4,6.8,4.78,4.35,0,0,0,0,0,0,0,0
851,25,2,2,2,2,2,59,1,0,1,1,1,1,3,0,19.3,19.9,56.7,58.2,140.5,146,79,92,6.7,6.2,4.21,5.19,0,1,1,0,0,0,0,0
852,25,2,2,2,2,2,44,1,0,1,0,1,1,4,0,15,18.9,56.2,61.7,145,155,92,97,13.6,7.1,3.07,2.57,1,1,1,1,0,0,1,0
853,25,2,2,2,2,2,61,0,0,1,0,1,1,2,1,18.3,10.1,52.3,26,172,123,91,72,12.6,10.4,2.25,1.33,0,0,0,0,0,0,0,1
854,25,2,2,2,2,2,62,1,0,1,0,1,1,3,0,22.9,19.7,58.8,46.3,147,138.5,98,88.5,7.4,7.3,3.07,3.85,0,0,1,0,0,0,1,0
855,25,2,2,2,2,2,69,0,0,1,0,1,1,2,0,26,16.6,51,29.3,169.5,139,87.5,76,6.4,6.4,4.44,5.25,0,0,0,0,0,0,0,1
856,25,2,2,2,2,2,66,0,0,1,0,1,1,3,0,20.1,21.5,36.2,40.2,139,150,87,85.5,6.8,9,4.22,4.61,0,0,0,0,0,0,1,1
857,25,2,2,2,2,2,65,0,0,1,1,1,1,4,0,18.2,13.2,47.9,34.3,172,157,98.5,99.5,5.3,5.7,2.16,5.15,1,1,0,0,0,0,1,0
858,25,2,2,2,2,2,66,0,0,1,0,1,1,3,0,29.7,20.6,64.3,43.3,181.5,147,84.5,69,7.1,9.6,1.29,1.37,0,0,0,0,0,0,0,0
859,25,2,2,2,2,2,68,1,0,1,1,1,1,3,0,18.7,17.9,23.7,19.8,155.5,140.5,80.5,79,5.4,5.7,2.45,2.98,0,0,0,0,0,0,0,0
860,25,2,2,2,2,2,65,1,0,1,1,1,1,2,0,26.6,,59.1,,161,,83,,7.2,,3.87,,0,,0,,0,,0,
861,25,2,2,2,2,2,55,0,0,1,0,1,1,4,0,11.6,10.6,46.7,41.1,157.5,138,93,87.5,5.3,6.2,3.53,3.93,1,1,0,0,0,0,0,1
862,25,2,2,2,2,2,54,1,0,1,0,1,1,4,0,12.4,6.76,41,22.5,140.5,119,96.5,73.5,4.4,5.2,4.12,1.14,1,1,0,0,1,0,1,1
863,25,2,2,2,2,2,61,0,0,1,0,1,1,4,0,13.5,12.3,43.8,39.5,174.5,159.5,90.5,100,5.2,6.3,2.8,3.73,1,1,0,0,0,0,1,1
864,25,2,2,2,2,2,53,1,0,1,0,1,1,4,0,28,34.6,72.7,75.7,187,182.5,119,107,6.5,5.2,4.97,3.36,1,1,1,1,0,0,0,0
865,25,2,2,2,2,2,49,0,0,1,0,1,1,4,0,12.9,6.85,58.1,38.4,184.5,154,105.5,93,5.9,5.7,2.9,2.9,1,1,0,0,0,0,0,0
866,25,2,2,2,2,2,71,0,0,1,1,1,1,2,1,10.6,9.43,14.3,11.9,137,129,81,81,4.7,5.2,4.42,2.46,0,0,0,0,0,0,1,0
867,25,2,2,2,2,2,50,1,0,1,0,1,1,3,1,20.8,16.6,60.6,56.9,153,164.5,89,97,4.3,6.8,4.28,4.64,0,0,0,0,0,0,0,1
868,25,2,2,2,2,2,52,1,0,1,0,1,1,4,1,24.2,14.2,65,50.5,144.5,146.5,103.5,98.5,5.6,5.5,4.29,4.11,1,1,1,0,0,0,1,1
869,25,2,2,2,2,2,59,0,0,1,0,1,1,4,0,16.9,13.8,48.5,40.9,138,135,80.5,83,4.2,5.9,4.25,4.69,1,1,0,0,0,0,1,0
870,25,2,2,2,2,2,50,0,0,1,0,1,1,2,0,15.2,4.59,64.1,29.4,183,117,107,83,4.7,5.4,4,2.7,0,0,0,0,0,0,1,1
871,25,2,2,2,2,2,64,1,0,1,0,1,1,4,0,27.7,21.1,63.8,52.7,153.5,181,80.5,93.5,5.2,6.1,6.27,4.65,1,1,0,0,0,0,0,0
872,25,2,2,2,2,2,53,0,0,1,0,1,1,4,0,19.2,20.3,69.8,70.6,185,151,115,87,5.7,5.4,6.57,4.23,1,1,0,0,0,0,1,1
873,25,2,2,2,2,2,44,1,0,1,0,1,1,4,0,15.5,2.77,59.6,23.5,152.5,127,98,81,6.1,5.4,3.82,2.16,1,1,1,1,0,0,1,0
874,25,2,2,2,2,2,39,1,0,1,0,1,1,4,0,43.6,25.9,85.6,67.7,152.5,145,97.5,96.5,7.2,5.4,4.44,2.2,1,1,1,1,0,0,0,1
875,25,2,2,2,2,2,55,1,0,1,0,1,1,4,0,15.7,12.5,44.4,36.4,141,132,89.5,88.5,9.8,7.5,1.68,1.91,1,1,0,0,0,0,0,0
876,25,2,2,2,2,2,50,0,0,1,0,1,1,4,0,18,5.36,70.2,32.4,159.5,152.5,97.5,98,7.4,6.2,3.59,4.85,1,1,0,0,0,0,0,0
877,25,2,2,2,2,2,71,0,0,1,0,1,1,4,0,30.6,29.3,52.7,48.9,164,158,83,76.5,4.3,7.3,5.06,5.38,1,0,0,0,0,1,1,0
878,25,2,2,2,2,2,60,0,0,1,0,1,1,4,0,15.4,17.8,49.3,48.5,162.5,147,84,78.5,6.4,5.3,3.24,2.98,1,0,0,0,0,0,0,1
879,25,2,2,2,2,2,55,0,0,1,0,1,1,4,0,16.6,13,58.3,48.8,148,139,89.5,85.5,7.3,6.8,2.17,2.59,1,1,0,0,0,0,1,1
880,25,2,2,2,2,2,55,1,0,1,0,1,1,3,0,13.5,8.89,47.7,34.2,153,127,80,87.5,6.9,6.2,4.58,4.92,0,0,1,0,0,0,1,1
881,25,2,2,2,2,2,50,0,0,1,0,1,1,4,0,13.4,5.36,61.1,32.4,163.5,113,92,79.5,5.8,6.6,6.26,3.13,1,1,0,0,0,0,1,1
882,25,2,2,2,2,2,53,1,0,1,0,1,1,3,0,26.8,11.4,69.3,40.4,155.5,125.5,97,84.5,6.6,5.8,3.41,4.75,0,0,1,1,0,0,1,0
883,25,2,2,2,2,2,40,1,1,1,0,1,1,3,0,17.9,7.64,67,40.8,152.5,139,93,87,8.4,4.7,3.86,1.93,0,0,0,1,0,0,0,0
884,25,2,2,2,2,2,48,1,1,0,0,1,1,4,0,12.7,5.53,47.5,29.9,166,137,122.5,83,8.1,5.2,3.5,2.2,1,0,0,0,0,0,0,1
885,26,1,2,1,1,2,75,0,0,1,1,1,1,4,0,25.7,28.7,25.4,35.3,124,149,67.5,91,7.1,7.1,4.11,3.71,1,0,0,0,0,1,1,1
886,26,1,2,1,1,2,58,1,1,1,0,1,1,3,0,25.8,20.3,58.2,47.7,141.5,135,95.5,87.5,6.4,5.4,5.72,4.93,0,0,1,1,0,0,0,0
887,26,1,2,1,1,2,70,0,0,1,1,1,1,4,0,19.8,11.6,37.2,18.4,152,123.5,73.5,86.5,5.8,5.9,4.43,2.96,1,1,0,0,0,0,0,0
888,26,1,2,1,1,2,65,1,0,1,0,1,1,4,0,13.9,10.2,25.4,15.1,134.5,134,80,83,4.8,5.4,3.87,2.12,1,1,0,0,0,0,1,0
889,26,1,2,1,1,2,52,1,0,1,0,1,1,3,0,12.8,11.2,47.5,41.3,132,135,90,85,4.9,4.8,4.6,2.49,0,0,1,1,0,0,0,0
890,26,1,2,1,1,2,65,1,0,1,0,1,1,3,0,31.7,25.6,50.9,37.9,158,139,110,89.5,7.4,6.7,4.12,3.98,0,0,0,0,0,0,0,0
891,26,1,2,1,1,2,61,0,0,1,1,1,1,4,0,17.3,7.77,54.1,24.5,177,127,87.5,83,5.5,6.3,1.93,3.15,1,1,0,0,0,0,0,0
892,26,1,2,1,1,2,55,0,0,1,0,1,1,4,0,15.6,10.7,55.8,42,141.5,137,88,83.5,6.1,6.9,4.52,3.42,1,1,0,0,0,0,1,0
893,26,1,2,1,1,2,65,0,0,1,0,1,1,4,0,12.9,8.41,27.1,17.3,133.5,125,84,75,5.2,5.3,3.22,5.41,1,1,0,0,0,1,1,1
894,26,1,2,1,1,2,67,1,0,1,0,1,1,4,0,18.3,10.3,47.8,20.5,144,125,81.5,77.5,4.9,5.6,4.89,3.03,1,1,1,1,0,0,0,0
895,26,1,2,1,1,2,65,0,0,1,1,1,1,4,0,10.1,9.26,21.5,20.8,135,146.5,77,81.5,4.9,4.9,2.27,2.52,1,1,0,0,0,0,0,0
896,26,1,2,1,1,2,58,0,0,1,0,1,1,4,0,21.7,15.3,64.4,49.5,155.5,141,81.5,86.5,7.2,6.4,4.46,4.05,1,1,0,0,0,0,0,0
897,26,1,2,1,1,2,50,1,0,1,0,1,1,4,0,15.7,6.81,53.8,29.5,143,116.5,93,72.5,5.7,5.2,2.66,1.91,1,1,0,0,0,0,1,0
898,26,1,2,1,1,2,50,0,0,1,0,1,1,3,0,11.7,5.35,55.7,32.7,137.5,126,97.5,81,11.4,6.4,4.09,3.87,0,0,0,0,0,0,0,0
899,26,1,2,1,1,2,52,1,0,1,0,1,1,4,0,10.6,5.63,42.9,24.4,165,128.5,92,87,5.4,5.8,3.09,2.58,1,1,0,0,0,0,1,0
900,26,1,2,1,1,2,72,0,0,1,1,1,1,4,0,28.3,18.2,46.3,24,165.5,127.5,79.5,71,6.4,6.3,5.04,4.39,1,1,0,0,0,0,0,0
901,26,1,2,1,1,2,68,0,0,1,1,1,1,3,0,14.3,12.8,22.6,17.8,112,115,77.5,75,5.3,5.2,4.13,2.81,0,0,0,0,0,0,0,0
902,26,1,2,1,1,2,52,1,0,1,0,1,1,4,0,21.8,6.9,60.1,27.4,155,131.5,101,82.5,7.2,6.2,3.41,2.73,1,0,1,1,0,0,1,0
903,26,1,2,1,1,2,59,1,0,1,0,1,1,4,0,12.9,16.7,29.7,37.4,124,137,71,75.5,6.7,6,3.34,3.56,1,0,0,0,1,0,1,0
904,26,1,2,1,1,2,60,0,1,1,0,1,1,3,0,14,14,40.5,39.5,128.5,141,74,83,4.8,5.2,3.14,5.2,0,0,0,0,0,0,1,0
905,26,1,2,1,1,2,61,0,0,1,0,1,1,3,0,17.7,11.1,47.5,30.9,136,122.5,79,72,6.9,5.8,4.17,4.49,0,0,0,0,0,0,1,1
906,26,1,2,1,1,2,59,0,0,1,1,1,1,3,0,14.2,10.1,43.5,32.3,140,132.5,83,85.5,6.6,5.4,4.78,4.2,0,0,0,0,0,0,1,0
907,26,1,2,1,1,2,61,1,0,1,0,1,1,4,0,13.6,11.5,36,29.8,144.5,137.5,103.5,87.5,4.7,5.5,2.42,2,1,1,1,1,0,0,0,0
908,26,1,2,1,1,2,43,1,0,1,0,1,1,4,0,11.4,3.62,53.4,30.6,127,117,86,72.5,5.5,5.3,4.87,3.82,1,1,1,0,0,0,1,0
909,26,1,2,1,1,2,50,1,1,1,0,1,1,3,0,10.5,8.36,42.2,34.8,138,132,95,84,5.3,5.9,4.19,4.11,0,0,0,0,0,0,0,0
910,26,1,2,1,1,2,65,1,0,1,0,1,1,3,0,10.4,10.6,25.9,22.7,112.5,122.5,70.5,78,4.9,4.8,4.87,4.66,0,0,1,1,0,0,0,0
911,26,1,2,1,1,2,55,1,0,1,1,1,1,4,0,38.5,10.5,84.6,35.6,157.5,131.5,101,89.5,8.1,6.3,6.54,3.41,1,1,1,0,0,0,0,0
912,26,1,2,1,1,2,63,0,0,1,0,1,1,2,0,23.6,12.4,59.6,28.5,171.5,131,96,82,6.4,6.3,4.18,3.34,0,0,0,0,0,0,0,0
913,26,1,2,1,1,2,59,1,0,1,0,1,1,4,0,28.9,16.2,71.6,40.9,153.5,131,84,80.5,6.7,5.6,3.24,5.55,1,1,1,0,0,0,0,0
914,26,1,2,1,1,2,51,1,0,1,0,1,1,3,0,26,12.5,69.8,43.1,154,133.5,108,85,6.1,5.7,3.69,2.07,0,0,0,0,0,0,0,0
915,26,1,2,1,1,2,54,1,0,1,0,1,1,4,0,22.4,11.5,64.7,40.9,157,144.5,101.5,83,4.9,5.2,3.33,2.13,1,1,1,0,0,0,1,0
916,26,1,2,1,1,2,41,1,0,1,0,1,1,3,0,25.9,13.4,69.3,50.7,152.5,134,93,82,5.9,5.5,4.36,3.94,0,0,1,0,0,0,1,0
917,26,1,2,1,1,2,35,1,0,1,0,1,1,3,0,14.7,2.2,56.8,30.8,161,136,97,91,5.3,5.1,2.48,2.41,0,0,1,1,0,0,1,0
918,26,1,2,1,1,2,46,1,0,1,0,1,1,3,0,24.2,8.3,64.8,35,160.5,124,106,87.5,6.7,6.7,2.03,1.73,0,1,1,1,0,0,0,0
919,26,1,2,1,1,2,36,1,0,1,0,1,1,4,0,31.7,3.53,70.2,33.1,162,127,94.5,75,6.9,5.3,3.32,3.71,1,0,1,0,0,0,1,0
920,26,1,2,1,1,2,52,1,0,1,0,1,1,4,0,24.2,12.2,64.9,44.8,162.5,137,112.5,93,7.7,6.2,2.04,3.5,1,1,1,0,0,0,0,0
921,26,1,2,1,1,2,51,1,0,1,0,1,1,4,0,15.6,15.9,49.9,50.8,138,131,83.5,78.5,5.8,5.1,2.2,3.02,1,0,1,0,0,0,1,0
922,27,2,1,1,1,1,54,1,0,1,1,1,1,2,1,20.3,14.3,52.8,41.1,155.5,127,99.5,91.5,7.4,8.6,2.45,3.52,0,0,1,1,0,0,0,1
923,27,2,1,1,1,1,56,0,0,1,1,1,1,4,0,10.7,7.94,39.6,32.8,122,134,71.5,81,9.4,5.4,5,3.79,1,1,0,0,0,0,1,1
924,27,2,1,1,1,1,57,0,0,1,1,1,1,3,0,21.7,13.8,65.7,45.9,161,145,84.5,73,10.1,6.3,3.4,3.16,0,0,0,0,0,0,1,1
925,27,2,1,1,1,1,59,0,0,1,1,1,1,3,0,15.9,6.51,49.5,20.3,151,100.5,86.5,61,7.7,8.1,2.81,2.58,0,0,0,0,0,0,0,1
926,27,2,1,1,1,1,60,1,1,1,1,1,1,4,0,25.8,8.31,62.4,25.6,147.5,126,87.5,71,7.3,5.7,5.52,3.45,1,1,1,1,0,0,1,0
927,27,2,1,1,1,1,63,1,0,1,1,1,1,4,0,14.6,21.3,30.4,39.6,146.5,153,79.5,76.5,6.3,7.5,2.08,2.11,1,1,0,0,0,0,0,1
928,27,2,1,1,1,1,68,0,0,1,1,1,1,2,0,20.5,16,38.2,29.6,145.5,137.5,86.5,86,8.3,6.7,2.3,5.09,0,0,0,0,0,0,0,0
929,27,2,1,1,1,1,55,1,0,1,0,0,1,3,0,20.1,13.9,56.6,42.5,176.5,153.5,109.5,95,5.7,6.3,3.13,4.46,0,0,0,0,0,0,0,0
930,27,2,1,1,1,1,71,1,1,0,0,1,1,4,0,39.6,25.5,39.8,23,177,159.5,97.5,90,10.8,9.4,4.15,2.22,1,1,0,0,0,1,1,1
931,27,2,1,1,1,1,55,0,0,1,0,1,1,4,0,26.2,8.7,76.9,37,177,153,111.5,94,8.2,4.7,2.96,2.23,1,1,0,0,0,0,0,0
932,27,2,1,1,1,1,54,1,0,1,0,1,1,3,0,14.3,6.34,43.6,22,152,118,90,79,8.3,9.8,3.42,3.78,0,0,0,0,0,0,0,1
933,27,2,1,1,1,1,54,1,0,1,0,1,1,2,0,10.3,8.31,36.5,31.6,121,124,84.5,82.5,10.2,5.8,3.48,4.73,0,0,1,0,0,0,1,0
934,27,2,1,1,1,1,65,1,1,1,0,1,1,3,0,11,13.6,16.2,19.7,139,140,92.5,97,5.7,5.1,1.7,2.32,0,0,0,0,0,0,1,0
935,27,2,1,1,1,1,54,1,0,1,0,1,1,3,0,16.3,9.92,50.3,36.5,147,132.5,90.5,74,7.2,5.6,1.67,3.26,0,0,0,0,0,0,0,0
936,27,2,1,1,1,1,53,1,0,1,0,1,1,4,0,17.8,14.7,57,48.7,148.5,141.5,94.5,83.5,6.3,6.8,3.32,4.46,1,0,0,0,0,0,0,0
937,27,2,1,1,1,1,56,1,0,1,0,1,1,3,0,21.4,15.2,59.7,44.6,158.5,126,107,86.5,7.6,7.4,2.07,4.72,0,0,0,0,0,0,0,0
938,27,2,1,1,1,1,57,0,0,1,0,1,1,3,0,20.3,15.4,62.2,51.2,163.5,147,98.5,87,9.2,8.3,1.97,3.1,0,0,0,0,0,0,1,1
939,27,2,1,1,1,1,51,1,1,0,0,1,1,4,0,41.2,24,85.1,65,162.5,140,114,83,7.7,7.1,5.79,5.66,1,0,1,0,0,0,0,0
940,27,2,1,1,1,1,41,1,1,0,0,1,1,3,0,10.4,5.69,53.5,36,143.5,135,95,88.5,6.8,5.2,4.73,2.89,0,0,0,0,0,1,0,1
941,27,2,1,1,1,1,48,1,0,1,0,1,1,3,0,10.1,3.13,40.9,19.1,131,116.5,87,72.5,5.7,6.6,3.81,1.76,0,0,1,1,0,0,0,0
942,27,2,1,1,1,1,47,1,0,1,0,1,1,4,0,10.6,7.06,44.2,35.6,141,138,89,85,5.8,4.8,3.92,2.83,1,1,0,0,0,0,1,0
943,27,2,1,1,1,1,54,1,0,1,0,1,1,3,0,14.4,7.32,47.3,26.4,149,127,100,76.5,6.2,5.6,4.02,1.86,0,0,0,0,0,0,0,0
944,27,2,1,1,1,1,53,0,0,1,0,1,1,3,0,10.3,5.51,45.6,27.7,157.5,133.5,102.5,84,5.2,5.9,2.77,6.56,0,0,0,0,0,0,0,1
945,27,2,1,1,1,1,58,1,0,1,0,1,1,3,0,17.7,14.4,49.4,40.6,163.5,149,98,92.5,5.7,6.4,3.81,4.87,0,0,1,1,0,0,1,0
946,27,2,1,1,1,1,44,1,0,1,0,1,1,4,0,21.5,16,66.5,66.5,157,157,112.5,98,7.1,5.4,3.12,5.66,1,1,1,1,0,0,0,0
947,27,2,1,1,1,1,49,1,0,1,0,1,1,3,0,23.1,11.8,65.9,44.2,179.5,153.5,112,103,5.4,5.5,2.4,2.42,0,0,0,0,0,0,1,1
948,27,2,1,1,1,1,47,0,0,1,0,1,1,4,0,18.7,9.02,74.9,54.9,191,149.5,116.5,91,6.1,5.8,2.76,2.26,1,1,0,0,0,0,1,0
949,27,2,1,1,1,1,59,0,0,1,0,1,1,3,0,18.3,5.67,53.7,19.7,143.5,116.5,92.5,80.5,7,5.3,3.07,2.89,0,0,0,0,0,0,1,1
950,27,2,1,1,1,1,48,0,1,0,0,1,1,4,0,18.9,8.77,75,48.9,167.5,137,99,87,6.2,5.4,4.67,2.73,1,1,0,0,0,0,0,1
951,27,2,1,1,1,1,55,0,0,1,1,1,1,3,0,13.7,8.02,53.2,34.6,177,149,99,92.5,5.8,5.4,2,2.81,0,1,0,0,0,0,0,0
952,27,2,1,1,1,1,51,0,1,0,0,1,1,3,0,27.5,5.2,83.7,29.7,184.5,125,102.5,81.5,7.7,9.8,4.91,4.54,0,0,0,0,0,0,0,0
953,27,2,1,1,1,1,41,1,0,1,0,1,1,4,0,26,9.25,69.5,56.7,156.5,144,94,85,5.6,5.2,3.28,5.68,1,1,1,0,0,0,1,1
954,27,2,1,1,1,1,43,0,0,1,0,1,1,4,0,13.1,2.25,71.1,25.9,154,134,99.5,82.5,9.4,5.9,4.05,2.43,1,1,0,0,0,0,1,0
955,27,2,1,1,1,1,35,1,1,1,0,1,1,4,0,18.1,2.55,67.6,34.6,154,140,112,92,7.6,5.2,3.42,3.78,1,1,1,1,0,0,1,0
956,27,2,1,1,1,1,55,1,0,1,0,1,1,4,0,30,13,71.3,41.3,169,145,101,84,7.1,6.2,3.77,2.9,1,1,1,1,0,0,0,0
957,28,1,2,2,2,1,68,1,0,1,0,1,1,3,0,22.7,17.7,41.6,19.8,180.5,141,99,91,5.6,6.2,2.21,5.37,0,0,0,0,0,0,0,0
958,28,1,2,2,2,1,61,0,0,1,1,1,1,4,0,19,9.92,57.8,31.6,177,142,111.5,93,5.6,6.6,3.65,4.29,1,1,0,0,0,0,1,0
959,28,1,2,2,2,1,59,0,0,1,1,1,1,4,0,16.1,9.51,46.4,28.3,145,121.5,89.5,78.5,7.6,7.6,1.64,2.29,1,1,0,0,0,0,1,1
960,28,1,2,2,2,1,60,0,0,1,0,1,1,4,0,28.5,11.1,73.8,33.2,179,129.5,107.5,72,7.9,9.2,3.96,2.57,1,1,0,0,0,0,0,0
961,28,1,2,2,2,1,57,1,0,1,1,1,1,4,0,20.3,17,51.6,44.1,149.5,150,85,87,8.2,5.6,2.36,3.17,1,1,1,0,0,0,1,1
962,28,1,2,2,2,1,60,0,0,1,1,1,1,3,0,13.1,6.13,43.6,20.7,174,133,81.5,80,5.6,5.3,1.47,3.82,0,0,0,0,0,0,1,1
963,28,1,2,2,2,1,65,0,0,1,1,1,1,4,0,32.8,19.3,70.6,41.4,178,136,95.5,80.5,7.1,6,1.56,1.45,1,1,0,0,0,0,1,0
964,28,1,2,2,2,1,61,1,1,1,1,1,1,4,0,20.2,20,51.2,43.4,161,137.5,106.5,93.5,5.3,7.4,3.15,3.59,1,1,1,1,0,0,0,0
965,28,1,2,2,2,1,66,1,0,1,1,1,1,3,0,32.7,26.3,60.3,44.2,166,143.5,92,82,7.9,6.4,4.49,3.53,0,0,0,1,0,0,0,1
966,28,1,2,2,2,1,77,1,0,0,0,1,1,4,0,36.8,30.7,28.1,17.6,164,152,95.5,83,9.2,5.1,4.14,3.4,1,1,0,0,0,1,1,1
967,28,1,2,2,2,1,60,1,0,1,0,1,1,3,0,16.2,15.1,32.9,31.6,148.5,131,93,87.5,7.4,5.4,2.14,2.25,0,0,0,0,0,0,0,0
968,28,1,2,2,2,1,64,0,0,1,1,1,1,4,0,32.1,23.2,71.6,54.3,170.5,154.5,85.5,92.5,8.8,9.4,2.67,2.84,1,1,0,0,0,0,1,1
969,28,1,2,2,2,1,60,0,0,1,1,1,1,4,0,17.1,10.9,54.5,35.9,173,143.5,85,83,4.7,6.4,2.51,3.75,1,1,0,0,0,0,1,1
970,28,1,2,2,2,1,57,0,0,1,0,1,1,2,0,21.7,11.6,66.5,41.1,169,143,89.5,85,5.1,6,4.2,3.96,0,0,0,0,0,0,0,0
971,28,1,2,2,2,1,60,0,0,1,1,1,1,2,1,10.1,6.66,34.1,23,158.5,143.5,91,88.5,5,5.6,3.55,4.04,0,0,0,0,0,0,0,0
972,28,1,2,2,2,1,55,0,0,1,1,1,1,4,0,25.4,9.19,76.1,36.9,166,129,103,89,13.1,6.4,1.74,1.54,1,0,0,0,0,0,0,0
973,28,1,2,2,2,1,64,1,1,0,0,1,1,2,1,34.3,,60.8,,189,,100,,7.1,,2.03,,0,,0,,1,,0,
974,28,1,2,2,2,1,55,1,0,1,0,1,1,3,0,11.1,3.38,35.6,12.5,150.5,119.5,100,72,5.7,5.7,2.06,1.29,0,0,0,0,0,0,0,0
975,28,1,2,2,2,1,61,1,1,1,0,1,1,3,0,18.6,13.1,46.5,32.1,158,138,92,87.5,5.1,5.4,3.57,2.99,0,0,1,1,0,0,1,0
976,28,1,2,2,2,1,63,0,0,1,0,1,1,3,0,10.4,7.87,29.3,16.4,138.5,103,68.5,75,5.3,6.2,5.7,4.11,0,0,0,0,0,0,0,0
977,28,1,2,2,2,1,59,1,0,1,0,1,1,4,0,21.2,9.71,52.8,24.3,148,120.5,96.5,85,5.4,6.4,4.17,4.02,1,1,1,0,0,0,0,0
978,28,1,2,2,2,1,66,0,0,1,0,1,1,3,0,25.8,21.6,53.2,40.3,153,151,86,87.5,5.1,4.4,4.82,3.2,0,0,0,0,0,0,1,0
979,28,1,2,2,2,1,52,0,0,1,1,1,1,2,1,11.3,3.46,48.6,19.2,181,124.5,102,82.5,5.4,5.8,3.47,3.59,0,0,0,0,0,0,0,0
980,28,1,2,2,2,1,53,1,0,1,0,1,1,3,0,23.6,10.5,64.1,38.1,174,157,113,92,3.3,5.2,3.27,2.13,0,0,1,1,0,0,0,0
981,28,1,2,2,2,1,55,0,0,1,1,1,1,4,0,16,6.5,59.3,29.1,181,132,86,77,5.4,6.5,4.82,6.01,1,1,0,0,0,0,0,0
982,28,1,2,2,2,1,54,0,0,1,0,1,1,4,0,18.9,8.09,67,36.4,201.5,150,115.5,83,6.1,5.6,1.71,2.56,1,1,0,0,0,0,1,1
983,28,1,2,2,2,1,51,1,1,1,0,1,1,4,0,24,5.84,67.6,27.1,162.5,127,90.5,73,4.8,5.8,4.41,3.03,1,1,1,0,0,0,0,1
984,28,1,2,2,2,1,56,0,0,1,0,1,1,4,0,12.5,6.4,47.8,27,170,146,93.5,83,5.2,6.4,2.78,3.19,1,0,0,0,0,0,0,0
985,28,1,2,2,2,1,55,1,0,0,0,1,1,4,0,17.2,9.9,53.5,35.2,147.5,132.5,85.5,77,6.7,7.2,3.05,4.25,1,1,0,0,0,0,1,0
986,28,1,2,2,2,1,50,0,0,1,0,1,1,4,0,11.4,7.08,55.6,42.4,157.5,121,95.5,80.5,5.2,6.1,3.98,5.88,1,1,0,0,0,0,1,1
987,28,1,2,2,2,1,57,0,0,1,0,1,1,3,0,19.5,16.2,60.8,52,151,149,84,87,6.2,7.4,3.24,2.67,0,0,0,0,0,0,0,0
988,28,1,2,2,2,1,58,0,0,1,1,1,1,3,0,10.6,10.1,39.2,34.2,158,131,82,73,6.6,8.4,3.09,2.85,0,0,0,0,0,0,1,1
989,28,1,2,2,2,1,39,1,0,1,0,1,1,4,0,19.9,25.9,65.4,74.3,152,153,90,89,7.6,7.2,2.42,5.7,1,1,0,0,0,1,0,0
990,28,1,2,2,2,1,56,0,0,1,0,1,1,3,0,16.9,9.02,57.2,34.2,152.5,129,99.5,89,6.6,7.3,4.6,3.24,0,0,0,0,0,0,0,0
991,28,1,2,2,2,1,53,0,0,1,1,1,1,4,0,15.4,10.8,61.5,47.2,162.5,140,102.5,90,5.8,5.9,2.44,3.13,1,1,0,0,0,0,1,1
992,28,1,2,2,2,1,50,0,1,1,0,1,1,3,0,17.2,8.4,67.8,43.3,169.5,137,108.5,82,5.8,6.8,5.21,3.91,0,0,0,0,0,0,0,0
993,29,1,2,2,2,2,56,1,0,1,0,1,1,4,0,17.3,20.9,55.7,57.9,160,147,86.5,83.5,5.2,8.4,3.23,3.62,1,0,0,0,0,0,0,1
994,29,1,2,2,2,2,55,1,0,1,1,1,1,4,0,20.9,11,59,36.4,151,144.5,93.5,88.5,5.2,5.4,4.59,4.06,1,1,1,1,0,0,1,0
995,29,1,2,2,2,2,79,0,0,1,1,1,1,3,0,33.4,26.1,20,12.6,141,124.5,70.5,79,7.9,6.8,3.76,4.95,0,0,0,0,0,0,0,0
996,29,1,2,2,2,2,76,0,0,1,1,1,1,3,0,27.1,27.5,40.6,23.3,182,145,93,81,6.2,5.8,5.2,2.34,0,0,0,0,0,0,1,0
997,29,1,2,2,2,2,64,1,0,1,1,1,1,3,0,19.6,9.24,29,11.9,142.5,116,77,67,6.3,4.4,4.69,2.23,0,0,0,0,0,0,1,0
998,29,1,2,2,2,2,44,1,0,1,0,1,1,3,0,19.9,13.2,66,49.1,180.5,157,114.5,86,5.1,5.2,2.71,1.65,0,0,0,0,0,0,1,1
999,29,1,2,2,2,2,83,1,0,1,1,1,1,3,0,15.9,17.2,7.7,6.79,160,153,77.5,76,5.5,6.8,3.48,2.44,0,0,1,1,0,0,0,0
1000,29,1,2,2,2,2,76,1,0,1,0,1,1,2,0,26.7,33.2,22.2,12.5,167.5,141.5,84.5,69.5,6,5.7,3.09,3.38,0,0,0,0,0,0,0,0
1001,29,1,2,2,2,2,60,0,0,0,1,1,1,4,0,10.6,9.68,33,26.9,139.5,115,97.5,85,6,6,3.42,4.96,1,1,0,0,0,1,0,0
1002,29,1,2,2,2,2,62,0,0,1,1,1,1,3,0,19.2,13.2,47.3,34.7,155,131,82,80.5,6.7,6.8,3.35,1.9,0,0,0,0,0,0,0,0
1003,29,1,2,2,2,2,68,0,0,1,1,1,1,3,0,16.6,12.2,41,25.8,185.5,146.5,84.5,75,4.4,6.9,4.47,4.46,0,0,0,0,0,0,1,1
1004,29,1,2,2,2,2,61,0,1,1,0,1,1,4,0,14.8,6.86,44.6,19.9,173.5,125.5,107,82,5.3,6.3,4.91,4.76,1,0,0,0,0,0,1,1
1005,29,1,2,2,2,2,59,1,1,1,0,1,1,3,0,14,6.97,45.1,21,159.5,121,95.5,86,6.1,6.6,1.87,4.52,0,0,0,0,0,0,0,0
1006,29,1,2,2,2,2,55,1,0,1,1,1,1,4,0,15.2,17.6,45.9,46.5,159.5,145,91,89.5,6.1,6.8,1.54,2.09,1,0,1,1,0,0,1,1
1007,29,1,2,2,2,2,62,0,0,1,0,1,1,3,0,10.7,9.47,32.6,28.4,151,142.5,83.5,80.5,5.8,5.7,3.64,2.9,0,0,0,0,0,0,1,1
1008,29,1,2,2,2,2,60,0,1,0,0,1,1,3,1,27.8,14.7,73.3,43.7,196.5,146,107.5,84.5,8.4,9.6,4.51,3.58,0,0,0,0,0,0,0,0
1009,29,1,2,2,2,2,62,0,0,1,1,1,1,3,0,10.3,6.57,31.8,18.9,148.5,120,85.5,78,5.1,5.6,5.69,2.98,0,1,0,0,0,0,0,1
1010,29,1,2,2,2,2,78,1,0,1,1,1,1,4,0,16.5,14,23.7,15.5,179.5,154,80.5,75.5,5.6,5.9,2.03,2.89,1,1,0,0,0,0,0,0
1011,29,1,2,2,2,2,59,0,0,1,1,1,1,2,1,10.8,6.8,32.6,20.8,137.5,123.5,73.5,74.5,7.9,5.4,4.68,2.25,0,0,0,0,0,0,1,1
1012,29,1,2,2,2,2,67,1,0,1,0,1,1,3,0,20.1,17.4,33.2,29.5,142.5,143,87,89,10.1,5.4,2.53,2.15,0,0,1,0,0,0,0,1
1013,29,1,2,2,2,2,71,1,0,1,0,1,1,3,0,24.5,19.7,40.4,23.2,167.5,137,100.5,88.5,5.3,5.6,4.77,2.6,0,0,1,1,0,0,0,1
1014,29,1,2,2,2,2,61,1,0,1,0,1,1,4,0,26.6,24.1,53.7,45.8,158.5,165.5,98,85,8.2,9.7,3.35,3.57,1,0,0,0,0,0,1,1
1015,29,1,2,2,2,2,60,1,0,1,0,1,1,4,0,10.6,8.71,25.3,21.1,152.5,134,96,87,6.7,5.4,1.58,1.23,1,1,0,0,0,0,1,1
1016,29,1,2,2,2,2,58,0,0,1,1,1,1,4,0,15.3,6.66,53.9,25.4,185,134.5,108.5,85.5,5.1,6.2,3.79,2.22,1,1,0,0,0,0,0,0
1017,29,1,2,2,2,2,65,1,0,1,0,1,1,4,0,32.9,30.1,52.2,47.4,156,150.5,85.5,88.5,8.2,6.7,4.65,4.89,1,1,0,0,0,0,0,0
1018,29,1,2,2,2,2,62,1,1,1,0,1,1,3,0,15.7,21,39.5,42.8,152,140.5,88.5,86.5,5.7,7.2,1.83,2.99,0,0,1,1,0,0,0,0
1019,29,1,2,2,2,2,48,1,0,1,0,1,1,4,0,20.3,6.54,63.2,30,156.5,119.5,97,93,7.7,6,2.89,2.67,1,1,0,1,0,0,0,0
1020,29,1,2,2,2,2,40,1,1,1,0,1,1,3,0,13.9,3.32,58.1,36,171.5,137,113.5,86.5,4.9,5.9,2,3.3,0,0,0,0,0,0,0,0
1021,29,1,2,2,2,2,50,1,0,1,0,1,1,3,1,17.6,8.23,56.7,34.5,160.5,140,102,86.5,5.2,5.8,3.27,3,0,0,0,0,0,0,1,1
1022,29,1,2,2,2,2,82,1,0,1,1,1,1,3,1,42.5,30.2,10.9,4.48,167.5,160,92.5,95,7.4,6.9,3.3,3.04,0,0,0,0,0,1,0,0
1023,29,1,2,2,2,2,51,0,0,1,0,1,1,3,0,10.4,2.5,48.5,16.3,165,117,97,68.5,5.6,4.7,3.11,2.19,0,0,0,0,0,0,0,1
1024,29,1,2,2,2,2,55,0,0,1,0,1,1,3,0,13.9,5.18,53.5,23.5,169,141,97,85.5,5.7,5.6,3.41,3.04,0,0,0,0,0,0,0,0
1025,29,1,2,2,2,2,61,0,0,1,0,1,1,3,0,15.8,9.22,48.9,30.6,171,152,97,81,5.7,5.7,3.23,3.61,0,0,0,0,0,0,0,0
1026,29,1,2,2,2,2,66,0,0,1,0,1,1,4,0,34.8,12.2,68.6,20,164,117.5,97,73,6.5,5.9,2.39,3.93,1,0,0,0,0,0,0,0
1027,29,1,2,2,2,2,46,0,1,0,0,1,1,3,0,16.6,2.47,73.4,23.3,162.5,125,122,77,7.8,4.9,4.13,1.53,0,0,0,0,0,0,0,1
1028,30,1,2,2,2,1,72,1,0,1,1,1,1,3,0,21.9,18.2,22.7,17.6,144,139,100.5,86.5,6.7,6.9,4.2,2.92,0,0,0,0,0,0,1,0
1029,30,1,2,2,2,1,70,1,0,1,1,1,1,4,0,20.9,15.8,22.2,14,146.5,126,79.5,79.5,7.4,9.4,1.54,1.49,1,1,1,1,0,0,1,0
1030,30,1,2,2,2,1,67,1,1,1,1,1,1,2,1,15,16.1,25.8,21.9,135,137.5,72.5,88.5,3.5,5,3.08,2.6,0,0,1,1,0,0,0,0
1031,30,1,2,2,2,1,69,1,0,1,1,1,1,4,0,24,17.7,33.8,23.7,152.5,146,85,81,5.7,6.2,3.84,3.24,1,0,0,0,0,0,0,0
1032,30,1,2,2,2,1,58,0,0,1,0,1,1,4,0,14.8,8.99,51.4,33.6,160,137.5,80,79.5,5.6,5,3.19,2.83,1,1,0,0,0,0,1,1
1033,30,1,2,2,2,1,66,1,0,1,0,1,1,4,0,24.4,,45.9,,158.5,,84,,8.9,,3.89,,1,,0,,0,,1,
1034,30,1,2,2,2,1,65,0,0,1,0,1,1,2,0,15.5,9.36,42.4,23.9,179.5,146.5,83.5,85,5.3,5.6,4.93,4.88,0,0,0,0,0,0,1,0
1035,30,1,2,2,2,1,62,1,0,1,0,1,1,2,1,29.4,11.8,75.8,35.1,182,138.5,101.5,77.5,5.9,5.7,4.28,2.36,0,0,1,1,0,0,0,0
1036,30,1,2,2,2,1,59,1,0,1,0,1,1,3,1,17.2,7.93,41.9,19.9,154.5,122,103.5,83,4.7,5.4,2.68,2.34,0,0,0,0,0,0,0,0
1037,30,1,2,2,2,1,71,0,0,1,1,1,1,2,0,14.6,13.1,28.4,23.2,164.5,147,76,69.5,4.9,5.1,2.51,3.42,0,0,0,0,0,0,0,1
1038,30,1,2,2,2,1,55,1,0,1,0,1,1,2,1,10.9,3.71,34.2,13.2,145.5,116,87,77,4.8,4.7,1.87,1.51,0,0,0,0,0,0,1,0
1039,30,1,2,2,2,1,62,1,0,1,0,1,1,3,0,16,11.1,44.5,34.3,153.5,137,86,85,5.3,6.5,2.9,2.8,0,0,0,0,1,0,1,0
1040,30,1,2,2,2,1,75,1,0,0,0,1,1,2,1,28.9,26,30.6,23.6,163.5,149,96,87,6.4,6.2,3.61,3.87,0,0,1,1,0,1,0,0
1041,30,1,2,2,2,1,54,0,0,1,0,1,1,4,0,16.4,13.6,59.9,52.5,147,136.5,83,86.5,12.4,15.2,4.11,6.17,1,1,0,0,0,0,0,0
1042,30,1,2,2,2,1,59,1,0,1,0,1,1,3,0,18,13.7,45.5,29.6,162.5,137,81.5,88.5,4.8,5.6,5.23,5.85,0,0,0,0,0,0,1,0
1043,30,1,2,2,2,1,55,1,0,1,0,1,1,3,0,15.2,14.4,49.6,47.4,149,152,91.5,92.5,4.3,4.9,2.86,2.51,0,0,0,0,0,0,1,0
1044,30,1,2,2,2,1,68,0,0,1,0,1,1,3,0,23.5,14.6,41.4,23.1,164.5,137,75,75,9.7,9.2,5.83,4.52,0,0,0,0,0,0,0,0
1045,30,1,2,2,2,1,58,0,0,1,1,1,1,4,0,26.8,7.32,73.7,27.4,162.5,135,100,88,7.1,6.3,2.36,1.46,1,1,0,0,0,0,1,0
1046,30,1,2,2,2,1,54,0,0,1,0,1,1,2,0,11.4,9.75,48,40.1,162,139.5,97,88,5.4,6.4,3.57,2.02,0,0,0,0,0,0,0,0
1047,30,1,2,2,2,1,71,0,0,1,1,1,1,4,0,16.7,13.2,31.3,22.5,156.5,141,92.5,77.5,5,6.4,3.28,4.47,1,1,0,0,0,0,1,0
1048,30,1,2,2,2,1,37,1,0,1,0,1,1,4,0,29.4,7.95,70,50.3,160.5,131.5,117.5,86.5,5.1,5.3,4.39,4.79,1,1,1,1,0,0,0,0
1049,30,1,2,2,2,1,50,0,0,1,0,1,1,4,0,24.3,10.3,80.2,50.3,183.5,140.5,89,84,9.9,9,4.99,5.58,1,0,0,0,0,0,0,0
1050,30,1,2,2,2,1,56,0,0,1,1,1,1,4,0,11.4,10.2,44.4,38.2,149.5,121,95,80.5,5.2,7.1,3.05,3.5,1,1,0,0,0,0,0,0
1051,30,1,2,2,2,1,59,0,0,1,1,1,1,4,0,15.6,6.6,51.8,22.4,170.5,137,101.5,82.5,6.5,5.2,4.51,4.16,1,1,0,0,0,0,1,0
1052,30,1,2,2,2,1,60,0,0,1,0,1,1,4,0,43.5,19.6,90.9,54.5,192,138,113.5,83,4.5,4.8,4.21,2.89,1,1,0,0,0,0,0,0
1053,30,1,2,2,2,1,61,0,1,1,0,1,1,3,0,29.7,13.5,74.6,38,184.5,134,86.5,76.5,6.9,8.7,4.09,2.38,0,0,0,0,0,0,0,0
1054,30,1,2,2,2,1,54,1,0,1,0,1,1,3,0,23.1,6.59,62.8,23.4,161,116,92,82,5.8,4.8,3.72,2.4,0,0,1,1,0,0,1,0
1055,30,1,2,2,2,1,62,0,0,1,0,1,1,4,0,13.5,5.87,40.1,15.3,147.5,116,81,70.5,4.9,6,4.54,2.32,1,1,0,0,0,0,0,0
1056,30,1,2,2,2,1,53,1,0,0,0,1,1,4,0,23.5,13.4,63.1,41.8,159.5,137.5,96.5,87.5,11.8,11.6,2.65,2.13,1,1,1,1,1,1,1,0
1057,30,1,2,2,2,1,58,0,1,1,0,1,1,4,0,13.1,11.6,43.5,37.9,134.5,138.5,88.5,83,7.2,6.3,4.14,4.8,1,1,0,0,0,0,0,0
1058,30,1,2,2,2,1,53,1,0,1,0,1,1,3,0,26.3,16,73.6,50.7,172.5,137,107.5,88,4.7,6.3,4.24,3.66,0,0,0,0,0,0,0,0
1059,30,1,2,2,2,1,69,0,0,1,0,1,1,3,0,17.3,11.4,32.6,17.1,138.5,129.5,106.5,88,5.3,5.2,2.91,3.62,0,0,0,0,0,1,0,1
1060,30,1,2,2,2,1,69,1,0,1,0,1,1,4,0,20.8,19.7,50.2,36.1,171.5,144.5,101.5,87,5.1,7.1,4.09,3.43,1,1,0,0,0,0,0,0
1061,30,1,2,2,2,1,51,1,0,1,0,1,1,4,0,19.8,11.2,61.6,41,148.5,127.5,98.5,81.5,12.8,8.9,3.88,3.63,1,1,0,0,0,0,0,0
1062,30,1,2,2,2,1,47,1,1,0,0,1,1,3,0,13.3,6.25,52.7,32.1,142.5,121,102.5,83,4.6,5.7,4.08,3.81,0,0,0,0,0,0,0,0
1063,31,1,1,2,2,2,66,0,0,1,0,1,1,4,0,26.8,23.7,55.8,47.7,154.5,139.5,81,90,6,7,5.39,3.49,1,1,0,0,0,0,1,1
1064,31,1,1,2,2,2,67,0,0,1,0,1,1,3,0,26.2,23.4,54.6,43.2,171,166.5,101,86,8,5.9,4.04,5.2,0,0,0,0,0,0,1,0
1065,31,1,1,2,2,2,60,1,0,1,0,1,1,4,0,29.9,32.7,61.6,68,148.5,161,106,93,7.8,7.1,4.55,5.47,1,1,1,1,0,1,0,1
1066,31,1,1,2,2,2,57,0,0,1,0,0,1,4,0,27.3,16,76.4,52.8,176,138,107.5,76,7.2,6.1,3.17,3.2,1,1,0,0,0,0,1,1
1067,31,1,1,2,2,2,56,0,0,1,1,1,1,3,0,14.9,13.2,52.1,47.5,148.5,141,103,86.5,8.4,5.8,5.21,6.48,0,0,0,0,0,0,1,1
1068,31,1,1,2,2,2,60,1,0,1,0,1,1,4,0,35.6,21.3,70.7,42.7,184,152.5,119,82,7.1,5.5,2.33,3.56,1,0,0,0,0,0,0,0
1069,31,1,1,2,2,2,58,0,0,1,0,1,1,3,0,22.9,7.62,67,25.2,172,115,108.5,68,7.8,7.9,3.88,3.51,0,0,0,0,0,0,1,1
1070,31,1,1,2,2,2,64,0,0,1,0,1,1,4,0,20.2,17.9,48.6,38.7,149,141,106,88.5,8.3,7.2,4.75,5.03,1,1,0,0,0,0,1,1
1071,31,1,1,2,2,2,57,0,0,1,0,1,1,4,0,20.8,14,64.2,47.4,168.5,138.5,111,83.5,7.8,6.4,3.94,2.43,1,1,0,0,0,0,1,1
1072,31,1,1,2,2,2,58,0,0,1,0,1,1,4,0,24.4,13,70.1,42.8,178.5,130.5,118.5,84.5,7.1,5.8,4.38,4.28,1,1,0,0,0,0,1,0
1073,31,1,1,2,2,2,60,0,0,1,0,1,1,4,0,23.4,13.9,63.7,38.8,161,130.5,112.5,80.5,7.4,5.4,3.68,4.54,1,1,0,0,0,0,1,1
1074,31,1,1,2,2,2,57,0,0,1,0,1,1,3,0,22.5,9.74,67.4,34.5,170,119.5,118,76.5,9.5,14.3,3.44,4.89,0,0,0,0,0,0,0,1
1075,31,1,1,2,2,2,62,0,0,1,0,1,1,3,0,27.4,13.1,69.4,33.8,186,124,124,70,7.8,6.1,3.62,4.57,0,0,0,0,0,0,1,1
1076,31,1,1,2,2,2,60,0,0,1,0,1,1,3,0,22.8,15.1,63.9,44.4,179,137.5,125.5,93.5,6.6,5.6,4.19,4.77,0,0,0,0,0,0,1,1
1077,31,1,1,2,2,2,57,1,0,1,0,1,1,4,0,30.9,11.8,67.9,31.1,168.5,136.5,113.5,85,8.4,7.4,3.69,2.95,1,1,0,0,0,0,1,1
1078,31,1,1,2,2,2,58,0,0,1,0,1,1,4,0,22.4,16,66.3,51.3,172.5,148,123.5,88,8.9,7.2,4.51,4.75,1,1,0,0,0,0,0,1
1079,31,1,1,2,2,2,57,0,0,1,0,1,1,2,1,16.5,10.2,54.3,36.3,168.5,130.5,116,76.5,7.5,5,2.72,6.59,0,0,0,0,0,0,1,1
1080,31,1,1,2,2,2,60,1,0,1,0,1,1,4,0,30.4,26.8,64.7,58.3,158,147,103.5,77.5,8.9,8.3,3.86,4.99,1,1,1,0,0,0,1,1
1081,31,1,1,2,2,2,60,0,0,1,0,0,1,3,0,24.8,12.5,67.9,35.7,177,135.5,104.5,75,9.3,7.7,3.8,4.7,0,0,0,0,0,0,0,1
1082,31,1,1,2,2,2,55,1,1,0,0,1,1,3,0,13.3,9.46,37.8,28.6,144,137,93.5,84,8.2,6.1,2.68,2.65,0,0,0,0,0,0,1,0
1083,31,1,1,2,2,2,52,0,1,0,0,1,1,2,1,13.5,5.81,53.8,29.3,168,130,105.5,83,7.8,6.9,2.01,4.08,0,0,0,0,0,0,1,0
1084,31,1,1,2,2,2,47,1,1,0,0,1,1,4,0,42,9.22,86.3,37.6,179,139.5,138,82.5,7.9,6.1,3.09,2.22,1,1,0,0,0,0,0,0
1085,31,1,1,2,2,2,57,0,0,1,0,1,1,4,0,28.6,17,77.7,55,192.5,152,122,90.5,7.7,5.7,3.08,2.03,1,0,0,0,0,0,1,1
1086,31,1,1,2,2,2,51,1,0,1,0,1,1,2,1,16.2,5.45,47.9,23.5,139,113,107.5,72.5,7.2,5.6,3.04,3.86,0,0,1,1,0,1,0,1
1087,31,1,1,2,2,2,42,1,1,1,0,1,1,4,0,12.6,4.89,55.7,38.7,132,130,104.5,80,7.7,5.7,4.98,6.05,1,1,1,1,0,1,1,1
1088,31,1,1,2,2,2,60,1,0,1,0,1,1,4,0,23.8,15.3,51.9,34.4,162.5,133.5,119.5,91.5,7.5,6.3,2.69,3.97,1,1,0,0,0,0,1,1
1089,31,1,1,2,2,2,63,0,1,0,0,1,1,3,0,12.6,11.9,30.9,26.7,126.5,127.5,71.5,67.5,4.8,5.6,1.99,3.22,0,0,0,0,0,0,1,0
1090,31,1,1,2,2,2,61,0,0,1,0,1,1,4,0,22.9,18.8,62,52.3,171.5,154,121,90.5,7.9,6.2,4.55,5.19,1,1,0,0,0,0,1,0
1091,31,1,1,2,2,2,59,1,0,1,0,0,1,4,0,10.8,21.3,26.8,45.5,125,133,79,81,5.2,7.1,3.15,5.85,1,1,0,0,0,0,1,0
1092,31,1,1,2,2,2,52,0,0,1,0,1,1,3,0,10.4,16.3,46.9,62.3,171,163.5,106.5,100,5.6,6.4,3.63,6.17,0,0,0,0,0,1,1,1
1093,31,1,1,2,2,2,51,1,0,1,0,1,1,3,0,19.2,22,56.5,61.6,145.5,141.5,101.5,100,11.4,11.4,4.09,5.74,0,0,1,1,0,1,1,1
1094,31,1,1,2,2,2,57,0,0,1,0,1,1,3,0,11.8,11.1,40.4,38.7,135.5,132.5,86.5,81.5,7.7,7.3,1.62,3.36,0,0,0,0,0,0,1,0
1095,31,1,1,2,2,2,60,1,1,0,0,1,1,4,0,17.2,5.31,46.4,14.3,156,127.5,109,76.5,6.4,5.9,3.8,2.58,1,1,1,1,0,0,1,1
1096,31,1,1,2,2,2,56,1,1,0,0,1,1,4,0,25.4,10.6,61.8,31.3,170,139,114,86.5,7.8,5.7,2.02,2.34,1,1,1,1,0,0,1,0
1097,31,1,1,2,2,2,51,1,1,0,0,1,1,4,0,23.1,4.18,62.9,20.8,155.5,127,107,80.5,8.3,5.1,2.6,2.81,1,1,1,1,0,0,1,1
1098,32,2,2,1,2,2,64,0,0,1,1,1,1,4,0,19,25.1,40.9,56.6,143,176,78,86.5,13.1,5.7,4.21,3.83,1,1,0,0,0,0,1,1
1099,32,2,2,1,2,2,71,1,0,1,1,1,1,3,1,15.9,15.2,16.4,16.3,146,148.5,85.5,87.5,6.9,5.5,1.51,2.12,0,0,0,0,0,0,1,1
1100,32,2,2,1,2,2,70,1,1,1,1,1,1,3,1,32.4,25.8,35.2,26.1,180,167,84,84.5,10.2,5.1,2.44,1.86,0,0,0,0,1,0,1,1
1101,32,2,2,1,2,2,66,1,1,1,1,1,1,4,0,13,11.8,37,34.8,146.5,148,84.5,91,6.3,5.8,1.64,1.93,1,1,1,1,0,1,1,1
1102,32,2,2,1,2,2,72,0,0,1,0,0,1,4,0,28.9,27.6,36.3,41,150,146.5,94,90,8.9,7.8,3.63,5.58,1,1,0,0,0,0,1,0
1103,32,2,2,1,2,2,66,0,0,1,0,1,1,2,0,13.1,19.1,21.5,36.8,119,153.5,76,86.5,16.1,8.4,2.71,2.69,0,0,0,0,0,0,1,1
1104,32,2,2,1,2,2,62,0,0,1,0,1,1,2,1,15.6,13.3,42.4,34.4,153.5,130,80.5,82.5,11.6,14.4,1.23,5.71,0,0,0,0,0,0,0,1
1105,32,2,2,1,2,2,63,0,0,1,0,1,1,3,0,13.4,12.2,29.3,27,124,121,68,71.5,9.3,5.9,2.53,4.43,0,0,0,0,0,0,0,0
1106,32,2,2,1,2,2,72,0,0,1,1,1,1,3,0,28.4,12.2,43.8,18.2,156,133.5,92,85.5,8.5,5,1.61,4.23,0,0,0,0,0,0,1,1
1107,32,2,2,1,2,2,64,0,0,1,0,1,1,2,1,17.8,16.2,43.2,36.1,153.5,152.5,81.5,75,12.6,9.5,1.52,4.26,0,0,0,0,0,0,1,1
1108,32,2,2,1,2,2,71,1,0,1,1,1,1,4,0,18.7,20,12.1,15.6,127.5,146,77.5,79.5,11.1,8.8,1.62,1.53,1,1,0,0,1,0,1,1
1109,32,2,2,1,2,2,71,0,0,1,1,1,1,4,0,30.5,27.7,48.2,41.9,147,137.5,89,87,11.4,8.6,4.63,5.09,1,1,0,0,1,0,1,1
1110,32,2,2,1,2,2,59,1,0,1,1,1,1,4,0,32,12.2,73.7,40.4,173.5,159.5,92,99.5,7.8,5.9,2.07,3.15,1,1,1,1,0,0,1,1
1111,32,2,2,1,2,2,62,1,1,1,1,0,1,3,0,11.8,18.2,24.9,44.4,122.5,141.5,84.5,91.5,11.7,6.6,1.91,2.7,0,0,0,0,0,0,1,1
1112,32,2,2,1,2,2,77,0,0,1,1,1,1,3,0,18.9,16.1,16,14.6,156.5,135,93,91,6.9,4.8,1.38,3.86,0,0,0,0,1,0,0,1
1113,32,2,2,1,2,2,59,0,0,1,0,1,1,4,0,14,13.4,40.6,39.4,129.5,129.5,94.5,91,11.9,8.7,3.25,4.52,1,1,0,0,0,0,1,0
1114,32,2,2,1,2,2,63,0,0,1,0,1,1,4,0,27,20.7,61,48.6,173,162.5,105,95.5,8.8,7.7,1.6,2.32,1,1,0,0,0,0,1,1
1115,32,2,2,1,2,2,67,0,0,1,0,1,1,3,0,22.7,19.1,45.4,37.4,151,140,103,100,8.8,7,1.16,3.95,0,0,0,0,0,0,1,1
1116,32,2,2,1,2,2,57,0,0,1,0,1,1,4,0,18.5,25.6,58.7,73.6,144.5,172,85.5,94.5,9.3,7.3,3.52,3.53,1,1,0,0,0,0,1,1
1117,32,2,2,1,2,2,57,0,0,1,0,1,1,4,0,14,17.7,46.6,56.6,126,143,86.5,103.5,8.5,6.4,1.71,2.89,1,1,0,0,0,0,1,1
1118,32,2,2,1,2,2,64,1,0,1,0,1,1,3,0,21.8,14.5,46.6,39.4,149.5,139,93.5,96,8.5,6,1.95,1.84,0,0,1,1,0,0,1,1
1119,32,2,2,1,2,2,70,0,0,1,1,1,1,3,0,26,25,43.8,42.6,150,150,93.5,82,8.6,5.6,3.1,3.63,0,0,0,0,1,0,1,0
1120,32,2,2,1,2,2,53,0,0,1,0,1,1,4,0,13.8,9.06,54,40.1,151.5,155.5,103,101,8.2,4.7,2.74,2.07,1,1,0,0,0,0,1,1
1121,32,2,2,1,2,2,62,0,0,1,0,1,1,4,0,26.6,24.2,65.3,61,159.5,157,82.5,83.5,7.9,5.5,3.62,3.77,1,1,0,0,0,0,1,1
1122,32,2,2,1,2,2,62,0,0,1,0,1,1,2,0,18.9,20.2,47.7,51.7,142.5,151,79,88,11.4,10.6,2.01,2.23,0,0,0,0,1,0,1,1
1123,32,2,2,1,2,2,55,1,0,1,0,1,1,3,0,16.4,5.4,45.3,19.5,161,129.5,95,80,7.8,5,1.52,3.26,0,0,1,1,0,0,0,1
1124,32,2,2,1,2,2,65,0,1,1,0,1,1,3,0,25.1,20.5,57,43.7,167.5,163.5,91,92.5,7.4,6.6,1.82,3.06,0,0,0,0,0,0,0,0
1125,32,2,2,1,2,2,66,0,0,1,0,1,1,3,0,13.8,18,31.9,41.6,147,187.5,81,93,5.4,5.5,2.12,3.38,0,0,0,0,0,0,0,0
1126,32,2,2,1,2,2,65,0,0,1,1,1,1,4,0,13.7,25.6,28.9,50.7,138.5,154,69.5,83.5,5.9,5.8,3.51,4.28,1,1,0,0,0,0,0,0
1127,32,2,2,1,2,2,66,1,1,1,0,1,1,3,0,22.4,26.4,28.3,35.7,147,158.5,93.5,88.5,10.6,9.5,1.85,3.24,0,0,0,0,0,0,1,1
1128,32,2,2,1,2,2,71,1,0,1,0,1,1,3,0,17.5,24,18.2,29.3,146,166.5,72.5,76,4.9,4.7,2.26,3.87,0,0,1,1,0,1,0,1
1129,32,2,2,1,2,2,64,1,0,1,1,1,1,4,0,15,9.96,32.6,23.5,141.5,145,99.5,85,3.5,5.8,1.84,1.25,1,1,0,0,0,0,1,1
1130,32,2,2,1,2,2,62,1,1,1,1,1,1,4,0,20.5,18.3,49,41.8,122,135,85,93.5,12.7,12.2,4.53,3.36,1,1,1,1,1,0,1,1
1131,32,2,2,1,2,2,67,1,1,1,1,1,1,4,0,35.2,24.4,48.2,46.5,144,195.5,86,104.5,12.3,5,4.83,2.6,1,1,0,1,0,0,0,1
1132,32,2,2,1,2,2,71,0,0,1,0,1,1,2,0,17.2,19.3,29,36.1,174.5,195,96,106.5,6.1,5.8,1.28,4.37,0,0,0,0,0,0,1,0
1133,33,2,2,2,2,2,73,1,0,1,1,1,1,3,0,37.5,34.4,23.1,21.3,145,126,86,71,2.97,7.4,3.59,4.79,0,0,0,1,0,0,0,0
1134,33,2,2,2,2,2,72,1,0,0,0,1,1,3,0,12.8,14,11.1,11.2,137.5,128,80,79.5,5.1,5,1.37,3.08,0,0,1,1,1,0,1,0
1135,33,2,2,2,2,2,73,1,0,1,1,1,1,3,0,22.1,17.9,29,23,155.5,152,89,83,4.9,4.8,3.12,2.29,0,1,1,1,1,1,1,1
1136,33,2,2,2,2,2,69,0,0,0,0,1,1,4,0,19.4,15.3,42.5,31.3,172,151,101,93,6.2,5.6,4.78,5.38,1,1,0,0,0,0,1,1
1137,33,2,2,2,2,2,70,0,0,0,1,1,1,3,0,16.7,15.6,20.3,19,122,122,75,69,14.1,11.7,2.96,5.88,0,0,0,0,0,0,0,1
1138,33,2,2,2,2,2,68,1,0,0,0,1,1,2,0,19.7,21,28,25.5,151.5,154.5,96,85.5,5,5.5,2.95,3.18,0,0,1,0,1,0,1,1
1139,33,2,2,2,2,2,73,0,0,1,0,1,1,3,0,32.1,14.4,45,23.2,184.5,157,93.5,82,7.2,6.2,4.16,4.51,0,0,0,0,0,0,1,1
1140,33,2,2,2,2,2,66,0,1,1,1,1,1,4,0,32.4,26.1,64.6,52.2,160,144,77.5,70.5,15.8,11.2,1.65,2.1,1,1,0,0,0,0,0,0
1141,33,2,2,2,2,2,70,1,0,0,0,1,1,2,1,24,23.1,25.1,24.3,138.5,142,86,70.5,5.3,6.1,4.49,4.25,0,0,1,1,0,0,1,1
1142,33,2,2,2,2,2,63,0,0,0,1,0,1,4,0,27.2,20,64.6,48.9,162,143.5,82.5,71,15.6,9.8,3.1,2.15,1,1,0,0,1,1,1,1
1143,33,2,2,2,2,2,70,1,0,0,1,1,1,3,0,17.1,15.8,27.2,20.8,141,121,70.5,65,9.8,7.3,2.51,4.12,0,0,1,1,1,0,1,0
1144,33,2,2,2,2,2,63,0,0,0,1,1,1,4,0,20,19.6,48,47.5,138,138,73,74.5,7.7,9.2,4.6,3.4,1,1,0,0,1,1,1,1
1145,33,2,2,2,2,2,72,1,0,1,1,1,1,3,0,22.6,29.1,15.1,19.1,143.5,142,82,86,7.1,6.9,1.63,3.53,0,0,0,0,0,1,1,1
1146,33,2,2,2,2,2,71,1,1,0,0,1,1,3,0,29.7,19.2,34.9,15.8,191,143.5,96,89,6.3,6.2,3.04,3.49,0,0,0,0,1,0,1,1
1147,33,2,2,2,2,2,69,0,1,1,1,1,1,4,0,38.5,31.8,74.1,60.2,196,170.5,95,93.5,7.8,9.2,3.19,3.3,1,1,0,0,0,0,1,1
1148,33,2,2,2,2,2,75,0,0,0,1,1,1,3,0,19.1,31.1,30.6,45,176,174.5,89.5,85.5,6.1,6.5,1.4,4.58,0,0,0,0,1,0,1,0
1149,33,2,2,2,2,2,69,0,0,1,1,1,1,4,0,18.3,15.2,43.5,33.2,184,160.5,87,94.5,5.61,5.4,3.29,2.73,1,1,0,0,0,0,1,1
1150,33,2,2,2,2,2,52,1,0,0,0,1,1,2,0,12.4,22.2,45.1,62.5,137,144.5,94,104.5,6.3,7.2,3.2,4.21,0,0,0,0,0,0,1,1
1151,33,2,2,2,2,2,63,0,0,0,1,0,1,4,0,15.2,11,43.8,31.2,165,146.5,101.5,86.5,4.9,6.2,3.75,4.06,1,1,0,0,0,0,1,1
1152,33,2,2,2,2,2,65,0,0,0,1,1,1,3,0,21,17.8,41.3,34.2,145,135,75,71,9.4,8.7,3.47,3.45,0,0,0,0,0,0,1,1
1153,33,2,2,2,2,2,66,1,0,0,0,1,1,4,0,27.9,21.5,69.7,53.6,190,166,116,104,5.3,5.6,2.99,3.17,1,1,0,0,1,0,1,0
1154,33,2,2,2,2,2,78,1,0,0,0,1,1,4,0,17.8,20.6,21.7,21.4,175.5,160.5,92.5,76,5.7,6.2,2.82,4.28,1,1,1,1,1,0,1,1
1155,33,2,2,2,2,2,75,1,0,1,1,1,1,2,1,26.2,33.5,26.5,26.2,185.5,167,99,98.5,3.03,6.7,2.18,3.24,0,0,0,0,1,1,1,1
1156,33,2,2,2,2,2,70,1,0,1,1,1,1,3,0,23.6,16.2,32.5,12.9,158.5,126.5,89,85.5,6,5.8,3.76,4.64,0,0,0,0,0,0,1,0
1157,33,2,2,2,2,2,69,0,0,0,1,1,1,2,0,26.9,22.5,51.9,37.7,166.5,134,93,71,13.9,11.1,3.58,4.4,0,0,0,0,1,0,1,1
1158,33,2,2,2,2,2,71,1,0,0,1,1,1,4,0,27.6,29.2,36.6,39.8,166.5,173,94,93,4.9,5.8,3.42,3.66,1,1,0,0,0,0,1,0
1159,33,2,2,2,2,2,65,1,1,1,1,1,1,4,0,15.5,14.3,36.1,32.7,144.5,139,76.5,81,8.3,7.2,2.17,2.3,1,0,0,0,0,0,1,1
1160,33,2,2,2,2,2,67,0,0,1,1,1,1,3,0,19,19.6,33,33.7,146,143,79.5,79.5,13.9,5.7,1.37,4.96,0,0,0,0,0,0,1,0
1161,33,2,2,2,2,2,68,0,0,1,1,1,1,3,0,26,23.3,52.1,46.4,166,158.5,87,91,10.4,10.3,2.91,3.28,0,0,0,0,0,0,1,1
1162,33,2,2,2,2,2,67,0,0,0,1,1,1,3,0,21.6,23.6,41.4,48.6,140.5,159,64.5,72.5,5.8,8.9,3.14,2.27,0,0,0,0,1,0,1,1
1163,33,2,2,2,2,2,70,0,0,0,1,1,1,3,0,13.4,8.83,19.7,10.7,138,112.5,81.5,73,5.7,6.5,5.01,4.61,0,0,0,0,1,0,1,0
1164,33,2,2,2,2,2,78,1,0,1,0,1,1,4,0,17.7,17.8,26.9,28.5,191,187,106,109,8.6,5.2,1.08,4.43,1,1,0,0,0,0,0,0
1165,33,2,2,2,2,2,58,1,1,1,0,1,1,4,0,10.1,7.99,29.5,23.3,131.5,133,95.5,93.5,5.9,6.1,2.69,2.36,1,1,0,0,0,0,1,1
1166,33,2,2,2,2,2,64,0,0,1,0,1,1,4,0,11.8,24,33.8,59.4,160.5,173,82,92.5,6.7,7.2,0,4.05,1,0,0,0,0,0,1,1
1167,33,2,2,2,2,2,64,0,0,1,1,1,1,4,0,20.3,22.5,47.7,53.6,144.5,156,77,68,6.1,5.79,1.37,1.51,1,1,0,0,0,0,1,1
1168,34,1,1,2,1,1,64,0,0,1,0,1,1,4,0,19.3,21.2,48.2,46.5,178,127.5,91.5,84.5,5.4,8,4.13,3.16,1,1,0,0,0,0,1,1
1169,34,1,1,2,1,1,56,1,0,1,1,1,1,4,0,11.4,8.52,41.4,32.7,148,131,89.5,79.5,6.7,6.4,2.78,3.25,1,1,0,0,0,0,1,1
1170,34,1,1,2,1,1,64,1,0,1,0,1,1,4,0,18.4,15.1,44.6,33.9,156,134.5,86,83,11.6,7.4,1.8,2.71,1,1,0,0,1,0,1,1
1171,34,1,1,2,1,1,69,1,1,1,0,1,1,3,0,15,13.7,21.8,15.5,130,130.5,83.5,79.5,6.2,6.2,3.13,3.11,0,0,0,1,0,0,0,1
1172,34,1,1,2,1,1,72,1,0,1,1,1,1,4,0,15.8,8.28,25.8,6.8,140.5,94,82,58.5,5.6,8.9,3.78,1.44,1,0,0,0,1,1,1,1
1173,34,1,1,2,1,1,67,0,0,1,1,1,1,3,0,22,20.8,42.7,39.1,143.5,135,74,73,7.7,8.3,3.69,3.28,0,0,0,0,0,0,1,1
1174,34,1,1,2,1,1,63,0,0,0,0,0,1,2,0,21.2,11.8,52.7,27.9,155,116,93.5,76.5,6.7,6.7,2.5,2.61,0,0,0,0,0,0,0,1
1175,34,1,1,2,1,1,73,0,0,1,1,1,1,3,0,42.5,26.1,79.8,37.3,243,151,104.5,73,11.1,9.2,2.87,1.02,0,0,0,0,1,0,1,0
1176,34,1,1,2,1,1,74,0,0,1,0,1,1,3,0,35.9,21.2,55.9,23.7,183,129,85,83,10.6,13.7,3.53,3.67,0,0,0,0,1,0,1,1
1177,34,1,1,2,1,1,66,1,0,1,1,1,1,3,0,14.3,12.9,32.2,32.4,131.5,144,89.5,99,5.3,6,3.59,3.39,0,0,0,0,1,1,1,0
1178,34,1,1,2,1,1,68,0,0,1,0,1,1,4,0,26,25.8,61.9,47.4,204,142,100,83,6.7,7.3,2.53,3.45,1,1,0,0,0,0,1,1
1179,34,1,1,2,1,1,59,1,0,1,1,1,1,4,0,17.7,15.2,45.1,34.8,154.5,134,104,83.5,5.6,7.5,3.28,3.28,1,1,0,0,0,0,1,1
1180,34,1,1,2,1,1,64,0,0,1,0,1,1,3,0,11.5,8.55,31.6,21.5,148.5,123,92.5,76,5.1,5.7,3.88,2.38,0,0,0,0,1,0,1,1
1181,34,1,1,2,1,1,62,0,0,1,1,1,1,4,0,18.6,18.2,56.8,47.7,199.5,144,101.5,89,6,8,4.19,2.75,1,0,0,0,0,0,1,1
1182,34,1,1,2,1,1,69,1,0,1,0,1,1,4,0,24.8,15.5,51.5,27.6,167.5,136.5,84,84,7.3,9.2,3.57,2.62,1,1,0,0,0,0,1,1
1183,34,1,1,2,1,1,69,0,0,1,1,1,1,4,0,11.3,18.2,18.8,25.2,118.5,104,75.5,72.5,4.5,7,3.97,4.71,1,1,0,0,1,0,1,1
1184,34,1,1,2,1,1,71,0,0,1,0,1,1,3,0,25.5,19.7,42.2,29.7,153,134.5,89,83,15.6,8.2,3.37,3.47,0,0,0,0,0,0,1,1
1185,34,1,1,2,1,1,54,0,0,1,0,1,1,4,0,20.4,15.3,70.6,57.2,187.5,135.5,104.5,88,5.6,7.2,4.33,2.59,1,1,0,0,0,0,1,1
1186,34,1,1,2,1,1,56,0,0,1,0,1,1,2,0,10,8.65,37.7,33.5,133.5,125.5,86,85,6.2,6.8,4.14,3.86,0,0,0,0,0,0,1,1
1187,34,1,1,2,1,1,53,0,0,1,0,1,1,3,0,10.5,12.5,45.8,51,162.5,138.5,90.5,77.5,6.3,8.7,2.53,1.97,0,0,0,0,0,0,1,0
1188,34,1,1,2,1,1,51,0,0,1,0,1,1,4,0,10,5.47,48.1,30.7,163.5,135.5,105.5,88.5,5.6,6.4,3.95,3.53,1,1,0,0,0,0,1,1
1189,34,1,1,2,1,1,59,0,0,1,0,1,1,4,0,11.5,6.16,40,21.7,160,124,78,84,4.8,5.7,1.25,1.55,1,1,0,0,0,0,1,0
1190,34,1,1,2,1,1,66,0,0,1,0,1,1,3,0,22.7,10.1,57.7,22.1,197.5,131,99.5,79,5.3,6.7,3.24,2.72,0,0,0,0,0,0,0,0
1191,34,1,1,2,1,1,60,0,0,1,0,1,1,4,0,12.9,9.07,41.6,29.6,145,130.5,91.5,85.5,5.3,6.8,4.22,2.04,1,1,0,0,0,0,1,1
1192,34,1,1,2,1,1,62,0,0,1,0,1,1,3,0,12.7,8.61,36.3,24.9,165.5,124.5,109.5,82.5,5.8,6.1,3.15,2.08,0,0,0,0,0,0,1,1
1193,34,1,1,2,1,1,50,1,1,0,0,1,1,4,0,13.7,14.8,51.3,52,140.5,134,96.5,99,5.9,7.7,2.82,3.34,1,1,0,0,0,0,1,1
1194,34,1,1,2,1,1,68,0,0,1,0,1,1,4,0,42.7,19.4,82,32.5,207.5,123,97,86,11.7,7.4,3.83,3.52,1,1,0,0,1,0,1,0
1195,34,1,1,2,1,1,58,0,0,1,0,1,1,4,0,19.1,21.7,56.7,64,153,146.5,92,91,7,6.7,2,3.24,1,1,0,0,0,0,1,1
1196,34,1,1,2,1,1,67,0,0,1,0,1,1,4,0,36.4,21,76.1,40.2,209.5,139,106.5,82,9.1,8.7,2.83,3.64,1,0,0,0,0,0,1,1
1197,34,1,1,2,1,1,65,1,0,0,0,1,1,3,0,29.4,11,77.4,29.7,187,155,91.5,79,6.8,5.8,5.2,3.37,0,0,1,1,1,1,1,1
1198,34,1,1,2,1,1,54,1,0,0,0,1,1,4,0,17,16.6,55.6,51.2,144.5,128,100,83,5.4,8.2,2.83,3.5,1,1,1,1,0,0,1,1
1199,34,1,1,2,1,1,75,1,0,1,0,1,1,3,0,31.4,18.5,23.4,8.78,159,123.5,62.5,57.5,7.7,6.9,2.43,1.67,0,0,0,0,1,1,1,0
1200,34,1,1,2,1,1,71,1,0,0,0,1,1,4,0,26.1,12.7,37.4,15.9,157,136,102,89,7.2,9.4,2.96,0.89,1,1,1,1,1,0,1,0
1201,34,1,1,2,1,1,62,0,0,1,1,1,1,4,0,10.8,13.9,32.1,36.8,139,130,89,84.5,5.6,7,2.76,3.19,1,1,0,0,1,0,1,1
1202,34,1,1,2,1,1,60,0,0,1,0,1,1,4,0,16.1,,51.9,,170.5,,81.5,,6.3,,2.26,,1,,0,,1,,1,
1203,35,1,2,1,1,2,61,0,0,1,0,1,1,4,0,26.4,21.6,66.1,57.6,161,153.5,97.5,84,9.7,5.9,2.09,1.58,1,1,0,0,0,0,1,1
1204,35,1,2,1,1,2,76,0,0,1,1,1,1,2,1,16,11,27.8,11.7,201,137.5,90.5,81,4.6,5.2,2.36,0.91,0,0,0,0,0,0,1,1
1205,35,1,2,1,1,2,67,0,0,1,1,1,1,3,0,32.1,22.3,65.7,38.3,177.5,143.5,92.5,83.5,9.1,7.3,3.32,4.59,0,1,0,0,0,0,1,0
1206,35,1,2,1,1,2,65,0,0,1,1,1,1,2,0,13.7,16.1,32.9,33.4,169,147,82.5,78,6.7,5.4,3.29,3.79,0,0,0,0,0,0,1,1
1207,35,1,2,1,1,2,71,1,0,1,1,1,1,4,0,15.5,15.5,23.1,24.7,134.5,142,83,88.5,7.2,5.9,1.61,1.65,1,0,0,0,0,0,1,1
1208,35,1,2,1,1,2,69,0,0,1,1,1,1,4,0,20.1,15.8,44.2,31.7,176,149,96,91,5,5.4,1.64,4.68,1,1,0,0,0,0,1,1
1209,35,1,2,1,1,2,63,0,0,1,1,1,1,3,0,23.3,20.7,56.8,50.2,156,145,89,76.5,11.3,9,3.12,3.41,0,0,0,0,0,0,1,1
1210,35,1,2,1,1,2,68,1,0,1,1,1,1,3,0,27.1,14.4,42.4,18.9,169,136,104.5,82,6.6,5.7,4.22,3.08,0,0,1,1,0,1,1,1
1211,35,1,2,1,1,2,75,0,0,1,1,1,1,2,0,30.8,33.1,39.9,45.8,158.5,169,71.5,82,10.08,7.1,1.73,2.49,0,0,0,0,0,0,1,1
1212,35,1,2,1,1,2,60,0,0,1,1,1,1,4,0,16.6,11.4,52,36.9,150.5,132.5,91,83.5,5.9,5.8,4.5,3.3,1,1,0,0,0,0,1,1
1213,35,1,2,1,1,2,72,0,0,1,1,1,1,4,0,19.6,14.6,28.7,18.3,163.5,139,87,86.5,5.9,5.9,4.6,4.87,1,0,0,0,0,0,1,0
1214,35,1,2,1,1,2,65,0,0,1,1,1,1,4,0,14.8,9.83,32.2,20.6,144.5,127,67,80.5,6.2,5.1,2.98,2.14,1,1,0,0,0,0,1,0
1215,35,1,2,1,1,2,65,0,0,1,1,1,1,4,0,22.2,18,44.3,35.3,150.5,137,83.5,81.5,10.3,7.1,1.44,3.09,1,0,0,0,0,0,1,1
1216,35,1,2,1,1,2,59,0,0,1,1,1,1,3,0,22.2,10.4,61.7,31.3,177.5,122.5,99,74,9.1,7.1,4.3,3.91,0,0,0,0,0,0,1,1
1217,35,1,2,1,1,2,66,0,0,1,0,1,1,4,0,15,11,33.5,22.6,167.5,141.5,88,86.5,6.1,5.9,1.73,3.43,1,1,0,0,0,0,0,1
1218,35,1,2,1,1,2,71,0,0,1,0,1,1,4,0,26.2,19.8,36.8,24,155.5,131,79.5,72.5,8.3,7.7,3.39,2.92,1,1,0,0,0,0,1,1
1219,35,1,2,1,1,2,68,0,0,1,0,1,1,4,0,17.9,14.8,35.8,27.6,174,154,101,89.5,6.1,5.9,4.14,4.62,1,1,0,0,0,0,1,1
1220,35,1,2,1,1,2,65,1,0,1,0,1,1,4,0,17.1,9.85,25,12.6,140.5,114.5,82,75,5.9,5.1,4.14,4.12,1,1,0,0,0,0,1,1
1221,35,1,2,1,1,2,67,0,0,1,0,1,1,2,0,12.1,8.96,23.7,16.1,152.5,133,64.5,66.5,5.1,5.5,1.23,2.98,0,0,0,0,0,0,1,1
1222,35,1,2,1,1,2,70,0,0,1,1,1,1,2,0,12.9,12,19.3,17.2,139.5,133,78,80.5,5.1,5.4,4.85,4.66,0,0,0,0,0,0,1,1
1223,35,1,2,1,1,2,65,0,0,1,0,1,1,3,0,12.7,10.1,29.7,22.8,160.5,146.5,98.5,93.5,5.2,5.9,4.17,3.05,0,0,0,0,0,0,0,0
1224,35,1,2,1,1,2,54,0,0,1,0,1,1,4,0,15.1,13.5,57,53,138.5,137.5,97.5,86.5,10.4,7.8,2.1,3.67,1,1,0,0,0,0,1,0
1225,35,1,2,1,1,2,49,0,0,1,1,1,1,4,0,11,5.28,53.2,32.5,170.5,137.5,98,84.5,4.9,5.9,4.41,3.22,1,1,0,0,0,0,1,1
1226,35,1,2,1,1,2,59,0,0,1,0,1,1,4,0,14.2,14,41.9,41.5,138.5,135,90.5,84,14.6,7.8,3.59,4.47,1,1,0,0,0,0,1,1
1227,35,1,2,1,1,2,65,0,0,1,0,1,1,4,0,14.7,12,36.7,29,147,135,90,80,6.3,6,4.1,4.17,1,1,0,0,0,0,0,1
1228,35,1,2,1,1,2,62,0,0,1,0,1,1,4,0,22.9,14.2,56.5,37.1,171.5,129,76.5,74.5,10.3,5.8,2.62,2.85,1,0,0,0,0,0,1,0
1229,35,1,2,1,1,2,57,0,0,1,1,1,1,3,0,11.7,11.2,40,38.5,138.5,142.5,78.5,82.5,6.7,6.2,1.41,2.12,0,0,0,0,0,0,0,1
1230,35,1,2,1,1,2,66,0,1,1,0,1,1,2,0,11,11,22.5,21.5,147,137,79,75.5,4.7,5.1,2.96,4.24,0,0,0,0,0,0,0,1
1231,35,1,2,1,1,2,68,1,0,1,0,1,1,4,0,19.2,23.6,32.5,37,141.5,139.5,93,84.5,4.6,4.1,3.31,4.58,1,1,1,1,0,0,1,1
1232,35,1,2,1,1,2,60,0,1,1,0,1,1,4,0,13.1,10.3,43.1,34.3,155,143.5,99,91,6.3,5.8,1.39,1.59,1,0,0,0,0,0,1,1
1233,35,1,2,1,1,2,61,0,1,0,0,1,1,4,0,10.1,9.05,26.6,28.2,101.5,133.5,63,84.5,7,6.7,2.42,2.44,1,1,0,0,0,0,1,0
1234,35,1,2,1,1,2,51,0,1,0,0,1,1,3,1,12.4,6.31,52.4,33.4,167.5,127,77.5,73.5,8.88,7.1,1.33,1.32,0,0,0,0,0,0,1,1
1235,35,1,2,1,1,2,49,1,1,1,0,1,1,4,0,18.6,3.2,58.3,18.7,171,98,105,70,8.5,5.8,2.62,4.91,1,1,0,0,0,0,1,0
1236,35,1,2,1,1,2,62,1,1,0,0,1,1,4,0,20.7,12.4,46.3,29,174,133.5,97,83,6.8,5.3,3.59,3.08,1,0,1,1,1,1,1,1
1237,35,1,2,1,1,2,73,1,0,0,0,1,1,3,0,27.1,27.7,30.9,23.3,165.5,142,97,78,5.8,6.2,4.3,4.52,0,0,0,0,1,1,1,1
1238,36,2,1,1,1,2,66,1,0,1,1,1,1,3,0,21.8,15.4,45,30.4,160,143,99,90.5,6.3,6.3,3.19,3.24,0,0,1,1,0,0,1,1
1239,36,2,1,1,1,2,67,1,1,1,0,1,1,3,0,18.2,16.7,24,22.6,148,149,100.5,97.5,5.3,5.9,3.57,3.99,0,0,0,0,0,0,1,1
1240,36,2,1,1,1,2,51,0,0,1,1,1,1,4,0,16.1,12.5,63.8,55.3,161,145,94.5,91,9.99,9.8,4.44,5.12,1,0,0,0,0,0,1,1
1241,36,2,1,1,1,2,65,1,0,1,1,1,1,4,0,21.1,18.5,35.6,27.8,158,156,80.5,81,7.6,8.1,2.48,2.98,1,1,1,0,0,0,0,1
1242,36,2,1,1,1,2,68,1,0,1,1,1,1,2,1,11.9,14.9,15,14,134,114,75,79,4.9,5.4,2.74,2.26,0,0,1,1,0,0,1,1
1243,36,2,1,1,1,2,59,1,0,1,1,1,1,4,0,22,31.8,49.8,67.9,140.5,167,92.5,95.5,5.8,6.8,3.35,3.46,1,0,1,1,0,0,1,1
1244,36,2,1,1,1,2,60,0,0,1,1,1,1,3,0,14.5,18.8,40.9,54.4,144.5,157,72.5,86,12.7,10.8,4.22,5.65,0,0,0,0,0,0,0,1
1245,36,2,1,1,1,2,62,1,0,1,0,1,1,4,0,26.6,15.6,76.5,47.8,187.5,141,88.5,80,5.9,6.5,4.04,4.2,1,1,1,1,0,0,1,0
1246,36,2,1,1,1,2,62,1,1,1,1,1,1,3,0,12.7,16.9,25.8,34.9,134.5,151,90,90.5,5.7,6.06,3.24,3.14,0,0,1,1,0,0,1,1
1247,36,2,1,1,1,2,62,1,1,1,1,1,1,3,0,23.8,25.3,50.6,52.6,159.5,155,84,86.5,8.9,7,2.26,2.92,0,0,1,1,0,0,1,1
1248,36,2,1,1,1,2,62,1,1,1,0,1,1,3,0,20.3,25.8,40.4,48.8,137.5,162.5,87.5,91.5,7.4,7.1,2.37,3.25,0,0,1,1,0,0,1,1
1249,36,2,1,1,1,2,65,0,0,1,1,1,1,3,1,22,19.2,51.8,43.3,170.5,147.5,93.5,88,7.3,7.6,2.37,3.03,0,0,0,0,0,0,1,1
1250,36,2,1,1,1,2,65,0,0,0,1,1,1,3,0,28.9,25.7,64.8,58,175,161.5,108,94.5,6.2,5.4,3.7,6.02,0,0,0,0,1,0,1,1
1251,36,2,1,1,1,2,67,1,1,1,0,1,1,2,0,17,10.6,40.9,22.7,165,159,88.5,86,5.7,6.3,3.45,1.82,0,0,0,0,0,0,1,1
1252,36,2,1,1,1,2,59,0,1,1,1,1,1,3,0,16.3,11.4,49,35.7,135.5,122.5,87.5,78,8.9,6.3,3.14,3.19,0,0,0,0,0,0,0,0
1253,36,2,1,1,1,2,60,1,1,1,0,1,1,3,0,14.6,19.4,35.5,41,145,141,89.5,82.5,6.7,7.2,4.03,4.62,0,1,1,1,0,0,1,1
1254,36,2,1,1,1,2,68,0,0,1,0,1,1,4,0,11.9,15.7,23,33.3,131.5,149,76,79.5,5.9,6.4,2.02,8.01,1,1,0,0,0,0,1,1
1255,36,2,1,1,1,2,60,0,0,1,0,1,1,4,0,16.1,10.2,52.6,34.4,174,143.5,104.5,92.5,6.7,6,4.56,5,1,1,0,0,0,0,1,1
1256,36,2,1,1,1,2,59,0,0,1,0,1,1,2,0,16.2,13,49.3,40.6,149,135.5,95,88.5,6.8,7.3,3.97,6.73,0,0,0,0,0,0,0,1
1257,36,2,1,1,1,2,63,1,1,1,0,1,1,2,0,10.1,10.4,19,19.3,129.5,127.5,67,68.5,6.3,6.4,3.19,4.07,0,0,1,1,0,0,1,1
1258,36,2,1,1,1,2,57,0,0,1,1,1,1,3,0,11.7,9.94,44,38.3,166,162.5,100.5,91,5.3,6.1,2.4,3.79,0,0,0,0,0,0,1,0
1259,36,2,1,1,1,2,65,0,0,1,0,1,1,3,0,10.4,9.23,23.7,20,148,137,79.5,75.5,5,6,3.33,3.93,0,0,0,0,0,0,1,1
1260,36,2,1,1,1,2,68,1,0,1,0,1,1,4,0,18.9,19.8,37.3,29.7,158,133.5,102.5,85,5.8,5.8,3.75,3.88,1,1,1,1,0,0,1,1
1261,36,2,1,1,1,2,66,1,0,1,0,1,1,3,0,12.2,12,20,20.2,139,143.5,107,86,5.6,6.2,3.06,2.43,0,0,1,1,0,0,1,1
1262,36,2,1,1,1,2,57,0,0,1,0,1,1,2,0,12,12.8,40.8,43.1,146.5,152.5,91.5,88.5,8.5,6.2,4.41,5.31,0,0,0,0,0,0,0,0
1263,36,2,1,1,1,2,59,0,0,1,0,1,1,4,0,11,15.3,38,46.8,149.5,145.5,91.5,91,5.6,6.2,2.91,3.81,1,1,0,0,0,0,0,1
1264,36,2,1,1,1,2,62,1,0,0,0,1,1,2,0,15.2,11.4,46,30.7,146.5,134,85,75.5,5.4,5,3.28,4.32,0,0,1,1,0,1,1,1
1265,36,2,1,1,1,2,64,1,0,1,0,1,1,3,0,11.1,14.9,20.3,27.4,136,145,85.5,87,5.1,5.6,3.03,4.09,0,0,1,1,0,0,1,1
1266,36,2,1,1,1,2,65,0,0,1,1,1,1,4,0,17.1,14.6,43.4,37.1,159,153,92.5,89,5.4,6.4,3.47,3.84,1,1,0,0,0,0,1,1
1267,36,2,1,1,1,2,59,0,0,1,1,1,1,4,0,13.1,14.2,44.8,47.8,152.5,156.5,95.5,90.5,5.1,5.9,5.09,4.71,1,1,0,0,0,0,1,1
1268,36,2,1,1,1,2,52,0,0,1,0,1,1,3,0,12.9,18.7,55,67.9,137.5,165,83,95,5.8,6.1,3.23,3.2,0,0,0,0,0,0,1,1
1269,36,2,1,1,1,2,64,1,0,1,1,1,1,3,0,16.4,10.3,32.9,22.8,159,137,101.5,83,5.8,5.9,3.1,1.6,0,1,1,1,0,0,1,1
1270,36,2,1,1,1,2,67,1,0,1,0,1,1,3,0,28.4,23.9,57.7,39.1,177.5,142.5,102.5,81.5,3.9,6.7,3.42,2.6,0,0,1,1,0,0,1,1
1271,36,2,1,1,1,2,55,1,0,1,0,1,1,4,0,25.3,15.9,70.7,52.1,159.5,139,104,76.5,4.4,4.9,4.07,3.57,1,1,1,0,0,0,0,1
1272,36,2,1,1,1,2,59,1,1,1,0,1,1,4,0,25.9,23.6,69.3,64.9,162.5,154.5,90.5,83.5,4.7,5.8,3.18,3.97,1,1,1,1,0,0,1,1
1273,37,2,1,2,1,2,46,1,1,0,0,1,1,3,1,12.7,11.8,51.5,43.5,153,137.5,91,86.5,5.9,5.9,2.99,2.57,0,0,1,1,0,0,1,1
1274,37,2,1,2,1,2,54,0,0,1,0,1,1,3,0,10.7,7.69,45.5,35.1,158.5,137.5,96.5,89.5,5.9,6.5,5,2.34,0,1,0,0,0,0,1,1
1275,37,2,1,2,1,2,69,0,0,1,0,1,1,2,0,24.5,19,42.1,28.4,173,141.5,80.5,81,7.2,7.3,2.73,2.9,0,0,0,0,1,1,1,1
1276,37,2,1,2,1,2,59,0,0,1,1,1,1,3,0,16.6,13.8,55.8,47.3,191,172.5,104.5,92.5,5.4,6.2,3.08,3.59,0,0,0,0,1,1,1,1
1277,37,2,1,2,1,2,46,1,1,1,0,0,1,3,0,13.1,10.7,51.1,47.1,167,152.5,110,92,5.8,6.1,2.83,4.27,0,0,0,0,1,1,1,1
1278,37,2,1,2,1,2,58,0,0,0,1,1,1,3,0,12.6,9.4,44.1,33.7,172,147.5,97,92,6.7,6.55,2.88,3.07,0,1,0,0,0,0,1,1
1279,37,2,1,2,1,2,58,0,0,1,0,1,1,4,0,28.8,17.8,76.5,53.9,168.5,147,78.5,91,10.2,7.7,2.85,2.55,1,1,0,0,0,0,1,1
1280,37,2,1,2,1,2,51,1,0,0,0,1,1,3,0,11.5,6.34,44.7,29.1,167,151.5,107,91,5.8,6.3,2.67,2.04,0,0,0,0,0,0,1,1
1281,37,2,1,2,1,2,51,1,0,1,0,1,1,3,0,12.6,11.4,44.5,42.3,157,152,97.5,88,5.2,5.7,2.27,3.3,0,0,0,0,0,0,1,1
1282,37,2,1,2,1,2,61,0,0,1,0,1,1,3,0,11.4,8.98,36.1,26.7,154,145.5,86.5,90.5,6.1,6.7,2.02,2.25,0,0,0,0,1,0,1,1
1283,37,2,1,2,1,2,59,0,0,1,0,1,1,3,0,14.4,13.1,48.4,44.4,164,157,98.5,88.5,4.9,5.3,2.68,2.48,0,1,0,0,0,0,1,1
1284,37,2,1,2,1,2,44,1,0,0,0,1,1,4,0,12.3,9.66,49.6,44.3,149.5,140,99.5,85,6.3,5.9,2.68,2.9,1,1,1,1,0,0,1,1
1285,37,2,1,2,1,2,57,0,0,1,0,1,1,4,0,13.7,12.6,49.7,46.5,159.5,152.5,93,88.5,5.8,5.8,3.2,3.57,1,1,0,0,0,0,1,1
1286,37,2,1,2,1,2,54,0,0,1,0,1,1,3,0,13.8,9.3,54.4,40.9,184,168.5,97,90.5,5.7,6.3,4.01,3.63,0,0,0,0,1,0,1,1
1287,37,2,1,2,1,2,67,0,0,1,0,1,1,3,0,22,21.7,36.6,36.5,140,142,78.5,78,14.6,10.9,3.23,2.72,0,0,0,0,1,0,1,1
1288,37,2,1,2,1,2,55,1,0,0,0,1,1,3,0,10.5,10.1,34.5,33.7,140.5,143,81.5,82,6.7,6.6,2.77,2.73,0,0,1,1,0,0,1,1
1289,37,2,1,2,1,2,67,0,0,1,0,1,1,2,0,12.5,11.3,30.3,26,162.5,150,108,88,6.2,6.4,5.25,2.9,0,0,0,0,0,1,0,1
1290,37,2,1,2,1,2,61,1,0,1,0,1,1,3,0,27.2,20.4,62.1,46.2,188,186,102.5,95,5.3,5.6,3.59,3.58,0,0,0,0,1,0,1,1
1291,37,2,1,2,1,2,46,1,0,1,0,1,1,4,0,35.5,11.5,84.6,50.6,228,175.5,126,100.5,4.1,5.9,3.14,3.1,1,1,1,1,1,1,1,1
1292,37,2,1,2,1,2,55,1,0,1,0,1,1,3,0,14.5,10.8,42.3,33.4,153.5,150,105,94.5,8.6,7.8,3.96,2.76,0,0,0,0,1,0,1,1
1293,37,2,1,2,1,2,54,0,0,1,0,1,1,4,0,42,27.5,93.5,80.5,217.5,181.5,117,94,18.4,9.6,3.21,3.81,1,1,0,0,0,0,1,1
1294,37,2,1,2,1,2,51,1,0,1,0,1,1,2,0,22.4,6.9,63.7,29.6,153,133,89.5,77,10.1,6.6,3.98,3.2,0,0,0,0,1,1,1,1
1295,37,2,1,2,1,2,59,1,0,1,0,1,1,4,0,33.1,9.96,68.8,27,174.5,137,119,88,8.4,6.1,3.88,3,1,1,0,0,1,1,1,1
1296,37,2,1,2,1,2,59,0,0,1,0,1,1,4,0,24.3,23.3,66.6,64.7,151.5,146,91,89.5,14.8,9.8,3.5,3.16,1,1,0,0,0,0,1,1
1297,37,2,1,2,1,2,47,1,0,1,0,1,1,2,0,11,5.2,42.1,28.2,133.5,132.5,98.5,81,10,7.2,2.21,2.16,0,0,0,0,1,0,1,1
1298,37,2,1,2,1,2,36,1,0,0,0,1,1,4,0,26.3,16,79.8,65.3,154,146.5,97,85.5,13.3,9.7,5.07,4.12,1,1,1,1,0,0,1,1
1299,37,2,1,2,1,2,61,0,0,1,0,1,1,3,0,23.6,18.6,63,50.4,160.5,138,83,75,11.5,6.8,3.13,3.72,0,0,0,0,0,0,1,1
1300,37,2,1,2,1,2,60,0,0,1,0,1,1,3,0,18,18,49.4,49.1,147.5,144.5,92.5,88.5,11.9,7.6,4.73,3.71,0,0,0,0,1,0,1,1
1301,37,2,1,2,1,2,58,0,0,1,0,1,1,4,0,18.1,12.6,55.7,40.9,138.5,134,81,82.5,16.5,9.2,3.16,3.35,1,1,0,0,0,0,1,1
1302,37,2,1,2,1,2,54,0,0,1,0,1,1,2,0,12.5,12.3,50.1,49.5,133,136.5,92,92,12.6,8,3.98,3.42,0,0,0,0,0,1,1,1
1303,37,2,1,2,1,2,54,1,0,1,0,1,1,2,0,18.5,7.38,52.9,27.8,152.5,143.5,98,88,9.3,6.6,4.14,2.7,0,0,1,1,1,0,1,1
1304,37,2,1,2,1,2,41,1,1,1,0,1,1,4,0,15.2,8.04,61.4,42.5,139.5,131.5,99,81,10.3,7.3,3.86,3.24,1,1,1,1,1,0,1,1
1305,37,2,1,2,1,2,48,1,1,0,0,1,1,2,0,11,9.2,44.5,40.4,153,143,91,82.5,9.5,7.1,2.59,3.58,0,0,1,1,0,0,1,1
1306,37,2,1,2,1,2,48,1,0,1,0,1,1,3,0,14.9,10.7,54.6,46.1,151,151,98,91.5,10.5,6.5,3.43,3.7,0,0,0,0,0,0,1,1
1307,37,2,1,2,1,2,41,0,0,0,0,1,1,3,0,10.3,4.15,63,36.9,160.5,148,110.5,91,7.6,6.2,2.75,3.29,0,0,0,0,0,0,1,1
1308,37,2,1,2,1,2,45,1,0,0,0,1,1,2,0,24.9,17.4,66.4,56.4,177,154.5,99,90.5,11.5,8.2,2.57,3.3,0,0,1,1,0,0,1,1
1309,38,2,1,1,1,1,48,0,0,0,0,1,1,3,0,11.2,9.26,56.3,52.1,167,131,98,86,6.8,5.9,3.17,3.01,0,0,0,0,0,0,1,1
1310,38,2,1,1,1,1,53,0,0,0,0,1,1,3,0,24.9,13.7,77.8,55.1,169,133,98.5,83,9.6,6.9,2.6,2.24,0,0,0,0,0,0,1,1
1311,38,2,1,1,1,1,42,0,0,0,0,1,1,2,0,10.1,6.53,64.3,52.5,150,134,95.5,81.5,6.6,6.3,1.72,2.45,0,0,0,0,0,0,1,0
1312,38,2,1,1,1,1,59,0,0,0,0,0,1,4,0,12.2,20,41.3,57.5,145,142,96,84,6.3,6.1,2.66,2.51,1,1,0,0,0,0,1,1
1313,38,2,1,1,1,1,52,0,0,0,0,1,1,2,0,12.4,13.5,54.2,56.3,142.5,139,93,85,7.3,6.8,2.38,1.91,0,0,0,0,0,0,1,1
1314,38,2,1,1,1,1,43,0,0,0,0,1,1,4,0,12.7,10.2,71.6,64,145.5,145,97,91.5,8.1,7.3,2.66,2.88,1,1,0,0,0,0,1,1
1315,38,2,1,1,1,1,48,0,0,0,0,1,1,2,0,19.6,11.1,76.1,57.6,165.5,138.5,95.5,82.5,8.3,6.9,2.55,2.47,0,0,0,0,0,0,1,0
1316,38,2,1,1,1,1,51,0,0,0,0,1,1,4,0,17.6,9.48,68.4,46.7,151.5,128.5,98,82,8.7,7.1,3.17,2.6,1,1,0,0,0,0,1,1
1317,38,2,1,1,1,1,47,0,0,0,0,1,1,3,0,14.3,9.66,67.8,55.4,151,133.5,95.5,83.5,6.8,6,2.17,2.19,0,0,0,0,0,0,1,1
1318,38,2,1,1,1,1,40,0,0,0,0,1,1,4,0,12,10,73.7,68.1,153,150.5,96.5,90,7.7,7.5,2.28,2.74,1,1,0,0,0,0,1,1
1319,38,2,1,1,1,1,46,0,0,0,0,1,1,2,0,16.2,5.89,73.4,45.1,156.5,132.5,95.5,83,13,7.5,3.29,3.24,0,0,0,0,0,0,1,1
1320,38,2,1,1,1,1,50,0,0,0,0,1,1,3,0,12.5,10.6,58,52.3,143,135,95,83,6.1,6.6,1.49,1.59,0,0,0,0,0,0,1,0
1321,38,2,1,1,1,1,39,0,0,0,0,1,1,4,0,11.9,7.09,75.2,62,154,137,102.5,85,6.4,5.8,1.8,1.61,1,1,0,0,0,0,1,1
1322,38,2,1,1,1,1,52,0,0,0,0,1,1,4,0,12.3,11.2,54.2,50,161.5,131,102.5,76.5,6.8,6.3,2.88,2.25,1,1,0,0,0,0,1,1
1323,38,2,1,1,1,1,50,0,0,0,0,1,1,3,0,14,10.8,61.9,52.8,148,135,91.5,83,6.9,5.9,2.17,2.25,0,0,0,0,0,0,1,1
1324,38,2,1,1,1,1,39,0,0,0,0,1,1,2,0,10.2,4.42,69.2,47.8,154.5,129,94,80.5,5.2,7.1,2.89,2.66,0,0,0,0,0,0,1,0
1325,38,2,1,1,1,1,43,1,0,0,0,1,1,3,0,13.1,9.02,55.9,46.3,154,141.5,98.5,86.5,5.8,6.6,1.86,1.61,0,0,0,0,0,0,1,1
1326,38,2,1,1,1,1,43,0,0,0,0,1,1,3,0,13.4,7.14,71.5,54,155.5,132,99.5,78,9.2,6.7,3.37,2.38,0,0,0,0,0,0,1,0
1327,38,2,1,1,1,1,41,0,0,0,0,1,1,4,0,10.3,6.16,67.4,53.6,148.5,131,89,79.5,10.2,6,3.89,3.11,1,0,0,0,0,0,1,0
1328,38,2,1,1,1,1,56,0,0,0,0,1,1,4,0,16.5,18.6,59.5,61,175,142,106.5,92.5,6.3,6.3,3.08,2.99,1,1,0,0,0,0,1,1
1329,38,2,1,1,1,1,49,0,0,0,0,1,1,4,0,10.5,12.1,53.6,58.8,158,143.5,95,86,6.5,6.5,3.07,2.62,1,1,0,0,0,0,1,1
1330,38,2,1,1,1,1,47,0,0,0,0,1,1,2,0,15.7,8.91,71.1,52.6,152,132,94.5,81,6.2,6,2.35,2.14,0,0,0,0,0,0,1,1
1331,38,2,1,1,1,1,50,1,0,0,0,1,1,4,0,19,16.2,61.9,51.6,165,147.5,101.5,85.5,8.2,7.4,3.65,2.83,1,1,1,1,0,0,1,1
1332,38,2,1,1,1,1,47,0,0,0,0,1,1,4,0,16.9,11.6,73.4,61.4,156.5,141,100,89,7.7,5.8,3.32,3.17,1,0,0,0,0,0,1,1
1333,38,2,1,1,1,1,44,0,1,1,0,1,1,4,0,13.6,7.03,71.3,51.9,152,129,95.5,81,5.2,6.1,3.12,2.99,1,0,0,0,0,0,1,1
1334,38,2,1,1,1,1,44,0,1,1,0,1,1,3,0,14,7.45,71.1,54.1,157.5,129,93.5,82.5,6.4,6.1,3.09,2.82,0,0,0,0,0,0,1,1
1335,38,2,1,1,1,1,50,0,0,0,0,1,1,3,0,10.5,11.3,52.2,55.6,154.5,130,95.5,77,5.1,6.3,3.08,2.84,0,0,0,0,0,0,1,1
1336,38,2,1,1,1,1,56,0,0,0,0,1,1,4,0,24.4,13.9,72.7,48.9,165,144.5,92,85,7.3,7.1,1.76,2.09,1,1,0,0,0,0,1,1
1337,38,2,1,1,1,1,45,0,0,0,0,1,1,3,0,14,7.56,70.6,52.1,153.5,129,96,80,6.8,6.2,2.91,2.5,0,0,0,0,0,0,1,1
1338,38,2,1,1,1,1,50,0,0,0,0,1,1,2,0,16.6,8.46,67.8,45.1,156,126,93.5,79.5,6.6,6.1,1.83,1.58,0,0,0,0,0,0,1,1
1339,38,2,1,1,1,1,54,0,0,0,0,1,1,3,0,12.5,11.9,51.4,47.9,156,129,95.5,76.5,6.8,6.5,3.16,2.83,0,0,0,0,0,0,1,1
1340,38,2,1,1,1,1,57,1,0,0,0,1,1,4,0,30.9,15.8,70.5,42.3,184.5,135,92,75,11,6.9,2.8,3,1,1,1,1,0,0,1,1
1341,38,2,1,1,1,1,47,0,0,0,0,1,1,4,0,10.1,10.7,59.3,59.2,149.5,137,97.5,85,7.7,6.8,3.31,2.94,1,1,0,0,0,0,1,1
1342,38,2,1,1,1,1,51,0,0,0,0,1,1,2,0,16.3,8.63,65.4,43,152,130.5,93.5,83,7.1,7,3,2.81,0,0,0,0,0,0,1,1
1343,38,2,1,1,1,1,41,1,1,0,0,1,1,3,0,22.7,15.3,68.2,57.2,165,152,92,82,7.6,7.1,2.99,2.91,0,0,1,1,0,0,1,1
1344,39,1,1,2,2,2,66,1,0,1,0,1,1,2,1,15,12.9,18.4,21.7,120,123.5,76,71,9.6,6.7,2.6,2.33,0,0,1,1,1,1,1,1
1345,39,1,1,2,2,2,45,1,0,1,0,1,1,2,1,25.7,14.8,72.1,55.7,146.5,130.5,110,84,17.6,7.8,3.82,3.57,0,0,1,1,0,0,1,1
1346,39,1,1,2,2,2,47,0,0,1,0,1,1,4,0,14.2,8.62,65.2,50.2,181.5,152.5,115,92,4.9,6,4.7,4.6,1,1,0,0,0,0,1,1
1347,39,1,1,2,2,2,61,0,0,1,0,1,1,4,0,20.1,9.54,53.5,29.6,143.5,133,83,81,7,5.8,3.02,2.99,1,0,0,0,0,0,1,1
1348,39,1,1,2,2,2,57,0,0,1,0,1,1,4,0,10.2,8.6,39.2,33.4,154.5,141,99.5,90.5,6.2,6.1,3.6,3.43,1,1,0,0,0,0,1,1
1349,39,1,1,2,2,2,58,0,0,1,0,1,1,3,0,18.7,11.4,57.4,37.6,158,132,87.5,80,6.8,4.9,2.14,1.68,0,0,0,0,0,0,1,1
1350,39,1,1,2,2,2,53,0,0,1,0,1,1,3,0,16.4,7.47,62.1,35.5,196,141,107,82,5.2,5.4,3.16,3.06,0,0,0,0,0,0,1,1
1351,39,1,1,2,2,2,67,1,0,1,1,0,1,4,0,20.1,15,36,25.2,141,129,90.5,85.5,5.3,5.1,3.41,2.72,1,0,1,1,0,0,1,1
1352,39,1,1,2,2,2,45,0,0,0,0,1,1,4,0,11.7,7.61,64.3,51.7,148.5,131,90,83.5,22.4,9.5,3.13,3,1,1,0,0,0,0,1,1
1353,39,1,1,2,2,2,50,0,0,1,0,1,1,4,0,17.1,9.01,67.9,46.2,161,130.5,97.5,70.5,7.7,6.2,1.86,1.61,1,1,0,0,0,0,1,1
1354,39,1,1,2,2,2,56,0,0,1,0,1,1,3,0,20.2,8.69,64.3,35.3,166,137.5,108.5,86,9,6.9,2.84,3.06,0,0,0,0,0,0,1,1
1355,39,1,1,2,2,2,52,0,0,1,0,1,1,3,0,14.6,4.84,58.9,26.7,188,140,106.5,87,5.2,4.8,3.79,3.44,0,0,0,0,0,0,0,1
1356,39,1,1,2,2,2,36,1,0,0,0,1,1,3,0,30.1,10.6,74.8,53.4,172.5,132.5,103.5,82,5.8,5.2,3.35,3.58,0,0,0,0,0,0,1,1
1357,39,1,1,2,2,2,46,1,1,0,0,1,1,4,0,13.4,10.1,54.5,42.8,176,139.5,116,85.5,5.8,4.8,1.77,1.77,1,1,1,1,1,0,1,1
1358,39,1,1,2,2,2,50,1,0,1,0,1,1,2,0,13.8,8.51,51.6,37.1,150,139,81,79,5.7,6,3.06,3.1,0,0,0,0,0,0,1,1
1359,39,1,1,2,2,2,61,1,0,1,1,1,1,4,0,15.1,9.92,36.7,23.9,153.5,133,88,83,6.2,6,4.07,3.86,1,1,1,1,1,0,1,1
1360,39,1,1,2,2,2,59,1,0,1,0,1,1,4,0,16.8,11.8,46.2,33.3,147.5,132.5,105.5,78.5,5.1,5.9,3.85,3.27,1,1,1,1,0,0,1,1
1361,39,1,1,2,2,2,60,0,0,1,0,1,1,2,0,14.6,10.3,46.6,33.1,152,129,98.5,85,4.4,4.6,4.28,4.2,0,0,0,0,0,0,1,0
1362,39,1,1,2,2,2,42,1,1,1,0,1,1,3,0,19.9,14.7,67.3,60.1,155,143,89.5,85,5.3,6,3.89,3.88,0,0,1,1,1,1,1,1
1363,39,1,1,2,2,2,47,0,1,0,0,1,1,2,0,16.4,9.19,71.6,53.9,163.5,135,93.5,86,7.1,6.5,3.69,3.64,0,0,0,0,1,0,1,1
1364,39,1,1,2,2,2,45,1,1,0,0,1,1,4,0,34.4,8.65,77.4,39.1,177,125,96.5,83,5.9,5.2,3.25,3.2,1,1,1,1,1,0,1,1
1365,39,1,1,2,2,2,48,0,1,0,0,1,1,3,0,13,8.92,61.8,49.8,171.5,154,98,80.5,5.3,4.99,3.81,3.37,0,0,0,0,1,0,1,1
1366,39,1,1,2,2,2,50,1,1,0,0,1,1,3,0,46.8,20.5,89.6,61,178,145,101.5,88.5,7.3,6.9,3.94,3.67,0,0,1,1,1,1,1,1
1367,39,1,1,2,2,2,49,1,0,1,0,1,1,3,0,26.2,6.16,71.9,32.2,165.5,129,96,71.5,5.3,5.5,3.76,3.41,0,0,1,1,1,0,1,0
1368,39,1,1,2,2,2,63,1,0,1,0,1,1,3,0,16.5,12.3,38.7,27.2,151,131,94,83,4.8,5.7,3.16,3.25,0,0,1,1,1,0,1,1
1369,39,1,1,2,2,2,63,0,0,1,0,1,1,3,0,26.9,21.3,63.8,50.3,158.5,136.5,85,81,10.8,6.4,2.31,2.29,0,0,0,0,1,0,1,0
1370,39,1,1,2,2,2,51,1,0,1,0,1,1,4,0,12,6.92,45.9,30.8,155.5,131,86.5,71,11.9,8.2,3.17,2.76,1,1,0,0,1,1,1,1
1371,39,1,1,2,2,2,49,1,0,1,0,1,1,3,0,10.6,6.27,45.4,32.2,151,130.5,89.5,77,4.5,4.1,2.98,2.96,0,0,1,1,1,0,1,1
1372,39,1,1,2,2,2,49,0,0,1,0,1,1,4,0,13.4,9.08,62.2,49.8,166.5,146,92.5,86.5,4.9,6.1,3.74,3.47,1,1,0,0,1,0,1,1
1373,39,1,1,2,2,2,55,1,0,1,0,1,1,3,0,24,12.2,60.3,38.8,146,131,92.5,79,12.8,6.9,3.88,3.28,0,0,1,1,1,1,1,1
1374,39,1,1,2,2,2,57,1,0,1,0,1,1,2,0,20.6,6.73,57.6,21.5,176.5,133.5,96.5,77.5,5.81,5.5,3.76,3.23,0,0,0,0,1,0,1,1
1375,39,1,1,2,2,2,59,0,0,1,0,1,1,2,0,27.1,21.2,72.3,60.5,166,149,93,85,7.3,6.5,2.95,2.49,0,0,0,0,1,0,1,1
1376,39,1,1,2,2,2,58,1,1,0,0,1,1,3,0,31.8,14.3,70,40.6,166.5,144,86,83,7.3,5.8,3.8,3.14,0,0,1,1,1,0,1,0
1377,39,1,1,2,2,2,47,0,1,0,0,1,1,2,0,10.8,6.28,55.4,40.2,172.5,145,92.5,79,6.7,5.3,3.6,3.3,0,0,0,0,1,0,1,1
1378,39,1,1,2,2,2,50,1,1,0,0,1,1,3,0,25.2,16.1,69.4,54.3,171.5,150,96,83,6.9,6.3,3.8,3.6,0,0,1,1,1,1,1,1
1379,40,2,2,1,1,1,59,0,0,1,0,1,1,3,0,17.4,15.7,50.1,45.5,157.5,140.5,87,76.5,6.6,7.2,3.73,4.13,0,0,0,0,0,0,1,1
1380,40,2,2,1,1,1,59,1,0,1,1,1,1,4,0,18.2,7.56,47.7,21.7,151,127.5,89.5,76.5,4.6,5.9,3.3,2.76,1,1,1,1,1,0,1,1
1381,40,2,2,1,1,1,60,1,0,1,1,1,1,3,0,23.6,13.6,66.3,40.1,166,143.5,101.5,88.5,6.1,6.8,3.33,3.96,0,0,1,1,0,0,1,1
1382,40,2,2,1,1,1,59,0,0,1,1,1,1,3,0,16.6,12.3,50.3,38.1,152.5,132,85,79,5.9,5.8,2.17,1.85,0,0,0,0,1,0,1,1
1383,40,2,2,1,1,1,59,1,0,1,0,1,1,4,0,23,18,50.5,40.5,149,137.5,80,81,9.3,7.5,4.25,3.99,1,1,0,0,1,1,1,1
1384,40,2,2,1,1,1,57,1,1,1,1,1,1,3,0,30,19.1,68.6,52.9,165,151.5,95,85.5,8.4,6.4,4.49,4.41,0,0,1,1,1,1,1,1
1385,40,2,2,1,1,1,67,0,0,1,1,1,1,4,0,18.2,26,35.3,43.8,153,142.5,87,83,5.9,6,2.47,2.71,1,1,0,0,1,1,1,1
1386,40,2,2,1,1,1,68,1,0,1,1,1,1,2,0,32.1,28.9,53.4,44.4,175,160.5,85,80.5,5.3,6.3,4.81,5.07,0,0,0,0,1,1,1,1
1387,40,2,2,1,1,1,67,0,0,1,0,0,1,4,0,19.6,15.7,44.1,33.9,160,145,93,79,4.9,6.1,1.8,2.9,1,1,0,0,1,0,1,1
1388,40,2,2,1,1,1,63,1,0,1,1,1,1,3,0,21.2,15.4,47.7,31.5,151.5,146.5,102.5,89,4.8,5,4.43,3.93,0,0,1,1,1,0,1,1
1389,40,2,2,1,1,1,66,1,0,1,0,1,1,3,0,12.5,12.6,31.7,30.4,144.5,137,76.5,79,5.7,6.2,2.81,3.11,0,0,0,0,0,0,1,1
1390,40,2,2,1,1,1,55,0,0,1,0,1,1,4,0,10.3,6.16,42.6,28.1,148,127.5,81.5,80,6.9,6,1.74,1.88,1,1,0,0,0,0,1,1
1391,40,2,2,1,1,1,71,1,0,0,0,1,1,2,1,36.2,28.2,32.2,20.4,166.5,141.5,85,79.5,8.8,7.2,2.7,2.57,0,0,0,0,1,1,1,1
1392,40,2,2,1,1,1,53,0,0,1,0,1,1,4,0,25.6,15,78.7,58.5,176.5,139.5,94,75.5,13.3,7.6,4.37,4.1,1,0,0,0,1,0,1,1
1393,40,2,2,1,1,1,57,0,0,1,0,1,1,4,0,24.7,20.1,71.6,62.1,175,157,109,89,8.8,6.8,2.09,2.37,1,1,0,0,0,0,1,1
1394,40,2,2,1,1,1,59,1,0,0,0,1,1,3,0,11.7,13.6,30.4,34.5,143.5,143,97,74,4.8,5.5,3.48,3.84,0,0,1,1,0,0,1,1
1395,40,2,2,1,1,1,61,0,0,1,0,1,1,3,0,12.6,17.5,38.3,45.8,173,150.5,86,81,5,6.1,4.25,4.03,0,1,0,0,1,0,1,1
1396,40,2,2,1,1,1,53,1,0,0,0,1,1,4,0,25.3,5.83,67.3,24.7,152.5,122.5,93.5,81.5,7,5.3,2.27,2.2,1,1,0,0,0,0,1,1
1397,40,2,2,1,1,1,56,1,1,1,0,1,1,3,0,15.8,20.4,45.9,51.2,155.5,141,114,92,6,6.3,2.96,4.15,0,0,0,0,1,0,1,1
1398,40,2,2,1,1,1,56,0,0,1,0,1,1,4,0,14.4,6.9,53.4,29.3,175,132.5,99.5,80.5,4.9,5.3,2.82,1.91,1,0,0,0,0,0,1,1
1399,40,2,2,1,1,1,63,0,0,1,0,1,1,4,0,12.4,18.3,34,42.2,137,146,86,85,6.5,6.8,5.23,3.76,1,1,0,0,1,0,1,1
1400,40,2,2,1,1,1,59,1,0,1,0,1,1,4,0,22.6,23.4,52.3,52.4,156,146,88,83,6,6.8,2.22,2.99,1,0,1,1,0,0,1,1
1401,40,2,2,1,1,1,49,0,0,1,0,1,1,4,0,11.7,4.9,57,32.1,162.5,131,98,86,5.7,5.8,4.4,2.79,1,1,0,0,0,0,0,1
1402,40,2,2,1,1,1,60,1,0,1,0,1,1,3,0,14.3,12,30.2,25.9,132,131,83,82,6.8,6.3,2.48,2.11,0,0,1,1,0,0,1,1
1403,40,2,2,1,1,1,59,0,0,1,0,0,1,4,0,13.6,12.3,45.5,41.6,146.5,140,74.5,85,6.3,6.4,4.04,3.71,1,1,0,0,0,0,1,1
1404,40,2,2,1,1,1,55,0,0,1,0,1,1,3,0,11.8,6.79,47.2,29.7,158,136.5,86,81.5,5.1,6,3,1.99,0,1,0,0,1,0,1,1
1405,40,2,2,1,1,1,60,0,0,1,0,1,1,4,0,15.1,7.99,48.4,25.3,150.5,128.5,77.5,86,5.8,6.5,4.17,2.88,1,1,0,0,1,0,1,1
1406,40,2,2,1,1,1,52,1,0,1,0,1,1,3,0,14.8,20.4,46.4,58.2,146,143,85,85,5.2,6.4,3.2,4.64,0,0,1,1,1,0,1,1
1407,40,2,2,1,1,1,52,1,0,1,0,1,1,4,0,26.8,23.2,72.7,67.4,175,163,107,88.5,5.4,6.8,2.25,2.09,1,1,1,1,1,0,1,1
1408,40,2,2,1,1,1,58,1,0,1,0,1,1,3,0,14.2,9.7,38.9,27.2,149.5,130.5,92.5,79,3.8,5,2.87,2.66,0,0,0,0,1,1,1,1
1409,40,2,2,1,1,1,51,0,0,1,0,1,1,4,0,16.9,9.73,66.5,47.3,153,157.5,106.5,91,8.3,6.1,3.8,2.68,1,1,0,0,1,0,1,1
1410,40,2,2,1,1,1,60,1,1,1,0,1,1,3,0,20.2,14.5,52.6,38,162.5,138,85.5,79,5.3,6.4,3.32,4.18,0,0,1,1,1,0,1,1
1411,40,2,2,1,1,1,60,0,0,1,0,1,1,2,0,11.2,7.39,37.7,25.4,157,141,88,80.5,4.7,5.9,2.22,2.92,0,0,0,0,1,0,1,1
1412,40,2,2,1,1,1,40,1,1,0,0,1,1,4,0,11.9,6.01,56.5,42.5,165.5,134,92.5,82.5,6.1,5.9,3.55,3.49,1,1,0,0,1,1,1,1
1413,40,2,2,1,1,1,42,0,1,1,0,1,1,3,0,10.7,2.33,62.8,25.6,161.5,127,90.5,80.5,9.3,6.2,3.65,3.11,0,0,0,0,1,0,1,1
1414,41,1,2,1,2,2,55,0,0,1,0,1,1,3,0,19.7,16.5,65.2,58,152.5,135,88.5,79.5,12.2,7.6,3.4,3.15,0,1,0,0,0,0,1,1
1415,41,1,2,1,2,2,53,1,0,1,0,1,1,2,0,29,10.4,69,35.3,173,127.5,95.5,85,9.5,5.5,2.04,3.64,0,0,1,1,1,0,1,1
1416,41,1,2,1,2,2,59,1,0,1,0,1,1,2,0,14.4,8.68,35.5,21.8,134.5,118,96.5,81,9.8,6.2,1.83,1.34,0,0,1,1,1,0,1,1
1417,41,1,2,1,2,2,59,1,0,1,0,1,1,3,0,17.5,10.8,48.6,31.4,144.5,129,97,84.5,9.8,7.2,4.98,3.78,0,0,1,1,1,0,1,1
1418,41,1,2,1,2,2,61,0,0,1,0,1,1,3,0,17.2,8.4,43.6,23.7,134.5,123.5,81.5,77,10.8,6.8,4.78,3.76,0,0,0,0,1,0,1,1
1419,41,1,2,1,2,2,58,0,0,1,0,1,1,3,0,15.1,6.84,46.9,25,148.5,133.5,97,82.5,10,6.8,1.62,2.77,0,0,0,0,0,1,1,1
1420,41,1,2,1,2,2,54,1,0,1,0,1,1,4,0,11.7,6.3,38.1,24.1,147,124,94,71,9.6,5.6,2.26,2.91,1,1,1,1,1,1,1,1
1421,41,1,2,1,2,2,56,1,0,1,0,1,1,4,0,20.5,7.6,53.6,22.8,160,123,96,74,11.7,7.8,2.38,2.03,1,1,0,0,0,0,1,1
1422,41,1,2,1,2,2,61,0,1,1,0,1,1,3,0,23.7,15.4,61.4,41.6,148.5,125,90,85,24,7.3,3.42,3.98,0,0,0,0,0,0,1,1
1423,41,1,2,1,2,2,69,1,0,1,0,1,1,2,0,28.9,10.9,48.6,11.9,197,119,76.5,77.5,9.4,5.4,2.71,2.03,0,0,0,0,1,0,1,1
1424,41,1,2,1,2,2,54,0,0,1,0,1,1,4,0,22.8,6.77,73.3,32.2,160,126.5,97.5,79.5,9.3,5.3,2.83,3.35,1,1,0,0,0,0,1,1
1425,41,1,2,1,2,2,48,1,0,1,0,1,1,3,0,10.2,4.25,46.9,25.6,141,118.5,87.5,75,11.8,6.8,3.22,2.2,0,0,0,0,0,0,1,1
1426,41,1,2,1,2,2,47,1,0,0,0,1,1,2,0,19.3,7.86,64.3,38.4,152.5,131.5,104.5,84,9.3,5.5,4.01,2.9,0,0,0,0,0,0,1,1
1427,41,1,2,1,2,2,47,1,0,1,0,1,1,2,0,15.3,12,52.4,45.6,142,131.5,105.5,80.5,8,6.9,2.43,2.25,0,0,1,1,0,0,1,1
1428,41,1,2,1,2,2,56,1,0,1,0,1,1,4,0,27.7,10.5,66.2,33.3,167,132,106,84.5,9.5,6,2.26,2.31,1,1,0,1,0,0,1,1
1429,41,1,2,1,2,2,60,1,0,0,0,1,1,4,0,27.4,10.4,59.2,27.8,142.5,127,91,78,10.1,6.4,4.29,2.7,1,1,1,1,0,0,1,1
1430,41,1,2,1,2,2,56,1,0,1,0,1,1,3,0,23.4,12.3,58.4,37.8,158.5,139,114.5,89,10.6,6.6,3.06,2.94,0,0,1,1,1,0,1,1
1431,41,1,2,1,2,2,61,0,0,1,0,1,1,3,0,23.7,13.2,62.5,36.7,159.5,130,104,79.5,16.3,7.4,2.49,2.43,0,0,0,0,0,0,1,1
1432,41,1,2,1,2,2,43,0,0,0,0,1,1,4,0,10.4,6.08,62.8,48,149,130,93.5,74.5,13.1,7.5,2.93,2.25,1,1,0,0,0,0,0,0
1433,41,1,2,1,2,2,54,0,0,1,0,1,1,3,0,18.2,7.3,63.9,33.7,159.5,135.5,94,80.5,10.2,6.5,2.4,2.3,0,0,0,0,0,0,1,1
1434,41,1,2,1,2,2,47,0,0,0,0,1,1,4,0,11.1,2.69,58.6,23.1,161,110.5,96,62.5,6.5,5.1,3.91,2,1,1,0,0,0,0,1,1
1435,41,1,2,1,2,2,64,1,0,1,0,1,1,3,0,30.6,19.7,57.1,31.1,160,136,104,92,8.6,7.1,3.16,3.6,0,0,1,1,0,0,1,1
1436,41,1,2,1,2,2,51,0,0,1,0,1,1,4,0,15,10.1,61.5,47.8,151.5,132.5,93.5,79,5.2,5.4,1.87,2.1,1,1,0,0,0,0,1,1
1437,41,1,2,1,2,2,43,0,0,0,0,1,1,3,0,17.2,6.14,78.8,49.4,165,128.5,101,77,10.2,6.3,4.63,1.4,0,0,0,0,0,0,1,1
1438,41,1,2,1,2,2,58,1,0,1,0,1,1,2,0,24.7,11.1,58,31.2,165,131.5,104,89.5,10.2,6.1,2.74,2.78,0,0,0,0,0,0,1,1
1439,41,1,2,1,2,2,60,1,0,0,0,1,1,2,0,22.6,13.9,53.3,32.9,166.5,132.5,102.5,82,9.2,6.6,3.35,3.41,0,0,1,1,0,0,1,1
1440,41,1,2,1,2,2,48,1,0,0,0,1,1,3,0,42.9,6.32,84.4,30.2,193.5,126.5,102,75,9.1,6.1,2.05,3.29,0,0,0,1,0,0,1,1
1441,41,1,2,1,2,2,44,1,1,0,0,1,1,4,0,28.8,13.4,74.6,52.8,171,142.5,102.5,79,7.7,6.5,2.08,2.16,1,1,1,1,0,0,1,1
1442,41,1,2,1,2,2,55,0,0,1,0,1,1,4,0,18.1,10.7,62.1,42,141.5,124.5,94.5,72,12.8,6.3,4.5,3.8,1,1,0,0,0,0,1,1
1443,41,1,2,1,2,2,62,1,0,1,0,1,1,3,0,14.8,8.69,27,17.1,145,134,94.5,82,9.5,6.5,3.21,2.93,0,0,0,0,0,0,0,1
1444,41,1,2,1,2,2,55,1,1,0,0,1,1,4,0,23.1,12.2,58.9,35.8,159,135,97.5,79.5,16.4,7.9,2.19,2.47,1,1,0,0,0,0,1,1
1445,41,1,2,1,2,2,55,0,0,1,0,1,1,2,0,22,7.7,70.3,31.9,157,114,82,63,17.3,8.1,5.11,3.1,0,0,0,0,0,0,1,1
1446,41,1,2,1,2,2,59,1,0,1,0,1,1,3,0,31.2,24.5,70.9,58.3,187,162,110.5,92.5,10.4,6.5,3.03,3.6,0,0,1,1,0,0,1,1
1447,41,1,2,1,2,2,63,1,0,1,0,1,1,3,0,11,14.6,21.8,21.8,144,126,71.5,73,12.8,6.3,0.94,2.27,0,0,0,0,0,0,1,1
1448,41,1,2,1,2,2,62,1,0,1,0,1,1,3,0,22.7,15,43.6,28.6,148.5,132,85,79.5,12.2,8.2,2.72,2.8,0,0,0,0,0,0,1,1
1449,42,2,1,2,2,2,50,1,0,1,0,1,1,3,0,31.4,27.5,77.8,72.8,181,178.5,114,111.5,6.2,6.2,3.12,2.97,0,1,0,0,0,0,0,0
1450,42,2,1,2,2,2,43,1,0,1,0,1,1,3,0,20.6,18.4,62,57.5,153.5,153.5,100,98.5,4.1,4.3,3.06,2.85,0,0,1,1,0,0,1,1
1451,42,2,1,2,2,2,51,1,0,0,0,1,1,3,0,24.6,15.7,68.5,52.5,177.5,171,100,95.5,4.1,4.7,3.5,2.9,0,0,1,1,0,0,1,1
1452,42,2,1,2,2,2,55,0,0,1,0,1,1,2,0,22.9,20.5,71.6,67,163,155.5,99.5,93,7.1,7.2,4.4,4.21,0,0,0,0,0,1,1,1
1453,42,2,1,2,2,2,44,1,0,1,0,1,1,3,0,31.4,25.1,75,67.7,168.5,162,108.5,104.5,3.4,4.2,2.4,2.38,0,0,1,1,0,0,1,1
1454,42,2,1,2,2,2,56,1,0,0,0,1,1,4,0,15.1,7.41,42.7,22.7,156,124.5,108.5,87,6.6,6.3,3.63,3.5,1,1,0,0,0,0,1,1
1455,42,2,1,2,2,2,53,1,0,1,0,1,1,4,0,16.8,17,52.3,52.8,162.5,160.5,115,93.5,6.5,6.6,1.78,1.95,1,1,1,1,0,1,1,1
1456,42,2,1,2,2,2,44,1,1,0,0,1,1,4,0,13.7,15.1,50.6,53,151.5,155.5,97,96.5,7.3,7.1,1.59,1.52,1,1,1,1,0,0,1,1
1457,42,2,1,2,2,2,40,1,0,0,0,1,1,4,0,12.9,7.33,55.9,42.9,150,134.5,103,88.5,4.8,5.5,3.11,3.21,1,1,0,0,0,0,0,0
1458,42,2,1,2,2,2,56,0,0,1,0,0,1,4,0,12.9,11.9,49.7,46.3,156.5,149.5,94.5,89.5,5.4,5.1,1.57,1.96,1,1,0,0,0,1,0,1
1459,42,2,1,2,2,2,42,1,0,0,0,1,1,3,0,13.7,15.1,54.5,58.2,146,146,93.5,84,4.1,4.6,2.95,3.61,0,0,1,0,0,0,0,1
1460,42,2,1,2,2,2,49,1,0,0,0,1,1,4,0,12.3,12.2,44.7,44.1,151.5,153,97.5,83.5,5.5,5.6,1.27,1.06,1,1,0,0,0,0,1,1
1461,42,2,1,2,2,2,46,0,0,1,0,1,1,4,0,15.7,11.1,71.8,61.8,158,138.5,96.5,79,7.3,5.7,2.09,2.1,1,1,0,0,1,1,1,1
1462,42,2,1,2,2,2,43,1,0,0,0,1,1,3,0,15,13.5,57.5,54.5,154.5,152.5,105.5,99,5.4,6.2,2.85,2.87,0,0,1,1,0,0,0,1
1463,42,2,1,2,2,2,50,0,0,0,0,1,1,4,0,13.8,7.81,60.8,42.8,169,139.5,101.5,90,5.3,6,3.59,3.66,1,1,0,0,0,0,1,1
1464,42,2,1,2,2,2,43,0,0,0,0,1,1,3,0,30.7,27.6,91.4,88.5,197,195.5,110.5,101,10.2,9.3,3.62,3.6,0,0,0,0,0,0,0,0
1465,42,2,1,2,2,2,55,1,0,1,0,1,1,4,0,32.1,17.3,81.9,57,203.5,173.5,121.5,102,6.2,6.7,1.61,1.12,1,1,1,1,1,1,1,1
1466,42,2,1,2,2,2,49,0,0,0,0,1,1,4,0,10.3,9.56,52.4,50.2,152,149,89.5,83.5,4.5,4.7,2.07,2.02,1,1,0,0,0,0,1,1
1467,42,2,1,2,2,2,52,0,0,0,0,1,1,4,0,12.6,9.76,54.5,46.3,161,147,100.5,91,4.6,5.4,3.14,2.9,1,1,0,0,0,0,1,1
1468,42,2,1,2,2,2,60,1,1,0,0,1,1,3,0,22.4,11.2,56.5,29.7,160.5,126,101.5,86.5,5.8,6,3.15,3.05,0,0,1,1,0,0,1,1
1469,42,2,1,2,2,2,65,1,0,1,0,1,1,3,0,21,16.5,56.7,46.1,171.5,162,100.5,93,6.4,6.8,3.33,3.17,0,1,0,0,1,1,1,1
1470,42,2,1,2,2,2,55,1,0,1,0,0,1,4,0,23.8,21,68,62.5,165,160,88,86.5,8.1,7.5,3.27,3.1,1,1,0,1,0,1,0,1
1471,42,2,1,2,2,2,50,0,0,0,0,1,1,3,0,17,14.1,68.1,61.9,154,142.5,99.5,90.5,7,7.4,3.53,3.6,0,0,0,0,0,0,1,1
1472,42,2,1,2,2,2,50,1,0,0,0,1,1,4,0,30.1,16.5,77.7,56,161,145,91,85.5,5.6,5.8,3.53,3.6,1,1,1,1,0,0,1,1
1473,42,2,1,2,2,2,47,0,0,0,0,1,1,3,0,11.4,8.69,59.5,51.4,159.5,146.5,102.5,88,4.6,5.5,3.54,3.58,0,0,0,0,0,0,1,1
1474,42,2,1,2,2,2,46,1,0,0,0,1,1,4,0,15.6,11.3,55,46.3,159.5,148,119.5,90.5,4.5,5.7,3.02,3.21,1,1,1,1,0,0,1,1
1475,42,2,1,2,2,2,37,1,0,0,0,1,1,4,0,15.7,13,59.9,56.4,151.5,144.5,101,94,10.7,8.8,3.01,2.94,1,1,0,0,0,0,1,0
1476,42,2,1,2,2,2,39,1,0,0,0,1,1,3,0,17.9,6.89,65.1,42.3,148.5,125.5,101,82.5,6.1,6.2,2.78,2.7,0,0,1,1,0,0,1,1
1477,42,2,1,2,2,2,54,0,0,0,0,1,1,4,0,10.9,9.73,46.7,42.8,149.5,142.5,94,87,4.6,5.2,2.79,2.78,1,1,0,0,0,0,0,1
1478,42,2,1,2,2,2,59,1,1,1,0,1,1,3,0,35.6,28.3,81.7,72.1,168,158.5,100,91.5,6.4,6.8,5.22,5.13,0,0,1,1,0,0,0,0
1479,42,2,1,2,2,2,49,0,0,0,0,1,1,4,0,17.6,24.8,72.7,84.3,169.5,160.5,89.5,83.5,5,5.4,3.55,3.4,1,1,0,0,0,0,1,1
1480,42,2,1,2,2,2,42,0,0,0,0,1,1,4,0,11.9,9.2,69.7,63.2,153.5,142,92.5,84.5,9.3,9.3,2.94,2.76,1,1,0,0,0,0,1,1
1481,42,2,1,2,2,2,52,0,0,0,0,1,1,4,0,13.6,10.7,57.9,49.5,163.5,151,100.5,89,5,4.9,3.55,3.6,1,1,0,0,0,0,1,1
1482,42,2,1,2,2,2,40,1,0,0,0,1,1,4,0,23.8,19.4,63.7,59.2,156.5,142,91,88.5,5.8,9.3,3.32,2.84,1,1,1,1,0,0,1,1
1483,42,2,1,2,2,2,49,1,1,0,0,1,1,2,0,24.7,15,69.2,52.8,165.5,144.5,99.5,88.5,5.4,5.6,2.88,3.25,0,0,1,1,0,0,1,1
1484,43,1,1,2,1,2,51,0,0,1,0,1,1,2,0,11.1,8.94,51.8,44.7,132,123,80.5,69,9.2,6.8,3.99,3.17,0,0,0,0,0,0,1,1
1485,43,1,1,2,1,2,54,0,0,1,0,1,1,3,0,11.8,11.7,47.2,46.9,148,131,80.5,77,5.6,5.8,4.17,3.93,0,0,0,0,0,0,1,1
1486,43,1,1,2,1,2,51,0,0,1,0,1,1,4,0,20,6.94,73.2,38,157,131.5,93.5,82.5,7.4,5.8,3.03,2.45,1,1,0,0,0,0,1,1
1487,43,1,1,2,1,2,52,0,0,1,0,0,1,3,0,10.5,6.39,48.1,33.3,155.5,133,98.5,85.5,6.2,5.9,4.73,3.83,0,0,0,0,1,0,1,1
1488,43,1,1,2,1,2,60,0,0,1,0,1,1,3,0,11.5,10.1,37.4,33.2,142,137.5,80,81.5,6.6,6.3,5.17,3.67,0,0,0,0,0,0,1,1
1489,43,1,1,2,1,2,57,0,0,1,0,1,1,3,0,19.7,23.9,63.8,68.3,143.5,123,84,72,5.6,4.9,3.65,3.02,0,1,1,1,0,0,1,0
1490,43,1,1,2,1,2,54,0,0,1,0,1,1,4,0,17.5,11.6,65,49.1,143.5,121,76.5,75,5.5,5.5,2.8,2.27,1,1,1,1,0,0,1,0
1491,43,1,1,2,1,2,61,0,0,1,0,1,1,4,0,26.7,14,74.2,42.4,199,140.5,99,81,5.9,5.6,4.66,4.09,1,1,0,0,0,0,1,1
1492,43,1,1,2,1,2,53,0,0,1,0,1,1,3,0,11.7,6.55,49.8,32.1,167,136.5,103,76.5,6.4,5.8,4.05,3.3,0,0,0,0,0,0,1,1
1493,43,1,1,2,1,2,54,0,0,1,0,1,1,3,0,11.7,6.47,48.5,30.3,165.5,132.5,79.5,77.5,4.9,5.5,3.18,2.32,0,0,0,0,1,0,1,1
1494,43,1,1,2,1,2,49,0,0,1,0,1,1,3,0,17.5,10.4,71.4,54.2,160.5,133.5,84.5,72,5.8,5.4,2.46,2.28,0,0,0,0,0,0,1,0
1495,43,1,1,2,1,2,46,0,0,1,0,1,1,3,0,11,5.2,59.2,38.4,165,132.5,85.5,74,5.8,5.2,3.9,3.11,0,0,0,0,0,0,1,0
1496,43,1,1,2,1,2,55,0,0,1,0,1,1,3,0,27.8,13.5,79.6,50.4,183,133.5,88,81.5,9.8,6.7,5.66,3.65,0,0,0,0,1,0,1,0
1497,43,1,1,2,1,2,64,1,1,1,0,1,1,2,0,21,13.4,50.4,28.4,181,137,99,78,4.7,4.8,2.47,2.41,0,0,1,1,1,0,1,0
1498,43,1,1,2,1,2,59,0,0,1,0,1,1,2,0,13.6,10.6,46.4,36.6,162.5,144,96.5,82,5.9,6,4.22,3.51,0,0,0,0,1,0,1,1
1499,43,1,1,2,1,2,49,0,0,1,0,1,1,4,0,28.8,6.63,87.1,40.3,186,133.5,115,83.5,7,6.1,4.19,2.93,1,0,0,0,1,0,1,0
1500,43,1,1,2,1,2,58,0,0,1,0,1,1,2,0,11.2,9.23,40,33.7,160.5,133,88.5,71,5.7,5.3,3.07,3.02,0,0,0,0,1,0,1,1
1501,43,1,1,2,1,2,54,1,0,1,0,1,1,4,0,12.8,8.5,43.2,31,147,132,101,83,5.4,5.8,2.54,2.1,1,1,1,1,1,0,1,1
1502,43,1,1,2,1,2,55,0,0,1,1,1,1,3,0,11.3,8.98,45.9,38.2,156.5,133,85,79,5.6,5.2,3.3,3.2,0,0,0,0,1,1,1,1
1503,43,1,1,2,1,2,53,0,0,1,0,1,1,4,0,22.9,15.3,75,59.5,155.5,131,94,79,8.6,5.8,2.17,2.25,1,1,0,0,1,0,1,1
1504,43,1,1,2,1,2,59,0,0,1,0,1,1,3,0,16.1,11.1,51.6,37.6,172.5,133,92,77,5.4,5.3,3.53,3.13,0,0,0,0,1,0,1,0
1505,43,1,1,2,1,2,53,0,0,1,0,1,1,3,0,12.3,6.96,52.2,34.2,161,131,90.5,79.5,6,5.6,4.69,2.87,0,0,0,0,0,0,1,1
1506,43,1,1,2,1,2,70,0,0,1,0,1,1,4,0,24.1,16.4,48.5,27.7,168.5,131,98,80.5,6.2,5.9,5.14,3.74,1,1,0,0,0,0,1,0
1507,43,1,1,2,1,2,59,0,0,1,0,1,1,4,0,25.1,16.4,68.4,48.2,157,125,91.5,77,6.8,5.5,3.79,2.89,1,1,0,0,1,0,1,0
1508,43,1,1,2,1,2,57,1,0,1,0,1,1,3,0,19.1,11.7,53.5,35.5,168,143.5,97.5,86,5.2,3.7,3.17,2.34,0,0,1,1,0,0,1,0
1509,43,1,1,2,1,2,60,0,0,1,0,1,1,4,0,14.9,11.5,48.1,37.3,160,137,89.5,75,6.4,5.6,3.28,2.66,1,1,0,0,0,0,1,1
1510,43,1,1,2,1,2,62,0,1,1,0,1,1,3,0,23.4,17.6,59.9,44.7,158,131,85.5,77,5.6,5.6,4.47,3.49,0,0,0,0,1,0,1,0
1511,43,1,1,2,1,2,60,1,1,1,0,1,1,3,0,14.3,11,36.1,28.2,161,131.5,92,77,5.1,5.4,2.55,2.34,0,0,1,0,0,0,1,1
1512,43,1,1,2,1,2,44,0,0,1,0,1,1,4,0,13.6,3.88,69.3,33.8,160,131,79,75.5,7.6,6.1,4.85,3.64,1,1,0,0,1,0,1,1
1513,43,1,1,2,1,2,52,1,0,1,0,1,1,3,0,15.5,10.2,52.7,36.9,173,136,89.5,75,5.9,5.3,3.58,2.12,0,0,1,1,1,1,1,1
1514,43,1,1,2,1,2,49,1,1,0,0,1,1,4,0,16.7,8.24,52.4,33.1,155.5,129,95,80,7.6,6.2,3.2,2.33,1,1,1,1,0,0,1,1
1515,43,1,1,2,1,2,54,1,0,0,0,1,1,3,0,20.9,13.7,56.6,41.5,149.5,134,94.5,84.5,7.6,7.9,4.23,3.57,0,1,0,0,0,0,1,1
1516,43,1,1,2,1,2,57,1,0,0,0,1,1,4,0,19.4,8.6,49.7,27,150,132.5,96,85.5,7.4,5.8,3.3,3.39,1,1,0,0,0,0,1,0
1517,43,1,1,2,1,2,50,1,1,0,0,1,1,2,0,11.2,6.75,43.3,30.7,150,129,91.5,75,6.7,5.4,3.49,2.82,0,0,0,0,0,0,1,1
1518,43,1,1,2,1,2,54,0,0,0,0,1,1,3,0,10.9,8.45,46.4,38.1,162,142,89,83.5,6.3,6,2.51,2.29,0,0,0,0,0,0,1,1
1519,44,1,2,1,1,1,68,1,1,1,0,1,1,3,0,16.7,12.2,25.6,15.7,155.5,130,90,77,5.6,5.1,1.94,1.9,0,0,1,1,1,1,1,1
1520,44,1,2,1,1,1,53,0,0,0,0,1,1,3,0,11.1,4.43,47,23.1,153,132.5,78.5,79.5,8,5.8,2.95,3,0,0,0,0,0,0,1,1
1521,44,1,2,1,1,1,52,0,0,1,0,1,1,3,0,18.3,7.53,67.4,37.7,168,147.5,96.5,85,9.5,6.2,2.94,3.4,0,0,0,0,0,1,1,1
1522,44,1,2,1,1,1,52,0,0,1,0,1,1,4,0,11,12.6,49.5,53.7,162,140.5,73,76.5,5,5.3,3.1,2.87,1,0,0,0,0,0,1,1
1523,44,1,2,1,1,1,54,0,0,1,0,1,1,3,0,14.7,5.88,54.9,28,146.5,132,89,81,7.9,6.6,4.68,3.88,0,0,0,0,1,0,1,1
1524,44,1,2,1,1,1,63,1,0,1,0,1,1,3,0,19.2,12.2,40.5,24.3,168,141,103.5,87,5.8,5.4,4.33,3.4,0,0,1,1,1,0,1,1
1525,44,1,2,1,1,1,56,0,0,1,0,1,1,4,0,12.9,7.83,49.3,32.3,177,142,94,81,5.3,5.9,4.77,4.2,1,1,0,0,1,0,1,1
1526,44,1,2,1,1,1,62,0,0,1,0,1,1,3,0,18.5,13.3,44.8,32,144.5,125.5,80.5,68.5,8.2,7.1,3.32,3.5,0,0,0,0,0,0,1,1
1527,44,1,2,1,1,1,62,0,0,1,0,1,1,3,0,11.3,11.2,26.5,26.7,117,119.5,71,70.5,9.4,7.1,2.05,2.9,0,0,0,0,0,0,1,1
1528,44,1,2,1,1,1,47,1,1,0,0,1,1,4,0,15.2,6.99,54,33.5,156.5,132,98.5,81,5.2,5.9,2.88,3.5,1,1,1,1,0,0,1,1
1529,44,1,2,1,1,1,52,1,0,1,0,1,1,3,0,11.7,8.8,40.6,32.9,146,135.5,99,84.5,5.8,5.7,1.63,2.1,0,0,1,1,0,0,1,1
1530,44,1,2,1,1,1,45,1,1,0,0,1,1,3,0,46.1,9.74,88.4,43.9,184,137,96.5,83.5,10.5,6,3.57,3.27,0,0,1,1,0,0,1,1
1531,44,1,2,1,1,1,55,1,0,1,0,0,1,3,0,15.4,7.94,43.8,27.5,139.5,131.5,88,76.5,7.4,6.1,2.86,3.1,0,0,0,0,0,0,1,1
1532,44,1,2,1,1,1,59,1,0,1,0,1,1,3,0,31.2,10.1,66.4,28,160,131.5,78.5,73.5,7.8,6.1,4.05,3.3,0,0,1,1,0,0,1,1
1533,44,1,2,1,1,1,71,0,1,0,0,0,1,4,0,34.2,24.8,61.4,37.3,178,135.5,99,83,16.5,8,4.71,3.1,1,1,0,0,0,1,1,1
1534,44,1,2,1,1,1,69,1,1,1,0,1,1,3,0,26.2,24.2,39.8,34.2,153.5,142.5,95,83.5,8.8,6.1,2.38,2.5,0,0,1,1,0,0,1,1
1535,44,1,2,1,1,1,43,1,0,1,0,1,1,4,0,15.7,6.79,57.4,37.4,160,133,86,80,6.2,5.3,2.2,3.99,1,1,1,1,0,0,1,1
1536,44,1,2,1,1,1,54,0,0,0,1,1,1,2,0,13.8,11.6,52.4,46.3,149.5,140,102,84.5,9.3,7,2.47,2.3,0,0,0,0,0,1,1,1
1537,44,1,2,1,1,1,54,0,0,0,0,1,1,3,0,18.6,11.3,64.2,45.5,163.5,136.5,92.5,89.5,6.6,6.4,2.42,2.9,0,0,0,0,0,0,1,1
1538,44,1,2,1,1,1,55,1,0,1,0,1,1,3,0,38.4,20.1,80.4,53.5,206.5,163.5,116,84,13.3,8.9,2.63,3.11,0,0,0,0,0,0,1,1
1539,44,1,2,1,1,1,52,0,0,1,0,1,1,2,0,13.6,7.94,57.5,39.7,157,131,88.5,75.5,13.9,6.9,4,3.88,0,0,0,0,0,0,1,1
1540,44,1,2,1,1,1,50,1,1,0,0,1,1,3,0,13.6,7.84,49.4,34.1,154.5,136,93.5,86,5.2,5.2,2.46,3.17,0,0,0,0,0,0,1,1
1541,44,1,2,1,1,1,52,0,0,0,0,1,1,2,0,11.5,6.87,49.7,34.2,182,152.5,106,83,5.2,6.2,4.14,3.6,0,0,0,0,0,0,1,1
1542,44,1,2,1,1,1,58,1,1,1,0,1,1,2,0,12.6,10.9,35.3,30.5,159.5,145.5,90.5,83,5.8,5.3,1.93,2.3,0,0,1,1,0,0,1,1
1543,44,1,2,1,1,1,58,0,0,0,0,1,1,3,0,23.9,9.62,68.2,35.4,157.5,138,88.5,77,7.5,6.3,4.09,4.2,0,0,0,0,0,1,1,1
1544,44,1,2,1,1,1,52,0,0,0,0,1,1,3,0,15,11.1,60.1,49.2,149.5,137,95.5,92,7.3,6.2,2.8,2.9,0,0,0,0,0,0,1,1
1545,44,1,2,1,1,1,59,1,0,0,0,1,1,2,0,14.1,12.5,38.3,33.6,151,139,88.5,81,5.5,5.6,2.16,2.23,0,0,1,1,0,0,1,1
1546,44,1,2,1,1,1,54,1,0,0,0,0,1,2,1,10.8,12.8,35.6,39.4,149.5,135,88.5,80.5,6.6,5,3.36,3.38,0,0,1,1,0,0,1,1
1547,44,1,2,1,1,1,60,1,0,0,0,0,1,4,0,17.3,12.3,44.9,31.4,152,129.5,88.5,72,6.6,5.5,2.57,2.3,1,0,1,1,0,0,1,1
1548,44,1,2,1,1,1,41,1,0,0,0,1,1,4,0,11,11.7,59.8,53.5,161,133.5,87.5,84.5,5.4,5.3,3.59,3.31,1,1,1,1,0,0,1,1
1549,44,1,2,1,1,1,50,1,0,1,0,1,1,2,1,10.5,6.43,41.4,29.7,158,133.5,96,86,5.1,5.6,1.95,3,0,0,1,1,0,0,1,1
1550,44,1,2,1,1,1,50,0,0,0,0,1,1,3,0,12.7,5.68,57.9,33.9,170,132,87,77.5,5.2,5,3.27,1.97,0,0,0,0,0,0,1,1
1551,44,1,2,1,1,1,54,1,0,1,0,1,1,4,0,12.2,9.8,43.3,36.6,143,133.5,93,80,6.3,6,2.62,2.9,1,0,1,1,0,0,1,0
1552,44,1,2,1,1,1,56,1,0,0,0,1,1,3,0,19.1,15.5,49.6,42,150,140,96.5,84.5,6.6,5.3,2.47,3.3,0,0,0,0,0,0,1,1
1553,44,1,2,1,1,1,64,0,1,0,0,0,1,3,0,15.6,19,43.3,44,162.5,135.5,90,74.5,6.8,5.5,4.06,3.5,0,0,0,0,0,0,1,1
1554,45,2,2,2,2,2,55,0,0,0,0,0,1,4,0,17.3,15,59.8,54.3,158.5,149,87,91.5,13.3,8.5,2.38,3,1,1,0,0,0,0,1,1
1555,45,2,2,2,2,2,62,1,0,0,0,1,1,3,0,29.3,22.3,56.7,42.7,163,144,75,82,19.1,8.5,6.21,4.55,0,0,0,0,0,1,1,1
1556,45,2,2,2,2,2,64,1,0,0,0,1,1,3,0,12.3,11.6,24.6,22.5,145,137,87,79,5.9,6.1,1.53,2.84,0,0,0,0,0,0,1,1
1557,45,2,2,2,2,2,56,0,0,1,1,1,1,4,0,17.1,14.8,57.1,51.9,153,148.5,93,90.5,8.7,7.5,2.42,3.6,1,0,0,0,0,0,1,1
1558,45,2,2,2,2,2,64,0,0,1,1,1,1,3,0,26.8,25.5,61.4,59,157.5,154.5,90,89.5,7.4,7.2,3.9,4.03,0,0,0,0,0,0,1,1
1559,45,2,2,2,2,2,56,0,0,1,1,1,1,4,0,35,10.3,86.9,40.8,197.5,142,98,82,9.1,6.2,5.43,4.83,1,1,0,0,0,0,1,1
1560,45,2,2,2,2,2,64,0,0,0,1,0,1,4,0,24.3,20.9,56.4,47.2,149,133,88,81.5,6.6,6.5,2.35,4.2,1,1,0,0,0,0,1,1
1561,45,2,2,2,2,2,57,1,0,0,0,1,1,3,0,27.5,17.1,64.2,43.9,168,143.5,97.5,84,10.5,7.6,4.21,4.2,0,0,0,0,0,0,1,1
1562,45,2,2,2,2,2,67,0,0,0,1,1,1,3,0,29.4,25.4,58,50.2,160,150,77,80.5,14.8,9,2.77,3.92,0,0,0,0,0,1,1,1
1563,45,2,2,2,2,2,57,1,0,0,0,1,1,2,0,17.5,13.7,43.4,36.4,148,151.5,105.5,97.5,7.7,7.5,2.05,1.99,0,0,0,0,0,0,1,1
1564,45,2,2,2,2,2,47,0,0,0,0,1,1,2,0,17.7,15.7,72.6,68.5,171.5,170.5,109.5,103,13.9,11.2,3.71,2.88,0,0,0,0,0,0,1,1
1565,45,2,2,2,2,2,56,1,0,0,0,1,1,4,0,17.2,8.48,48,29,153,135.5,82,77,7.6,6.3,3.42,3.43,1,1,0,0,0,1,1,1
1566,45,2,2,2,2,2,52,1,0,1,0,1,1,2,0,52.2,17.5,92.6,57.3,212,165,144,117,6.9,6.1,4.01,3.85,0,0,1,1,0,0,1,1
1567,45,2,2,2,2,2,52,1,0,0,0,1,1,3,0,14.4,9.43,44.9,34.9,139.5,134.5,87.5,81,7,6.3,2.66,2.79,0,0,1,1,0,0,1,1
1568,45,2,2,2,2,2,42,0,0,1,0,1,1,4,0,14.4,7.69,74.1,57.9,163,136,89,84.5,14.1,7.9,2.27,2.18,1,1,0,0,0,0,1,1
1569,45,2,2,2,2,2,51,0,0,1,0,1,1,4,0,10.8,11,50.8,51.8,159.5,159.5,96.5,95.5,6.6,6.8,3.01,3.43,1,1,0,0,0,0,1,1
1570,45,2,2,2,2,2,50,0,0,1,0,1,1,3,0,15.2,9.84,63.7,49.3,159.5,136.5,92.5,81,10.3,6.7,4.75,3.47,0,0,0,0,0,0,1,1
1571,45,2,2,2,2,2,52,0,0,1,0,1,1,3,0,14.5,6.93,57.9,35,158,143,106,84,7.1,5.8,3.01,2.94,0,0,0,0,0,0,1,1
1572,45,2,2,2,2,2,54,1,0,0,0,1,1,4,0,14.7,11.4,51.3,42.8,157.5,160.5,107,96.5,6.1,6.6,3.74,2.94,1,1,0,0,0,0,1,1
1573,45,2,2,2,2,2,43,0,0,1,0,1,1,4,0,11.5,7.3,62.7,50.6,176,155,88,87,6,6.5,2.6,2.51,1,1,0,0,0,0,1,1
1574,45,2,2,2,2,2,53,1,0,1,0,1,1,4,0,18.2,5.95,56.4,25.3,155,157.5,92.5,84.5,5.5,5.5,4.51,2.78,1,1,0,0,0,0,1,1
1575,45,2,2,2,2,2,51,1,0,1,0,1,1,3,0,13.3,8.93,46.1,33.2,157,133,98.5,84,5.8,5.5,1.98,1.67,0,0,0,0,0,0,1,1
1576,45,2,2,2,2,2,50,0,0,1,0,1,1,4,0,15.4,15.1,64.6,63.9,153.5,151.5,98.5,94.5,12.4,11.8,3.3,3.3,1,1,0,0,0,0,1,1
1577,45,2,2,2,2,2,48,0,0,0,0,1,1,4,0,13.7,13.4,64.5,64,149,151.5,90.5,95.5,7.8,8.5,3.26,2.83,1,1,0,0,0,1,1,1
1578,45,2,2,2,2,2,68,1,0,0,0,1,1,4,0,24.6,18.1,38.9,25.9,168.5,147,112,89,10.1,6.8,1.64,1.6,1,1,0,0,0,1,1,1
1579,45,2,2,2,2,2,56,0,0,1,0,1,1,3,0,18.6,13,60.4,46.7,145,127,90,81,6.4,6.5,2.64,1.95,0,0,0,0,0,0,1,1
1580,45,2,2,2,2,2,55,0,0,0,0,1,1,4,0,20.7,,67.7,,162.5,,101.5,,7.1,,2.8,,1,,0,,0,,1,
1581,45,2,2,2,2,2,65,0,0,0,0,1,1,3,0,27,13.3,58.2,31.4,152,132,92.5,81,10,6,1.63,1.49,0,0,0,0,1,0,1,1
1582,45,2,2,2,2,2,53,0,0,1,0,1,1,2,0,10.2,10.6,45.5,47,153.5,153,88.5,82.5,6.8,6.2,2.37,2.5,0,0,0,0,0,0,1,1
1583,45,2,2,2,2,2,50,0,0,1,1,0,1,4,0,17.2,14.1,69.2,62.3,155.5,143,89.5,83.5,13.3,6.7,1.65,1.42,1,1,0,0,0,0,1,1
1584,45,2,2,2,2,2,59,0,0,0,0,1,1,4,0,13.4,10.2,45.4,35,147.5,127.5,94,82.5,5.7,5,3.58,3.32,1,1,0,0,0,0,1,1
1585,45,2,2,2,2,2,42,0,0,0,1,1,1,4,0,16.9,8.86,77.7,60.6,174,145,99.5,87,8.2,6.8,2.37,2.07,1,1,0,0,0,0,1,1
1586,45,2,2,2,2,2,47,0,0,0,0,1,1,3,0,16.2,9.9,71.1,56.3,163,136,78.5,77,9,6.8,5.39,5.23,0,0,0,0,0,0,1,1
1587,45,2,2,2,2,2,79,1,0,1,1,1,1,3,0,40.2,40,21.5,13.4,160,157.5,90,87.5,9,8.5,4.49,3.88,0,0,0,0,0,0,1,1
1588,45,2,2,2,2,2,63,1,0,1,0,1,1,3,0,24.7,21.8,48.5,42.4,148.5,139.5,85,81.5,12.2,8.5,2.72,3.42,0,0,1,1,0,0,1,1
1589,46,1,1,1,1,2,57,0,0,1,0,1,1,4,0,11.5,13.1,43.3,44.2,155.5,147,106,87.5,6.8,5.8,1.27,0.96,1,0,0,0,0,0,0,1
1590,46,1,1,1,1,2,53,1,0,1,0,1,1,3,0,14,7.35,44.5,27.4,149,134.5,104,83,8.4,6.3,3.04,2.63,0,0,0,0,0,0,1,0
1591,46,1,1,1,1,2,53,1,0,1,0,1,1,4,0,10.2,7.77,34.4,27.5,136.5,122,93,77.5,14.7,6.3,2.28,2.16,1,1,0,0,0,0,1,1
1592,46,1,1,1,1,2,56,1,0,1,0,1,1,2,0,10.6,12.5,33.5,34.7,149.5,132,101,82.5,6.1,6.2,2.08,2.21,0,0,0,0,0,0,1,0
1593,46,1,1,1,1,2,58,0,0,1,0,1,1,3,0,12.1,14.9,44.1,48.2,154.5,136.5,93.5,82.5,6.6,5.8,3.56,2.45,0,0,0,0,0,0,1,0
1594,46,1,1,1,1,2,60,0,0,1,0,1,1,4,0,20.6,15,54.2,40.9,148,132.5,95.5,83,8.6,7.2,1.95,1.5,1,1,0,0,0,0,1,0
1595,46,1,1,1,1,2,54,1,0,1,0,1,1,3,0,11.8,13.8,38.2,41.5,151,144,91,85.5,11,8.1,3.23,2.8,0,0,0,0,0,0,1,0
1596,46,1,1,1,1,2,61,1,1,1,0,1,1,2,0,16.2,10.2,39.4,23.4,159,131,96,78.5,6.3,6,2.5,2.25,0,0,0,0,0,0,1,0
1597,46,1,1,1,1,2,45,1,0,1,0,1,1,3,0,11.2,5.68,52.6,35.3,151,131,107,77,10.5,8.2,3.7,3.08,0,0,1,1,0,0,1,0
1598,46,1,1,1,1,2,54,0,0,1,0,1,1,3,0,16.3,7.97,59.7,33.7,150,141,95.5,83,6.4,5.8,3.54,2.64,0,0,0,0,0,0,1,0
1599,46,1,1,1,1,2,48,0,0,1,0,1,1,2,0,13.2,9.37,62.5,51.7,151,134,91.5,83.5,7.2,6.1,1.89,1.78,0,0,0,0,0,0,1,0
1600,46,1,1,1,1,2,53,0,0,1,0,1,1,3,0,13.7,7.43,55,35.4,149.5,124.5,89.5,78,16.8,10,2.19,1.2,0,0,0,0,0,0,1,1
1601,46,1,1,1,1,2,45,0,0,0,0,1,1,4,0,13.6,4.93,68.7,41.1,154.5,135.5,93.5,86.5,7.7,5.8,1.97,2.4,1,0,0,0,0,0,1,0
1602,46,1,1,1,1,2,40,0,0,0,0,1,1,1,0,10.3,3.5,67,43.9,155,134.5,95,70,6.6,6,2.7,2.29,0,0,0,0,0,0,1,1
1603,46,1,1,1,1,2,49,0,0,0,0,1,1,3,0,15.7,12.2,67.6,58.8,153.5,136,101.5,84,5.8,6,2.62,1.5,0,0,0,0,0,0,1,0
1604,46,1,1,1,1,2,51,1,0,0,0,1,1,3,0,11,6.2,41.7,27.5,151,133.5,104,85.5,5.5,5.6,2.67,2.24,0,0,0,0,0,0,1,0
1605,46,1,1,1,1,2,65,0,0,1,0,1,1,3,0,28.1,20.5,56.7,46.3,167,150,91,82.5,7.1,6.3,2.68,3.4,0,0,0,0,0,0,1,1
1606,46,1,1,1,1,2,58,1,0,1,0,1,1,3,0,13,11.1,37.1,27.8,152.5,124,93.5,80.5,6.1,6.1,3.2,3.06,0,0,0,0,0,0,1,0
1607,46,1,1,1,1,2,71,1,0,1,0,1,1,3,0,20.7,23,36.3,25.4,171,134.5,91,85.5,6.1,6.2,2.5,2.1,0,0,1,1,0,0,1,0
1608,46,1,1,1,1,2,55,1,0,1,0,1,1,2,0,12.1,7.78,39,26.5,155.5,127.5,95,78.5,5.6,5.3,2.01,2.38,0,0,0,0,0,0,1,0
1609,46,1,1,1,1,2,60,1,0,1,0,1,1,2,0,16.1,9.77,41.4,23.2,165,136.5,102,79.5,6.1,6.9,1.83,1.87,0,0,0,0,0,0,1,0
1610,46,1,1,1,1,2,40,0,0,0,0,1,1,4,0,11.3,1.75,70.4,30.2,157,113.5,97,78.5,9.2,6.1,2.38,2.32,1,0,0,0,0,0,1,0
1611,46,1,1,1,1,2,42,1,0,0,0,1,1,4,0,15.1,6.67,63.9,38.1,186.5,133,130,82.5,5.5,5.1,3.11,2.97,1,1,1,1,0,0,1,0
1612,46,1,1,1,1,2,37,0,0,0,0,1,1,3,0,11.4,2.93,74.3,47.7,161.5,133.5,100,81,7.2,6,2.51,3.1,0,0,0,0,0,0,1,0
1613,46,1,1,1,1,2,41,0,0,0,0,1,1,2,0,11.6,2.26,69.4,28,157,113.5,101.5,67.5,8.8,5.4,2.32,4.11,0,0,0,0,0,0,1,0
1614,46,1,1,1,1,2,56,0,0,1,0,1,1,3,0,21.3,13.9,66.6,49.2,156,135.5,95,83.5,8.3,6.8,2.71,2.38,0,0,0,0,0,0,1,0
1615,46,1,1,1,1,2,51,1,0,1,0,1,1,2,0,11.8,9.44,41.8,33.9,150,125,99.5,79,5.5,5.6,1.98,1.95,0,0,1,1,0,0,1,0
1616,46,1,1,1,1,2,42,0,0,1,0,1,1,2,0,13.9,6.9,73.4,54.2,160.5,134.5,99,79,7.4,6.5,2.67,2.07,0,0,0,0,0,0,1,0
1617,46,1,1,1,1,2,45,0,0,0,0,1,1,4,0,14.3,5.43,69.5,42.7,159.5,119,100,78,7.6,6.1,2.23,2.12,1,0,0,0,0,0,1,0
1618,46,1,1,1,1,2,53,1,0,0,0,1,1,3,0,23.8,10.7,62,34.8,155.5,122,95,79,8.9,5.8,2.71,2.43,0,0,1,1,0,0,1,0
1619,46,1,1,1,1,2,64,1,0,1,0,1,1,2,0,14.1,19.7,23.7,31.3,149,134,80,73.5,6.1,6.3,2.55,2.5,0,0,0,0,0,0,1,0
1620,46,1,1,1,1,2,63,0,0,1,0,1,1,3,0,14.3,18.1,37.7,43.7,161.5,135.5,99.5,79,6.6,6.1,4.14,3.22,0,0,0,0,0,0,1,0
1621,46,1,1,1,1,2,44,1,0,0,0,1,1,4,0,18.1,5.08,61.4,27.5,154.5,130,108,79.5,8.2,7.1,2.66,1.67,1,1,1,1,0,0,1,0
1622,46,1,1,1,1,2,54,0,0,0,0,1,1,2,0,17.4,10.5,62,43,163.5,132.5,93,75,11,7,2.59,2.1,0,0,0,0,0,0,1,0
1623,46,1,1,1,1,2,40,1,1,0,0,1,1,4,0,33.8,19.3,78.1,74,191.5,135.5,137.5,86,6.2,6.3,2.19,3.83,1,1,1,1,0,0,1,0
1624,47,2,2,1,2,2,66,0,0,0,0,0,1,3,0,29.3,22.6,58.4,40.8,151,141,91.5,88.5,10.5,7.6,2.05,2.26,0,1,0,0,1,1,0,1
1625,47,2,2,1,2,2,49,0,0,0,0,1,1,4,0,25.2,12.7,83,61.7,178.5,161,103.5,91,9.7,7.1,4.99,3.25,1,1,0,0,0,0,1,1
1626,47,2,2,1,2,2,67,0,0,1,0,1,1,3,0,26.4,14,52.9,30.3,158.5,144,98.5,90.5,7.3,6,3.08,2.86,0,0,0,0,1,0,1,1
1627,47,2,2,1,2,2,68,1,0,1,1,1,1,4,0,24.7,14.6,42.3,25.4,155,136.5,97.5,84.5,7.9,6.43,2.08,3.11,1,1,1,1,1,1,1,1
1628,47,2,2,1,2,2,63,0,0,1,0,1,1,3,0,28.1,21.9,64.9,49,152.5,146,94.5,89,13.2,8.1,4.61,3.91,0,0,0,0,1,1,1,1
1629,47,2,2,1,2,2,53,1,0,1,1,1,1,2,0,22.3,12.4,59,41.4,162,144.5,102,85.5,12.2,6.6,2.62,3.21,0,0,1,1,0,0,1,1
1630,47,2,2,1,2,2,52,0,0,1,0,1,1,4,0,21.3,9.83,74,46.5,162,152.5,95,88.5,8.7,6.4,2.79,2.33,1,1,0,0,0,1,0,1
1631,47,2,2,1,2,2,53,1,0,1,1,1,1,4,0,20.4,15.1,57.2,46.1,154,145.5,101.5,88.5,13.3,7.6,2.61,2.29,1,0,0,0,1,1,1,1
1632,47,2,2,1,2,2,70,0,0,0,0,1,1,4,0,39.4,36.6,64,59.8,152.5,150,90.5,88,12.2,6.9,2.83,2.31,1,1,0,0,1,1,1,1
1633,47,2,2,1,2,2,46,1,1,0,1,1,1,3,0,12.9,8.85,48.9,39.9,154,136.5,99.5,81,5.9,6.1,2.98,2.77,0,0,1,1,0,0,1,1
1634,47,2,2,1,2,2,59,1,1,0,0,1,1,4,0,17,7.04,46.5,18.6,165.5,128,95,78,5.4,6.1,4.54,3.54,1,0,0,0,0,0,0,0
1635,47,2,2,1,2,2,54,1,0,0,0,1,1,3,0,14.3,9.4,46.3,33,160.5,141,91,83.5,5.1,5.3,3.02,2.87,0,0,0,0,0,0,1,1
1636,47,2,2,1,2,2,41,0,0,0,0,1,1,4,0,11.3,10.3,70.8,68.3,149.5,147,105.5,91,12.4,6.8,4.78,4.57,1,1,0,0,0,0,0,1
1637,47,2,2,1,2,2,52,0,0,1,0,1,1,3,0,17.4,15.9,65.8,62.3,156,151,92,84.5,15.5,6.5,4.87,3.85,0,0,0,0,1,0,1,1
1638,47,2,2,1,2,2,67,1,0,1,0,1,1,3,0,22.3,22.6,38.6,39.1,149.5,150,92,92.5,9.2,7.2,1.67,1.59,0,0,1,1,1,0,1,1
1639,47,2,2,1,2,2,49,1,0,1,0,1,1,4,0,14.9,10.1,52.8,41.2,152.5,143,100,87,12.1,6.3,2.42,2.35,1,1,0,0,0,0,1,0
1640,47,2,2,1,2,2,55,1,0,1,0,1,1,4,0,32,20.7,74.2,56.6,157.5,144.5,97.5,89,14.2,8.1,4.15,3.83,1,1,1,1,1,0,1,1
1641,47,2,2,1,2,2,53,0,0,1,0,1,1,3,0,17.6,17.8,64.5,64.8,154,151.5,94,91,8.9,7,4.24,4.07,0,0,0,0,0,0,1,1
1642,47,2,2,1,2,2,57,1,0,1,0,1,1,4,0,25.4,17.3,60.4,45.7,151.5,139,90.5,87,10.7,7.7,3.13,3.09,1,1,1,1,1,0,1,1
1643,47,2,2,1,2,2,63,0,0,1,0,0,1,4,0,24.6,19.3,58.8,43.6,150,139,99,80.5,12.3,7.7,2.72,3.8,1,1,0,0,1,0,1,1
1644,47,2,2,1,2,2,61,1,0,1,0,1,1,4,0,24.8,16.2,54.1,35.9,168,143,112.5,91,8.1,7.5,3.43,2.93,1,1,0,0,0,0,0,0
1645,47,2,2,1,2,2,58,1,0,0,0,1,1,3,0,28.6,14.1,64.6,41,158.5,143,100.5,85,7.5,5.5,3.71,4.18,0,0,1,1,1,0,1,1
1646,47,2,2,1,2,2,65,1,0,1,0,1,1,3,0,33,17.7,57.5,35.5,151,141.5,92,87.5,7.3,6.6,4.57,3.3,0,0,1,1,1,0,1,1
1647,47,2,2,1,2,2,47,1,0,0,0,1,1,4,0,16.3,12.9,60.3,52.8,145.5,141,109,94,16.7,9.1,4.01,3.97,1,1,0,0,0,0,1,1
1648,47,2,2,1,2,2,62,0,0,0,0,1,1,3,0,34.2,22.2,78.3,54.7,176,140,98.5,92.5,9.5,6.2,2.97,2.3,0,0,0,0,1,1,1,1
1649,47,2,2,1,2,2,45,0,0,0,0,1,1,3,0,17.2,8.82,76.6,56.5,162.5,135.5,108.5,83,19.2,7,4.14,3.3,0,0,0,0,1,1,0,1
1650,47,2,2,1,2,2,44,1,0,0,0,1,1,4,0,12.8,11,47.8,44.9,158.5,150.5,107.5,97,8.5,7.2,1.95,2.18,1,1,1,1,0,0,0,0
1651,47,2,2,1,2,2,71,1,1,0,0,1,1,4,0,22.9,20.7,25.6,20.3,151,137,94.5,82,7.7,6.3,1.88,2,1,1,0,0,1,0,0,0
1652,47,2,2,1,2,2,57,0,0,0,0,1,1,3,0,19.7,15.7,61.9,52,151.5,135.5,90.5,84,9.4,9,4.48,4.3,0,1,0,0,0,0,1,1
1653,47,2,2,1,2,2,57,0,0,1,0,1,1,4,0,12.4,9.11,45.6,34.4,149,142.5,89.5,85,6.3,6,3.63,3.1,1,0,0,0,0,0,1,1
1654,47,2,2,1,2,2,58,1,0,0,0,1,1,4,0,36.8,23.8,83.1,64.8,168,149,71,87.5,9.1,8.1,4.11,3.4,1,1,1,1,1,0,1,1
1655,47,2,2,1,2,2,49,0,0,0,0,1,1,4,0,28.2,14,86.6,64,185.5,146,95.5,79,12.8,7.2,2.68,2.81,1,1,0,0,0,0,1,1
1656,47,2,2,1,2,2,39,1,0,1,0,1,1,2,0,34.5,4.91,79.8,41.5,176,137.5,98,81,8.2,6.6,2.96,3.01,0,0,1,1,0,0,1,1
1657,47,2,2,1,2,2,40,1,1,0,0,1,1,3,0,12,6.12,56.7,40.2,162,146.5,93,85,5.8,5.3,3.09,2.75,0,0,0,0,0,0,0,1
1658,47,2,2,1,2,2,54,1,1,0,0,1,1,3,0,18.1,12.1,52.9,36.4,167,132.5,93,79.5,5.3,5.9,2.55,2.47,0,0,1,1,0,0,0,1
1659,48,2,2,1,1,2,42,1,0,0,0,1,1,4,0,11.7,17.6,53.1,62.7,142,158,98.5,114,5.3,5.9,3.63,4.75,1,1,1,1,0,0,0,0
1660,48,2,2,1,1,2,46,1,0,0,0,1,1,4,0,15.6,10.5,56.5,42.3,137,139.5,91,89.5,10.7,6.9,3.69,1.85,1,1,1,1,1,1,1,1
1661,48,2,2,1,1,2,46,1,0,0,0,1,1,3,1,11.8,10.6,44.8,41.4,129,134.5,95,83,4.5,6.7,2.81,3.28,0,0,1,1,1,1,0,1
1662,48,2,2,1,1,2,52,0,0,0,0,0,1,4,0,11,5.5,49.5,29.6,160.5,129,103,89.5,5.5,5.9,1.61,1.87,1,1,0,0,0,0,0,1
1663,48,2,2,1,1,2,53,1,0,0,0,1,1,3,0,16.4,19.7,50,55.7,156,161,90.5,99.5,8.2,7.1,3.68,7.25,0,0,0,0,1,1,1,1
1664,48,2,2,1,1,2,54,1,1,0,0,1,1,4,0,19.8,21.9,57.3,59,160,153.5,109.5,93,5.8,6.5,3.5,3.73,1,1,1,1,1,1,0,1
1665,48,2,2,1,1,2,55,0,0,1,1,0,1,3,1,18.2,18.8,61.3,62.9,170,169,92.5,99.5,8.7,10.6,3.37,3.27,0,0,0,0,0,0,0,1
1666,48,2,2,1,1,2,55,1,0,0,0,1,1,4,0,28.9,11.8,72.2,35.5,171,126,105.5,85.5,4.8,5.2,3.85,2.95,1,1,1,1,0,1,1,1
1667,48,2,2,1,1,2,55,0,0,0,0,1,1,3,0,14.7,11.9,53.7,45.8,136.5,131.5,90.5,81.5,8.4,6.1,3.95,3.87,0,0,0,0,1,1,0,0
1668,48,2,2,1,1,2,56,0,0,0,0,0,1,3,0,19.2,14.9,61.8,51.8,153.5,143,76.5,89,7.7,6.8,1.91,2.93,0,0,0,0,0,0,0,0
1669,48,2,2,1,1,2,56,1,0,0,0,1,1,3,0,13.8,14.6,36.8,39.3,136,143.5,73.5,82,7.2,9,2.14,2.49,0,0,0,0,0,0,0,0
1670,48,2,2,1,1,2,56,1,0,0,0,1,1,3,0,14.1,26.8,41.7,68,118,146,71.5,98.5,6.4,7.8,1.95,3.62,0,0,0,1,0,0,0,1
1671,48,2,2,1,1,2,58,1,0,1,0,1,1,3,0,10.8,8.7,28.6,23.8,131.5,128,73.5,68,4.9,3.8,1.83,1.69,0,0,0,0,0,0,0,0
1672,48,2,2,1,1,2,58,0,0,0,0,1,1,4,0,12.3,6.65,44.3,25.1,163,123,84,83,5,4.2,3.24,4.65,1,1,0,0,0,0,1,1
1673,48,2,2,1,1,2,58,0,0,0,0,1,1,4,0,14.7,15.4,47.6,49.5,144,142,77,85,5.8,10.2,3.74,3.85,1,1,0,0,1,1,1,1
1674,48,2,2,1,1,2,58,0,0,0,0,1,1,4,0,10.6,8.5,38,31.5,145,135,91,92,5.8,6.1,1.92,3.9,1,1,0,0,1,0,1,1
1675,48,2,2,1,1,2,58,0,0,0,0,1,1,3,0,10.4,11,37.9,39.9,145.5,146.5,92.5,95.5,5.3,6.4,3.08,2.76,0,1,0,0,1,1,1,1
1676,48,2,2,1,1,2,59,1,0,0,1,1,1,3,0,14.6,16.8,44.3,50.9,145,154.5,88.5,95.5,5.2,6.2,2.63,2.71,0,0,0,0,1,1,1,0
1677,48,2,2,1,1,2,59,0,0,0,0,1,1,4,0,21,20.4,60.9,59.4,162.5,155.5,80.5,85.5,13.7,8.4,4.01,4.27,1,1,0,0,0,0,0,1
1678,48,2,2,1,1,2,60,0,0,0,0,1,1,4,0,11.5,17.7,37,50,137.5,134.5,82,80.5,5.6,8.5,3.84,4.68,1,1,0,0,1,0,1,1
1679,48,2,2,1,1,2,60,0,0,0,1,1,1,3,0,21,12.4,58.8,40.4,161.5,151,69.5,97,7,6.2,2.93,3.64,0,0,0,0,1,1,0,0
1680,48,2,2,1,1,2,61,1,1,0,1,1,1,3,1,22.2,14,52.2,35.2,147,131.5,82,83,8.3,8,2.2,2.37,0,0,0,0,1,1,0,0
1681,48,2,2,1,1,2,61,0,0,0,1,0,1,3,0,23,16.9,61.1,47.1,159.5,145.5,89.5,79.5,7.8,7.3,3.54,3.93,0,0,0,0,1,1,0,1
1682,48,2,2,1,1,2,61,1,0,0,0,1,1,3,0,10.3,17.3,29.4,44.9,131,145.5,90,95,6.2,7.1,2.59,2.28,0,0,1,1,0,0,0,0
1683,48,2,2,1,1,2,61,0,0,0,1,1,1,4,0,18.8,21.6,50.6,57.2,142,148.5,80.5,86.5,7.5,7.2,3.34,3.86,1,1,0,0,0,1,0,1
1684,48,2,2,1,1,2,62,1,0,0,0,1,1,3,0,30.9,29,59.2,54.5,150,138.5,95,93,8.2,7.6,3.67,4.78,0,0,1,1,0,1,0,1
1685,48,2,2,1,1,2,62,0,0,0,1,1,1,4,0,28.6,26.1,68.5,64,160,155.5,99.5,92,10.7,10.7,3.66,4.15,1,1,0,0,0,0,1,1
1686,48,2,2,1,1,2,62,0,0,0,1,1,1,4,0,19,22.8,48.3,57.6,136.5,148.5,83.5,88.5,8.1,6.8,2.94,2.7,1,1,0,0,1,1,1,1
1687,48,2,2,1,1,2,58,1,0,1,0,1,1,3,1,13.6,19.4,36.4,50,151.5,166.5,86,98,5.6,5.7,2.37,3.28,0,0,0,0,0,0,1,1
1688,48,2,2,1,1,2,55,0,0,1,1,1,1,3,0,15.1,16.1,57.1,59.3,168.5,164,93,96,5.8,6.2,5.27,4.47,0,1,0,0,0,0,0,1
1689,48,2,2,1,1,2,56,0,0,0,0,1,1,3,0,17.5,7.78,57.7,30.1,168.5,111.5,71.5,67,7.8,8.7,3.15,4.26,0,0,0,0,1,1,1,1
1690,48,2,2,1,1,2,61,0,0,0,1,1,1,3,0,14.7,17.2,40.3,46.5,131.5,135.5,86,91.5,7.1,5.9,2.45,2.58,0,0,0,0,0,1,1,1
1691,48,2,2,1,1,2,60,0,1,0,1,0,1,3,0,14.8,14.6,41.7,40.7,150,143,82,82,6.6,7.6,3.55,3.3,0,0,0,0,0,1,1,1
1692,48,2,2,1,1,2,61,0,0,1,0,1,1,4,0,11,10,33.9,32.1,137.5,141.5,75.5,86,6.3,6.2,4.64,7.2,1,0,0,0,0,0,1,1
1693,48,2,2,1,1,2,35,1,1,0,1,1,1,4,0,39,18.3,73.2,59.5,169,138.5,100,88,10.1,6.4,3.92,3.55,1,1,1,1,0,0,0,1
1694,48,2,2,1,1,2,41,1,1,0,0,1,1,3,0,21.5,8.46,68.5,42.9,151.5,131,82.5,77,13.4,5.9,2.72,3.43,0,0,1,1,0,0,0,0
1695,48,2,2,1,1,2,54,1,0,0,1,1,1,2,0,28,15.7,70.5,47.3,173.5,131,105,82,9.3,6.2,3.07,3.2,0,0,1,1,1,1,1,0
1696,48,2,2,1,1,2,65,1,1,0,0,1,1,4,0,22.2,16.4,41.3,30.1,157,144,85,85,6.4,5.6,4.4,2.83,1,1,0,0,1,1,0,1
1697,49,1,1,2,2,2,62,1,1,0,0,1,1,2,0,19.3,13.1,39.6,27,160,139,94.5,84,6.3,6.8,1.34,2.29,0,0,0,0,0,0,0,0
1698,49,1,1,2,2,2,50,1,1,0,0,1,1,2,0,18.9,9.41,58.6,36.5,159,136,96.5,89,6.1,5.6,4.29,2.68,0,0,1,1,0,0,1,1
1699,49,1,1,2,2,2,44,1,1,0,0,1,1,3,0,32.4,4.7,83.4,31.9,183,125,98,79,5.9,4.9,4.7,3.66,0,0,0,0,0,0,1,1
1700,49,1,1,2,2,2,52,1,1,0,0,1,1,3,0,29.2,17.5,74.7,55.3,171.5,147.5,99,97.5,6.3,6.3,3.08,3.98,0,0,1,1,0,0,1,1
1701,49,1,1,2,2,2,53,1,1,0,0,1,1,3,0,13.9,5.23,44.9,20.6,149.5,125.5,94,83.5,5.2,6.2,2.58,1.87,0,0,0,0,0,0,0,0
1702,49,1,1,2,2,2,42,1,1,0,0,1,1,3,0,13.1,8.31,51.7,41.1,142,141.5,101.5,90.5,11.2,6.4,1.7,2.39,0,0,1,1,0,0,1,0
1703,49,1,1,2,2,2,41,1,1,0,0,1,1,4,0,11.3,15.2,43.7,52.4,131.5,134.5,90,79,6.7,4.7,2.58,2.18,1,1,1,1,0,0,1,1
1704,49,1,1,2,2,2,47,1,1,0,0,1,1,4,0,47.3,7.55,89.8,34.8,179.5,136,90,84.5,7.6,5.2,4.66,3.07,1,1,1,0,0,0,0,0
1705,49,1,1,2,2,2,56,1,1,0,0,1,1,3,0,13.4,9.97,40.1,31,169,131,89,81,4.9,5.8,1.5,3.87,0,0,0,0,0,0,0,0
1706,49,1,1,2,2,2,50,0,1,0,0,1,1,3,0,10.5,5.87,49.4,35.2,176,128.5,77.5,89,5.1,5.7,2.97,3.52,0,0,0,0,0,0,1,0
1707,49,1,1,2,2,2,52,1,1,0,0,1,1,4,0,19.4,17.8,59.7,52.6,161,137,85.5,89,6.3,6.9,4.57,4.93,1,0,0,0,0,0,0,0
1708,49,1,1,2,2,2,62,1,0,0,0,1,1,4,0,26.7,18.7,61.7,43.4,193,164,105.5,106,6.1,6.7,2.16,3.07,1,1,0,0,0,0,1,0
1709,49,1,1,2,2,2,54,1,1,0,0,1,1,4,0,14.4,9.49,45.5,34.6,148,134.5,99,79.5,5.6,4.8,2.96,4.69,1,1,0,1,0,0,1,1
1710,49,1,1,2,2,2,59,0,0,0,0,1,1,2,1,10.7,7.07,37.5,24.8,165.5,135.5,79,78.5,5.6,6.1,5.39,4.23,0,0,0,0,0,1,0,0
1711,49,1,1,2,2,2,58,0,1,0,0,1,1,4,0,19.7,14.7,59.7,47.1,147.5,132,92,76.5,7.3,8.9,4.42,3.74,1,1,0,0,0,0,0,1
1712,49,1,1,2,2,2,60,1,1,0,0,1,1,3,0,19.4,8.02,46.3,17.3,156,118,95,71.5,5.3,4.9,3.21,3.5,0,0,0,0,1,0,0,0
1713,49,1,1,2,2,2,54,0,0,0,0,1,1,4,0,10.9,6.83,46.5,32.5,149.5,128,92,76,5.8,6,2.19,2.71,1,0,0,0,1,1,1,1
1714,49,1,1,2,2,2,41,1,1,0,0,1,1,4,0,42.5,5.69,86.3,32.7,178.5,127.5,112,78.5,8.8,6.7,2.03,1.06,1,0,1,1,0,0,1,1
1715,49,1,1,2,2,2,65,0,0,0,0,1,1,4,0,26.2,17.8,57.4,38.6,157,133.5,103,77,7.4,6.8,3.47,3.24,1,1,0,0,1,1,1,1
1716,49,1,1,2,2,2,50,1,1,0,0,1,1,3,0,16.4,12.2,56.2,46.7,152.5,139,88,89.5,5.8,6.2,3.26,4.73,0,0,0,0,0,0,1,0
1717,49,1,1,2,2,2,58,1,1,0,0,1,1,4,0,16.8,10.9,40.5,31.2,130.5,131.5,82,83,7.3,6.8,1.91,5.04,1,1,0,0,0,0,0,0
1718,49,1,1,2,2,2,55,0,0,0,0,1,1,3,0,10.5,3.93,42.8,18.3,154,108,93,73.5,6.4,5.8,3.14,2.68,0,0,0,0,0,1,0,1
1719,49,1,1,2,2,2,62,0,1,0,0,1,1,2,0,13,9.16,38.1,27.9,154.5,145,93.5,89,6.1,6.5,1.49,2.54,0,0,0,0,0,0,0,0
1720,49,1,1,2,2,2,50,1,1,0,0,1,1,4,0,19.4,16.9,62,56.4,141.5,144.5,96,91.5,5.5,5.4,2.36,2.43,1,1,1,1,0,0,0,1
1721,49,1,1,2,2,2,58,0,0,0,0,1,1,3,0,22.7,15.3,64.7,47.9,152,129.5,82.5,78,7.4,6.8,1.56,2.04,0,0,0,0,1,0,1,1
1722,49,1,1,2,2,2,68,0,1,0,0,1,1,4,0,18.4,23.4,41,41.6,166.5,136.5,79,88.5,6.6,6.6,3.91,5.28,1,0,0,0,1,1,1,0
1723,49,1,1,2,2,2,56,1,1,0,0,1,1,4,0,12,9.32,40.9,33.6,145,137.5,100,78,5.3,4.7,1.7,2.94,1,1,0,0,0,0,1,1
1724,49,1,1,2,2,2,56,1,1,0,0,1,1,4,0,21.4,7.79,56.3,24.9,159.5,134.5,93.5,83,5.2,4.7,2.61,3.03,1,0,0,0,0,0,0,0
1725,49,1,1,2,2,2,51,1,1,0,0,1,1,3,1,25.3,4.06,68.4,20.7,181.5,125,66.5,77.5,5.1,5.8,3.57,3.61,0,0,0,0,0,0,1,0
1726,49,1,1,2,2,2,46,0,1,0,0,1,1,3,0,11.4,3.97,59.8,35.6,169.5,118,92,81.5,6.5,5.9,3.96,3.2,0,0,0,0,0,0,1,0
1727,49,1,1,2,2,2,54,1,1,0,0,1,1,2,1,16.3,12.9,51.1,44.1,153,129.5,91.5,73,5.8,5.8,2.52,4.2,0,0,0,0,0,0,0,0
1728,49,1,1,2,2,2,43,1,1,0,0,1,1,4,0,13.4,11.1,56,50.7,148,144.5,97,92.5,5.6,5.8,3.6,3.4,1,1,0,0,0,0,1,0
1729,49,1,1,2,2,2,46,1,1,0,0,1,1,4,0,19.3,9.06,66.8,43.2,151.5,133.5,102.5,86,7.1,7.4,7.42,5.84,1,1,0,0,0,0,0,0
1730,49,1,1,2,2,2,73,1,1,0,0,1,1,3,0,27.9,28.2,27.8,24.4,161,146,79,86,10.4,6.2,1.67,3.77,0,0,0,0,1,1,0,0
1731,49,1,1,2,2,2,67,0,1,0,0,1,1,4,0,17,10.9,41.7,22.9,177.5,134,79,74.5,5.6,4.9,3.61,3.64,1,0,0,0,0,0,0,0
1732,49,1,1,2,2,2,69,0,0,0,0,1,1,4,0,24,22.2,39.7,38.4,133,139,63.5,69.5,6.8,7.3,3.36,4.6,1,1,0,0,0,1,0,1
1733,49,1,1,2,2,2,44,0,1,0,0,1,1,2,0,14.2,2.46,71.2,27.2,165,128.5,104,79.5,7.5,5.1,2.37,3.49,0,0,0,0,0,0,0,0
1734,49,1,1,2,2,2,51,0,1,0,0,1,1,3,0,13.6,2.52,57.7,17.1,152,110,88.5,66,7.8,5.8,3.93,4.49,0,0,0,0,0,0,0,0
1735,49,1,1,2,2,2,52,0,1,0,0,1,1,4,0,11.7,6.45,51.3,33.8,172,153.5,89.5,92,6.5,5.2,3.8,4.26,1,0,0,0,0,0,0,1
1736,50,1,2,1,1,2,59,1,0,0,1,1,1,4,0,27.7,14,62.2,36.7,157,141.5,105,95,5.2,4.8,2,2.58,1,1,1,1,1,1,1,1
1737,50,1,2,1,1,2,57,1,0,1,0,1,1,3,0,30.2,16,71.4,40.7,184.5,130.5,97.5,76.5,5.7,10.1,1.87,2.51,0,0,0,0,0,0,0,1
1738,50,1,2,1,1,2,59,1,0,0,1,0,1,4,0,14.4,16.1,38,38.5,143,131,94.5,87,4.7,6.2,1.7,3.21,1,1,1,0,1,1,0,0
1739,50,1,2,1,1,2,46,0,0,0,0,1,1,4,0,10.2,6.04,54.5,40.1,168,151,99.5,90.5,4.6,5.2,2.67,2.08,1,1,0,0,1,0,1,1
1740,50,1,2,1,1,2,50,0,0,0,0,1,1,4,0,14.5,10.5,61.4,50.5,155,144.5,98.5,82,4.7,5.9,1.96,3.68,1,1,0,0,0,0,1,1
1741,50,1,2,1,1,2,60,0,0,1,0,1,1,3,0,11.7,8.94,37.8,30.7,154.5,151.5,83,86.5,5.6,6.3,2.35,3.12,0,0,0,0,0,0,0,0
1742,50,1,2,1,1,2,63,0,0,0,1,1,1,4,0,11.1,9.97,26.9,27.7,132.5,134.5,84.5,82,4.9,6.1,4.55,4.41,1,0,0,0,1,1,1,1
1743,50,1,2,1,1,2,56,0,0,1,0,1,1,3,0,27.5,21,77.6,66.8,177,156,90.5,87,8.1,7.3,2.88,4.21,0,0,0,0,0,0,1,1
1744,50,1,2,1,1,2,61,1,0,1,1,1,1,3,0,11.9,13.1,31.5,35.5,131,134.5,86.5,80,8.6,5.9,1.52,3.4,0,0,0,0,0,0,0,1
1745,50,1,2,1,1,2,61,1,0,1,0,1,1,3,0,11.6,16.4,35.1,43,147,141.5,91.5,80,5.3,5.2,2.07,3.48,0,0,0,0,0,0,0,0
1746,50,1,2,1,1,2,54,1,0,0,0,1,1,4,0,24.9,13.1,69.4,46.4,141,144,95.5,96,5.7,6.4,2.96,2.94,1,1,0,0,0,0,0,0
1747,50,1,2,1,1,2,52,0,0,1,0,1,1,3,0,12.5,10.2,52.2,46,150,133.5,93,86,14.3,6.7,3.43,2.55,0,0,0,0,0,0,1,1
1748,50,1,2,1,1,2,62,0,0,0,0,1,1,4,0,10.5,12.4,28.9,37.7,124,155,75,95.5,5.2,5.3,2.53,1.24,1,1,0,0,0,0,1,1
1749,50,1,2,1,1,2,70,1,0,0,0,1,1,3,0,16.4,13.4,32.1,28.4,147,132,95.5,86,5.5,6.1,1.94,3.64,0,0,0,1,0,1,0,1
1750,50,1,2,1,1,2,42,0,1,0,0,1,1,2,0,11.4,3.58,66,40.5,163,129,99.5,79,7.6,4.8,2.27,2.37,0,0,0,0,0,0,0,0
1751,50,1,2,1,1,2,77,0,0,1,0,1,1,4,0,43.1,36.6,45.3,33.9,156.5,140,88.5,86,8.7,6.9,5.86,4.49,1,1,0,0,0,0,0,0
1752,50,1,2,1,1,2,54,1,1,0,0,1,1,2,1,20.3,15.7,56.1,48.3,146.5,140,76.5,80.5,7.3,4.6,1.9,3.63,0,0,0,0,0,0,0,1
1753,50,1,2,1,1,2,56,1,0,0,0,1,1,4,0,16.4,11.9,49.3,39.3,145.5,134,97,82,7.6,5.5,2.36,3.84,1,1,0,0,0,0,1,1
1754,50,1,2,1,1,2,55,0,0,0,0,1,1,4,0,14.4,12.6,52.5,47.6,144.5,139.5,81.5,85.5,4.9,5.7,3.04,3.8,1,1,0,0,0,0,1,0
1755,50,1,2,1,1,2,61,0,0,0,1,1,1,4,0,13.1,18,41.5,54.7,159,171.5,98,111,5.9,5.9,1.77,2.59,1,1,0,0,1,0,1,1
1756,50,1,2,1,1,2,56,0,0,0,0,1,1,3,0,19.4,9.17,64.9,36.9,193.5,148.5,114.5,84.5,5.4,5.3,3.27,3.47,0,0,0,0,1,1,0,1
1757,50,1,2,1,1,2,59,0,0,1,1,0,1,4,0,13.1,10.8,44.2,37.3,154,142,95.5,98.5,5.3,6.7,5.03,4.88,1,1,0,0,0,0,1,1
1758,50,1,2,1,1,2,60,0,0,0,1,1,1,3,0,16.3,20.6,45,57.3,147.5,151,77,89.5,10,7.2,3.82,4.21,0,0,0,0,1,1,1,1
1759,50,1,2,1,1,2,50,0,0,0,0,1,1,3,0,14.6,7.19,62.3,40,146.5,141.5,99,91.5,5.2,4.9,2.16,3.68,0,0,0,0,0,0,1,0
1760,50,1,2,1,1,2,56,0,0,0,0,1,1,3,0,14.5,10.6,50.5,38.7,143,139,77,76,10.1,6.6,2.99,3.64,0,0,0,0,0,0,0,1
1761,50,1,2,1,1,2,53,1,0,0,0,1,1,3,0,11,7.47,37.9,29.7,117,127.5,85.5,86,5.4,5,2.9,2.59,0,0,0,0,0,0,1,1
1762,50,1,2,1,1,2,62,0,0,0,1,0,1,4,0,18.2,17.3,46.4,44.3,136,133.5,82.5,88,7.8,6.3,4.48,4.19,1,1,0,0,1,0,1,1
1763,50,1,2,1,1,2,51,1,0,0,0,1,1,4,0,14.1,17.1,46.3,54,144.5,145.5,92,91,8.6,7.4,2.06,4.4,1,1,0,0,0,0,1,0
1764,50,1,2,1,1,2,59,0,0,1,0,1,1,3,0,10.7,12.4,32.1,39,130,134.5,72,84.5,9.1,7.1,4.48,3.71,0,0,0,0,0,0,0,0
1765,50,1,2,1,1,2,53,0,0,0,0,1,1,3,0,10.8,6.37,46.3,31.2,167,137.5,107.5,96,4.2,5,2.02,2.72,0,0,0,0,0,0,1,1
1766,50,1,2,1,1,2,69,1,0,0,0,1,1,3,1,42.3,18.8,38.5,20.2,147,131,86,85,7.6,6.9,5.48,3.15,0,0,0,0,0,1,0,0
1767,50,1,2,1,1,2,50,1,1,0,0,1,1,4,0,15.7,5.22,54,26.4,162.5,137.5,96,76,7.4,5.1,2.98,2.94,1,1,1,1,0,0,1,1
1768,50,1,2,1,1,2,61,1,1,0,0,1,1,4,0,24.7,9.69,66.3,32,162,133,95.5,85,7.3,5.9,2.98,2.31,1,1,1,1,0,1,0,0
1769,51,1,1,1,1,2,51,1,1,0,0,1,1,2,0,11.7,13.3,40.7,43.5,129.5,131,86.5,91,8.6,5.1,3.25,2.4,0,0,1,1,0,0,0,0
1770,51,1,1,1,1,2,49,1,1,0,0,1,1,4,0,11.4,7.94,45.8,35.1,129.5,125.5,89.5,79.5,6.2,6.1,4.6,3.98,1,1,1,1,1,0,0,0
1771,51,1,1,1,1,2,40,1,1,0,0,1,1,3,0,23.1,21,67.9,63.1,167,143,121.5,84.5,5.8,6,2.19,3.96,0,0,0,1,0,0,1,0
1772,51,1,1,1,1,2,54,1,1,0,0,1,1,3,0,16.9,8.43,54,31.7,144,124,95,76.5,6,5.4,3.34,2.69,0,0,0,0,0,0,0,0
1773,51,1,1,1,1,2,46,1,1,0,0,1,1,3,0,25.6,11.8,68.8,45.4,161.5,133.5,102.5,84,6.5,5.6,2.73,2.82,0,0,1,1,0,0,1,1
1774,51,1,1,1,1,2,49,1,1,0,0,1,1,4,0,34.7,9.99,81.7,39.8,176,129.5,119,87.5,8.6,6.3,4.5,2.89,1,0,0,0,0,0,0,0
1775,51,1,1,1,1,2,54,1,1,0,0,1,1,4,0,14.4,7.46,45.8,26.1,154.5,137.5,104.5,88.5,5,5.3,2.96,1.35,1,0,0,0,0,0,1,1
1776,51,1,1,1,1,2,47,1,1,0,0,1,1,3,0,19.6,4.39,67.1,25.5,161.5,130,102.5,85,5.7,5.6,3.41,2.73,0,0,0,0,0,0,1,0
1777,51,1,1,1,1,2,37,1,1,0,0,1,1,4,0,18.1,5.27,62.8,36,159,127,99.5,79.5,6.3,6,5.31,3.48,1,1,0,0,0,0,0,0
1778,51,1,1,1,1,2,57,1,0,1,0,1,1,2,1,14.3,6.64,44.9,21.8,145.5,119.5,92.5,74.5,5.7,5.2,3.28,2.44,0,0,1,0,0,0,1,1
1779,51,1,1,1,1,2,56,0,0,1,0,1,1,2,1,11.6,3.52,43.6,14.9,158,116,95,76.5,6.3,5.1,3.6,2.3,0,0,0,0,0,0,1,0
1780,51,1,1,1,1,2,36,1,1,0,0,1,1,2,0,12.4,2.43,71.2,33.8,164,125.5,106.5,89.5,6.2,6.1,5.39,3.7,0,0,1,1,0,0,1,1
1781,51,1,1,1,1,2,52,0,0,1,0,1,1,2,0,12.7,3.1,54.8,18.2,149,120,93,79.5,5.9,5.4,3.5,2.75,0,0,0,0,0,0,1,0
1782,51,1,1,1,1,2,44,1,1,0,0,1,1,3,0,13.6,7.33,56.5,38.9,159,143.5,109,89,5.72,5.2,5.09,2.69,0,1,1,0,0,0,1,0
1783,51,1,1,1,1,2,35,1,1,0,0,1,1,3,0,16.1,1,65.6,18.8,162,118.5,101.5,78,5.8,5.2,5.36,1.89,0,0,0,0,0,0,1,0
1784,51,1,1,1,1,2,56,1,0,0,0,1,1,3,0,16.5,14.3,53.9,48.4,152.5,147,101,91.5,5.8,5.3,4.02,3.68,0,0,1,1,0,0,0,0
1785,51,1,1,1,1,2,50,1,1,0,0,1,1,2,0,10.8,2.22,43.9,13.2,159,102.5,97,77,6.3,6.9,4.19,2.16,0,0,0,0,0,0,1,0
1786,51,1,1,1,1,2,55,0,1,0,0,1,1,2,0,11.5,5.08,44.1,21.7,155,107,99.5,73.5,5.2,5.83,3.26,3.17,0,0,0,0,0,0,0,0
1787,51,1,1,1,1,2,45,1,1,0,0,1,1,3,0,13.8,3.27,53.3,23.9,150,131.5,95.5,87.5,6.2,5.4,3.89,2.38,0,0,0,0,0,0,1,0
1788,51,1,1,1,1,2,41,1,1,0,0,1,1,2,0,13.3,3.98,51.5,32.4,132,137.5,93,81,6.5,6.7,4.12,2.25,0,0,0,0,0,0,1,0
1789,51,1,1,1,1,2,58,1,1,0,0,1,1,4,0,18.1,12,51.9,35.6,149,130.5,99.5,86.5,8,5.6,4.1,3.34,1,0,0,0,1,1,1,0
1790,51,1,1,1,1,2,56,0,1,0,0,1,1,3,0,11.2,5.01,40.9,19.6,146.5,109.5,91,67.5,6.7,4.8,4.98,2.61,0,0,0,0,0,0,0,0
1791,51,1,1,1,1,2,59,0,1,0,0,1,1,2,0,12.7,8.81,38.2,27.2,144.5,134.5,92.5,87,6.7,5.3,2.87,2.36,0,0,0,0,0,0,0,0
1792,51,1,1,1,1,2,42,1,1,0,0,1,1,3,0,12.1,2.19,49.3,21.7,150.5,123,97.5,74.5,5.7,6.2,3.09,2.84,0,0,0,0,0,0,0,0
1793,51,1,1,1,1,2,60,1,1,0,0,1,1,3,0,20.9,12.7,52.7,32.4,159,129,101.5,80.5,5.8,6,4.07,2.75,0,0,0,0,0,0,0,0
1794,51,1,1,1,1,2,35,1,1,0,0,1,1,4,0,27.4,7.66,67.1,46.3,156.5,130.5,99.5,76.5,6.1,9.4,4.1,3.44,1,1,1,0,0,0,0,0
1795,51,1,1,1,1,2,64,0,0,0,0,1,1,3,0,10.5,7.99,27.4,20.5,135,129,96.5,81,6.3,5.23,4.6,3.22,0,0,0,0,0,1,0,0
1796,51,1,1,1,1,2,62,1,0,0,0,1,1,2,0,18.6,15.3,44.1,30.8,140,121,93.5,71.5,8.8,6.21,4.48,4.78,0,0,0,0,1,1,0,0
1797,51,1,1,1,1,2,53,1,1,0,0,1,1,4,0,18.5,16,52.1,46.6,150.5,141.5,97.5,87.5,7.8,5.5,3.07,2.55,1,1,1,0,0,0,0,0
1798,51,1,1,1,1,2,56,0,1,0,0,1,1,4,0,10.4,5.05,41.3,21.4,146.5,120,89.5,80.5,6,4.9,4.28,2.85,1,1,0,0,0,1,0,0
1799,51,1,1,1,1,2,53,1,1,0,0,1,1,3,0,13.2,6.45,46.7,26.5,145,124,89.5,78.5,5.8,4.8,2.93,1.88,0,0,1,1,0,0,0,0
1800,52,2,2,2,2,1,66,0,0,1,1,1,1,3,0,30.9,23.7,64,45.3,166.5,157.5,84,82.5,10.1,9.4,4.07,3.97,0,0,0,0,0,0,0,0
1801,52,2,2,2,2,1,66,1,1,1,0,1,1,3,0,18.4,13.1,37.2,23.3,153,152,90,94.5,5.4,5.8,2.11,2.12,0,0,0,1,0,0,1,1
1802,52,2,2,2,2,1,56,1,0,1,1,1,1,3,0,11.7,11,40.4,38.9,158.5,162,86,91,5.3,5.7,1.14,1.56,0,0,0,0,0,0,0,1
1803,52,2,2,2,2,1,67,1,0,1,1,1,1,3,0,28.6,17.4,45,29.6,184.5,185,100.5,105.5,5.8,6.7,4.72,2.41,0,1,0,0,1,1,1,1
1804,52,2,2,2,2,1,64,1,0,1,1,1,1,4,0,19.2,15.7,36.8,30.3,146,146.5,74.5,87.5,5.6,5.8,4.41,3.03,1,1,0,0,1,0,1,1
1805,52,2,2,2,2,1,70,0,0,0,1,1,1,3,0,26.5,20.6,47.2,29.3,159,143,101,69,7.1,7,3.42,3.65,0,0,0,0,0,0,0,1
1806,52,2,2,2,2,1,56,0,0,1,0,1,1,4,0,16,13.1,57.7,49.6,169.5,157,83.5,92.5,5.8,6.1,2.91,3.28,1,1,0,0,0,1,1,1
1807,52,2,2,2,2,1,60,0,0,1,0,1,1,3,0,11.6,8.42,37.9,27.5,144,126,85,84.5,5.6,6,5,4.29,0,0,0,0,0,0,0,1
1808,52,2,2,2,2,1,62,1,1,1,0,1,1,3,0,31.8,25,63.4,52.8,160,157,92,93,8.9,9,3.56,2.48,0,1,1,1,0,1,1,1
1809,52,2,2,2,2,1,59,1,1,0,0,1,1,4,0,25.3,13.2,56.5,31.3,194,139.5,102,81,9.6,7.2,2.18,1.84,1,1,0,0,1,0,0,0
1810,52,2,2,2,2,1,65,0,0,1,1,1,1,2,0,10,7.92,20.6,16.4,126,124,63,69.5,6.4,6.4,3.4,3.19,0,0,0,0,0,0,1,1
1811,52,2,2,2,2,1,59,0,0,1,0,1,1,4,0,17.4,9.17,56.6,31,178,147.5,91,89.5,5.7,6.2,2.66,3.55,1,1,0,0,0,1,1,1
1812,52,2,2,2,2,1,56,0,0,1,0,1,1,3,0,16.4,12.1,55.4,43.9,167.5,134.5,82,82,17.1,11.6,3.78,4.68,0,0,0,0,0,0,0,0
1813,52,2,2,2,2,1,60,0,0,1,1,1,1,2,0,14.8,11.5,42.4,33.7,151,139,69,76,7.2,8.5,4.41,7.25,0,0,0,0,1,1,1,1
1814,52,2,2,2,2,1,55,0,0,0,0,1,1,3,0,12.6,12.6,49.9,49.9,162.5,172,90,90.5,5.6,6.3,4.11,4.21,0,0,0,0,0,0,1,1
1815,52,2,2,2,2,1,49,0,1,0,0,1,1,3,0,13.8,5.26,61.7,32.8,159,137.5,89.5,89.5,7.8,6,4.98,2.72,0,0,0,0,0,0,0,0
1816,52,2,2,2,2,1,48,0,1,0,0,1,1,3,0,16.5,,69.4,,165.5,,91,,5,,3.78,,0,,0,,0,,1,
1817,52,2,2,2,2,1,52,0,1,0,0,1,1,3,0,13.3,4.17,55.3,23.1,158,111,94.5,69.5,6.8,5.6,2.85,3.82,0,0,0,0,1,0,1,0
1818,52,2,2,2,2,1,59,1,0,1,0,1,1,4,0,19.6,10.1,49.2,26.3,171.5,154,110.5,94,6,6.5,2.44,2.13,1,1,0,0,1,1,1,1
1819,52,2,2,2,2,1,48,0,1,0,0,1,1,3,0,12,4.8,57.8,33.7,163,126,94,72.5,6.4,4.98,2.69,2.42,0,0,0,0,0,0,0,1
1820,52,2,2,2,2,1,69,1,0,1,0,1,1,3,0,16.3,18.2,44.2,31.3,171,143,96,81,7.8,5.4,2.7,2.99,0,0,1,1,0,0,1,1
1821,52,2,2,2,2,1,67,0,0,1,0,1,1,3,0,13.2,18.5,31.6,32.3,160,147,95.5,86.5,6.4,6.8,2.93,3.38,0,0,0,0,0,0,1,1
1822,52,2,2,2,2,1,54,0,0,1,0,1,1,4,0,15.3,14.4,57.4,54.8,146,146.5,99,84.5,9.4,7.1,5.32,2.58,1,1,0,0,0,0,1,1
1823,52,2,2,2,2,1,71,1,0,1,0,1,1,4,0,30.1,27.7,26.4,39.7,156.5,159.5,84,107.5,10.8,9.8,3.92,3.77,1,1,0,1,1,1,1,1
1824,52,2,2,2,2,1,65,0,0,1,0,1,1,3,0,24.3,19.5,54.5,38.5,156,142.5,80.5,81.5,8.1,6.4,5.44,3.83,0,0,0,0,1,1,1,1
1825,52,2,2,2,2,1,66,1,0,1,0,1,1,4,0,40.5,13.6,76.2,28,196,147,106.5,112.5,7.3,5.6,3.77,1.98,1,1,1,1,1,1,1,1
1826,52,2,2,2,2,1,55,1,0,0,0,1,1,2,0,15.2,6.98,50.6,28.1,153,146.5,95,91.5,6.1,6.1,3.11,1.6,0,0,0,0,0,0,1,1
1827,52,2,2,2,2,1,56,1,1,0,0,1,1,3,0,29.8,15.1,68.5,42.2,149,151,86,87.5,7.2,4.6,5.56,2.7,0,1,1,1,0,0,1,1
1828,52,2,2,2,2,1,50,1,0,0,0,1,1,4,0,23.5,8.39,65.4,34.7,153,139,89.5,88.5,9.8,6.1,4.03,2.04,1,1,1,1,1,0,1,1
1829,52,2,2,2,2,1,61,0,0,0,0,1,1,3,0,21.5,18.6,58.2,49,155,156.5,81,91,11.4,7.8,6.04,3.27,0,0,0,0,0,1,1,1
1830,52,2,2,2,2,1,45,0,1,0,0,1,1,3,0,11,2.12,61,22.8,150.5,122.5,83.5,76.5,7.3,5.7,3.39,4.55,0,1,0,0,1,0,1,0
1831,52,2,2,2,2,1,68,1,0,1,0,1,1,3,0,29.7,16.7,42,19.6,152.5,142.5,96,84,7.6,6.5,5.32,3.48,0,0,0,0,1,0,1,1
1832,52,2,2,2,2,1,55,0,0,1,0,1,1,3,0,14.4,12.1,52.5,45.9,159,145,93.5,84,7.1,6.3,4.53,3.33,0,1,0,0,0,0,1,1
1833,53,2,1,1,1,2,56,0,0,1,1,1,1,3,0,10.4,8.85,41.5,36,150,161,81.5,96,6.6,5.6,4.84,4.95,0,0,0,0,0,0,0,1
1834,53,2,1,1,1,2,60,1,0,0,0,1,1,4,0,18.6,13.3,40.7,28.7,162,139,63.5,82,8.2,9.9,3.09,3.35,1,1,0,0,0,0,0,1
1835,53,2,1,1,1,2,62,1,0,1,1,1,1,3,0,15.1,9.4,35.6,18,161.5,123.5,84,74.5,6.5,5.8,2.26,1.42,0,0,0,0,0,0,0,0
1836,53,2,1,1,1,2,61,1,0,1,1,1,1,4,0,16.9,19.4,42.5,48.3,156,161,75,86.5,9.2,8.2,2.13,3.87,1,1,0,0,0,0,1,1
1837,53,2,1,1,1,2,55,0,0,1,1,1,1,2,0,23.4,13.1,72.4,48.8,182,153,87.5,75,10.6,7.1,3.48,2.71,0,0,0,0,0,0,1,0
1838,53,2,1,1,1,2,68,0,0,1,1,1,1,4,0,18,12.6,42.4,26.2,174,141.5,76,70,6.3,5.7,5.31,3.65,1,1,0,0,0,0,0,0
1839,53,2,1,1,1,2,69,0,0,1,0,1,1,3,0,22.7,19.8,44.3,29.8,159.5,139.5,95.5,60.5,8.6,6.8,2.72,4.31,0,0,0,0,0,0,0,0
1840,53,2,1,1,1,2,69,1,0,1,0,1,1,4,0,10.4,18.6,30.9,43.1,160,151,95.5,77,6.7,5.6,2.84,2.12,1,1,0,1,1,1,1,1
1841,53,2,1,1,1,2,45,1,1,0,0,1,1,4,0,14.6,11.4,56.3,46,156.5,136,111.5,86.5,7.2,6.8,2.57,3.19,1,1,0,1,0,0,1,1
1842,53,2,1,1,1,2,60,1,1,0,0,1,1,3,0,19.9,16.4,50.1,43.3,154,155,91,90,5.4,5.2,4.14,3.8,0,0,1,1,0,0,1,1
1843,53,2,1,1,1,2,49,0,0,0,0,1,1,3,0,14.4,6.49,63.3,39.6,154.5,136,86.5,84,6.3,6.6,2.43,3.06,0,1,0,0,0,0,1,0
1844,53,2,1,1,1,2,55,1,1,0,0,1,1,3,0,27.5,12.1,75.5,42.8,182,138,116.5,102.5,6,5.4,4.6,4.31,0,1,0,0,1,0,1,0
1845,53,2,1,1,1,2,57,0,0,0,0,1,1,3,0,12,8.36,44.6,32,159,157,89.5,97.5,6,5.9,3.7,3.75,0,0,0,0,0,0,0,0
1846,53,2,1,1,1,2,43,1,1,1,0,1,1,4,0,11.9,6.6,50.3,36.6,148,127.5,101,83.5,4.89,5.7,3.3,1.96,1,0,0,0,0,0,1,1
1847,53,2,1,1,1,2,45,1,1,0,0,1,1,3,0,11.2,5.61,49.6,35.2,153.5,121,102.5,75.5,5.6,5.8,3.03,3.5,0,0,1,1,0,1,1,1
1848,53,2,1,1,1,2,53,1,0,1,0,1,1,3,0,19.6,13.1,57.6,43.7,155,138.5,100.5,85,5.3,6.5,3.86,4.59,0,0,1,1,1,1,1,1
1849,53,2,1,1,1,2,61,0,0,1,0,1,1,2,0,15.7,10,40.9,26.4,141,126,84,86,7.8,10.1,4.84,3.33,0,0,0,0,1,0,1,0
1850,53,2,1,1,1,2,59,1,0,0,0,1,1,3,0,13.5,8.31,44,26.2,153.5,138.5,96.5,95,6.2,5.9,3.15,3.22,0,0,0,0,1,0,1,0
1851,53,2,1,1,1,2,43,1,0,1,0,1,1,4,0,29.5,11.7,75.3,52.7,154.5,152,103.5,101.5,6.4,5.8,4.29,2.98,1,1,0,1,0,0,1,0
1852,53,2,1,1,1,2,45,1,1,0,0,1,1,3,0,11.8,3.42,59.2,25.9,159,124,87.5,79,8.1,5.6,5.9,3.12,0,0,0,0,0,0,0,0
1853,53,2,1,1,1,2,53,0,0,1,0,1,1,3,0,10.5,9.22,46.1,41.3,162.5,139,96.5,87.5,6.8,7.67,4.32,3.61,0,0,0,0,0,0,1,1
1854,53,2,1,1,1,2,52,1,0,0,0,1,1,4,0,23.2,8.27,62.4,31.9,157.5,125,94.5,78.5,7,6.1,4.43,3.91,1,0,1,1,0,0,1,0
1855,53,2,1,1,1,2,62,0,0,0,0,1,1,3,0,12.9,8.12,38.3,21.3,150.5,126,91,76.5,6.9,5.1,5.4,3.1,0,0,0,0,0,0,1,0
1856,53,2,1,1,1,2,47,1,1,0,0,1,1,4,0,11.8,2.77,55.2,19.8,155.5,144,94.5,81,8.3,5.2,5.77,0.99,1,1,0,0,0,0,1,1
1857,53,2,1,1,1,2,53,1,0,0,0,1,1,4,0,15.4,7.58,50.6,31.2,155,142,90.5,83,6.8,4.09,5.49,4.28,1,1,0,0,0,0,1,0
1858,53,2,1,1,1,2,41,1,0,1,0,1,1,3,0,11.4,7.53,57.6,47.3,159,158.5,105,96.5,7.5,6.43,2.37,3.56,0,0,1,1,0,0,1,1
1859,53,2,1,1,1,2,64,0,0,1,0,0,1,2,0,13,8.2,31.4,18.7,152.5,126.5,92.5,82.5,6.2,5.6,2.37,3.34,0,0,0,0,0,0,1,1
1860,53,2,1,1,1,2,42,1,0,0,0,1,1,2,0,12,4.27,60.8,32.7,149,142,91,107,7.2,6.1,4.95,2.95,0,0,1,1,0,0,1,0
1861,53,2,1,1,1,2,42,1,0,0,0,1,1,3,0,10.2,9.4,52.1,50.4,162.5,158.5,99,78.5,7.5,5.83,3.03,3.17,0,0,1,1,0,0,1,1
1862,53,2,1,1,1,2,42,1,1,0,0,1,1,3,0,14.2,8.03,60.4,44.9,154,147.5,90.5,81,7.6,5.2,4.4,3.01,0,0,0,0,0,0,0,0
1863,53,2,1,1,1,2,70,0,0,0,0,0,1,2,0,14.7,11.8,24,16.4,154,130.5,88,79.5,5.6,6.11,4.58,5.44,0,0,0,0,0,1,0,1
1864,53,2,1,1,1,2,76,0,0,0,0,1,1,2,0,31,27.9,39.5,26.4,167.5,156.5,86.5,89.5,7.8,5.93,4.73,3.09,0,0,0,0,0,1,0,1
1865,53,2,1,1,1,2,64,0,1,0,0,1,1,2,0,11.4,11.8,28.3,29.1,152.5,154.5,87.5,89.5,6.9,6.2,4.1,3.32,0,0,0,0,0,1,1,1
1866,54,2,1,2,2,2,59,0,0,1,0,1,1,3,0,20.7,16.6,65,49.9,198.5,145.5,100,85.5,6.4,5.7,3.05,1.71,0,0,0,0,0,1,1,1
1867,54,2,1,2,2,2,61,1,0,1,0,1,1,4,0,21,7.65,59.4,19.9,162.5,133.5,84,82,5.3,5.4,5.35,1.24,1,1,0,0,0,1,1,1
1868,54,2,1,2,2,2,57,0,0,1,1,1,1,4,0,34.6,15.4,85.6,51,192,137,96.5,83.5,6.6,5.1,1.74,1.14,1,1,0,0,0,0,1,1
1869,54,2,1,2,2,2,56,1,0,1,1,1,1,3,0,25.7,10.3,60.9,29.1,173,136,98,86,5.6,6.2,2.68,1.06,0,0,0,0,0,1,1,1
1870,54,2,1,2,2,2,61,0,0,1,1,1,1,4,0,31.2,23.4,75.5,61.6,172,156,95,95.5,7.6,8.3,2.93,2.79,1,1,0,0,0,1,1,1
1871,54,2,1,2,2,2,60,0,0,1,0,1,1,4,0,38.1,14.9,86.4,41.2,199,136.5,106.5,86,8.6,7.4,4.08,1.57,1,1,0,0,0,0,0,1
1872,54,2,1,2,2,2,45,0,0,1,0,1,1,2,0,10.8,4.48,60.6,37.9,151,135,96,82.5,7.2,5,5.78,1.9,0,0,0,0,1,1,1,1
1873,54,2,1,2,2,2,47,1,1,0,0,1,1,4,0,19.9,3.26,65.3,20.9,159.5,131,95,82,5.8,5.1,5.8,0.98,1,1,0,0,0,0,1,1
1874,54,2,1,2,2,2,50,0,0,1,0,1,1,4,0,20.1,7.26,74,40.9,170,136.5,90,86,6.8,6.2,4.89,1.97,1,1,0,0,0,1,1,1
1875,54,2,1,2,2,2,56,1,0,1,0,1,1,3,0,38.3,14.3,83.5,44.4,167.5,135.5,103,81.5,6.6,5.2,3.67,1.81,0,0,1,1,0,0,1,1
1876,54,2,1,2,2,2,60,0,0,1,0,1,1,2,0,14.5,10.4,41.2,29.4,149.5,137,70.5,82,9.1,5.1,3.62,1.42,0,0,0,0,0,1,0,1
1877,54,2,1,2,2,2,58,1,0,1,0,1,1,4,0,27,9.71,74.3,33.5,178,136,101.5,82.5,4.4,5.1,4.26,2.19,1,1,0,0,0,0,1,1
1878,54,2,1,2,2,2,58,0,0,1,0,1,1,3,0,14.6,14.5,51,46.8,169.5,138.5,104,99.5,5.7,7.5,3.71,2.72,0,0,0,0,0,1,1,1
1879,54,2,1,2,2,2,53,1,0,1,0,1,1,4,0,20.2,5.17,58.4,21.5,169,136,88.5,79,5.3,5.1,2.43,1.4,1,0,1,0,0,0,1,1
1880,54,2,1,2,2,2,58,0,0,1,0,1,1,4,0,21.7,19.6,64.3,59.5,159.5,157,98.5,96.5,5.9,6.9,4.03,0.94,1,1,0,0,1,1,1,1
1881,54,2,1,2,2,2,55,1,0,1,0,1,1,3,0,31.9,38.3,77.3,84,172.5,172.5,97,103.5,6.4,6,2.86,4.09,0,0,1,1,0,0,0,1
1882,54,2,1,2,2,2,41,0,0,1,0,1,1,4,0,11,3.52,65.9,36.1,170.5,133.5,92.5,80.5,5.4,5,2.15,1.03,1,1,0,0,0,1,1,1
1883,54,2,1,2,2,2,57,0,0,1,0,1,1,3,0,15.5,5.8,55.1,22.6,183,132.5,102.5,83.5,5.3,5.7,3.11,1.74,0,0,0,0,0,1,1,1
1884,54,2,1,2,2,2,50,0,0,0,0,1,1,2,0,17.6,19.5,68.5,73,165,165,95,103.5,12.6,14.7,2.02,2.55,0,0,0,0,0,1,0,1
1885,54,2,1,2,2,2,54,0,0,1,0,1,1,3,0,13.6,8.87,52.4,37.6,139.5,136,91,82,7.7,5.1,3.47,1.19,0,0,0,0,0,1,0,1
1886,54,2,1,2,2,2,56,0,0,1,0,1,1,3,0,12.4,11.2,44.8,41,141,136.5,77.5,80.5,6.6,4.7,2.23,0.82,0,0,0,0,0,1,1,1
1887,54,2,1,2,2,2,64,0,0,1,0,1,1,3,0,21.9,8.89,61.6,23.6,200,136,85,82,4.7,5.2,4.83,0.4,0,1,0,0,0,0,0,1
1888,54,2,1,2,2,2,61,0,0,1,0,1,1,4,0,24.8,9.36,70.9,29.2,202.5,133.5,99,80,5,5.1,1.83,1.59,1,1,0,0,0,0,1,1
1889,54,2,1,2,2,2,55,0,0,1,0,1,1,4,0,16.7,14.1,61.1,51.7,179.5,137,86,86,5.8,5.1,3.37,1.16,1,1,0,0,0,1,0,1
1890,54,2,1,2,2,2,59,0,0,1,0,1,1,3,0,13.4,7.81,46.1,27.3,166,136,80.5,86,4.9,5.1,5.77,1.12,0,0,0,0,0,0,1,1
1891,54,2,1,2,2,2,49,1,0,1,0,1,1,4,0,14.3,13.9,50.7,49.2,135.5,140.5,90,94,4.7,5.4,2.58,1.84,1,1,1,1,1,1,1,1
1892,54,2,1,2,2,2,54,0,0,1,0,1,1,4,0,18.1,5.56,65.8,26.8,187.5,135.5,97.5,83.5,4.4,5,2.97,1.08,1,1,0,0,0,1,1,1
1893,54,2,1,2,2,2,59,0,0,1,0,1,1,4,0,18.4,9.35,59.1,32.5,171.5,136.5,98,87,4.9,4.9,3.39,0.58,1,1,0,0,0,0,1,1
1894,54,2,1,2,2,2,61,1,0,1,0,1,1,3,0,15.8,12.8,46.9,33.6,155,136,92.5,86,5.8,5.2,3.58,1.32,0,0,0,0,0,0,0,1
1895,54,2,1,2,2,2,53,1,0,1,0,1,1,3,0,31,10.8,75,38.4,144.5,133,92.5,85,8.2,5.6,6.04,2.1,0,0,1,1,0,0,0,1
1896,54,2,1,2,2,2,41,1,0,0,0,1,1,3,0,11.3,6.11,47.4,35.7,123,134,92,83.5,8.7,6.1,5.53,1.21,0,0,1,1,0,0,1,1
1897,54,2,1,2,2,2,53,1,1,1,0,1,1,3,0,14.1,9.02,49.5,36.2,142.5,151,95,92,5.2,5.1,3.41,1.47,0,0,1,1,0,0,0,1
1898,54,2,1,2,2,2,60,0,0,1,0,1,1,3,0,12.6,14.3,42.1,47.5,162,175.5,97.5,103.5,5.4,6.7,3.83,2.8,0,0,0,0,0,0,0,1
1899,54,2,1,2,2,2,43,1,1,0,0,1,1,3,0,32.8,7.87,77.5,33.1,162.5,137,94,86,5.8,5.2,5.64,1.13,0,0,1,0,1,1,0,1
1900,54,2,1,2,2,2,42,0,1,0,0,1,1,2,0,12.6,3.82,68.3,40.4,166.5,135,101,81,7.6,5,5.3,1.06,0,0,0,0,0,0,0,1
1901,54,2,1,2,2,2,44,0,0,1,0,1,1,2,0,13.8,3.61,68.6,34.3,167,134,106,85.5,6.9,5,5,0.1,0,0,0,0,0,1,1,1
1902,54,2,1,2,2,2,58,0,0,1,0,1,1,3,0,14.1,9.92,46.3,32.3,148,134,94,82.5,6.4,5.1,4.5,0.98,0,0,0,0,0,0,1,1
1903,55,1,1,1,2,2,53,1,0,1,1,1,1,4,0,31.1,16.4,76.4,51.5,156,134.5,101,87.5,15.9,5.4,4.15,2.8,1,1,1,1,0,0,1,1
1904,55,1,1,1,2,2,59,1,0,1,0,1,1,3,0,28.8,14.9,62.6,35.6,159.5,133,101,77,6.3,5.6,3.34,2.1,0,0,1,1,0,0,0,1
1905,55,1,1,1,2,2,50,0,0,1,0,1,1,3,0,10.1,9.36,49.2,47.3,170,134.5,97,79.5,5.2,4.9,5.01,3,0,0,0,0,0,1,1,1
1906,55,1,1,1,2,2,52,0,1,1,0,1,1,4,0,10.6,7.18,48.8,37,149.5,132.5,87.5,82.5,5.5,4.2,2.53,4,1,1,0,0,0,0,0,1
1907,55,1,1,1,2,2,55,0,0,1,0,1,1,4,0,27.6,15.3,79.3,55.4,163.5,133,105.5,83,6.6,5.9,3.42,3.9,1,1,0,0,0,0,1,1
1908,55,1,1,1,2,2,55,1,1,1,0,1,1,4,0,42.2,9.86,89.9,36.2,194.5,133,104,76.5,5.8,4.9,4.94,3.3,1,1,0,0,0,0,0,1
1909,55,1,1,1,2,2,57,0,0,1,0,1,1,3,0,14.6,12.1,52.1,41.8,167.5,129.5,81,79.5,5.5,4.9,2.32,3,0,0,0,0,1,1,0,1
1910,55,1,1,1,2,2,57,1,0,1,0,1,1,3,0,26.5,14.4,68.8,42.8,160.5,129.5,102,73,7.4,5.3,4.13,3.9,0,0,0,0,0,0,1,1
1911,55,1,1,1,2,2,55,1,0,1,0,1,1,4,0,38.3,16.9,84.6,51.3,171.5,133.5,106.5,85,6,5.1,3.44,3.5,1,1,1,0,1,1,1,1
1912,55,1,1,1,2,2,59,0,0,1,0,0,1,4,0,16,,52.4,,167,,72,,6.3,,1.69,,1,,0,,1,,1,
1913,55,1,1,1,2,2,54,0,0,1,0,1,1,4,0,15,11.6,56.6,47,139.5,129.5,99,74.5,8.2,5.8,4.5,3.9,1,1,0,0,1,0,1,1
1914,55,1,1,1,2,2,55,1,0,1,0,1,1,4,0,17.1,10,54.8,35.9,159,132,94,86,5.4,4.9,1.83,3.1,1,0,0,0,1,1,1,1
1915,55,1,1,1,2,2,60,0,0,1,0,1,1,4,0,17.3,9.75,54.4,31.8,168.5,132.5,92.5,84,5.9,4.9,3.43,3,1,1,0,0,0,0,1,1
1916,55,1,1,1,2,2,53,0,0,1,0,1,1,3,0,12.2,10,51.1,43.2,173.5,133.5,89,80.5,5.5,4.9,4.18,3.2,0,0,0,0,0,0,1,1
1917,55,1,1,1,2,2,56,0,0,1,0,1,1,4,0,12.3,12.4,46.9,44.6,153.5,133.5,97,68.5,5.4,5.2,3.02,4,1,0,0,0,0,0,1,1
1918,55,1,1,1,2,2,52,1,1,1,0,1,1,4,0,31.2,17.3,77.3,54.5,140.5,132,94.5,74.5,6.9,5.3,4.64,4,1,1,1,1,1,1,1,1
1919,55,1,1,1,2,2,58,0,0,1,0,1,1,4,0,27.3,14.1,74.7,45.8,177.5,134.5,112.5,75.5,9.7,5.9,4.25,3.8,1,1,0,0,0,0,0,1
1920,55,1,1,1,2,2,59,0,0,1,0,1,1,2,0,10.4,10.1,31.7,30.7,134,135.5,72,79.5,9.1,4.8,3.72,3.2,0,0,0,0,0,0,0,1
1921,55,1,1,1,2,2,57,0,0,1,0,1,1,3,0,10.4,8.17,39.6,31.9,151.5,138.5,85.5,84.5,5.2,5.4,5.65,3.6,0,0,0,0,0,0,1,1
1922,55,1,1,1,2,2,59,1,1,1,0,1,1,3,0,35.4,10.3,80.3,33,161,136,99.5,79.5,8.3,4.8,3.8,3.5,0,0,0,0,0,1,0,1
1923,55,1,1,1,2,2,54,0,0,1,0,1,1,4,0,18.7,11.9,65.1,47.6,154,137,101,76,20,4.9,5.77,3.3,1,1,0,0,0,0,1,1
1924,55,1,1,1,2,2,55,1,1,1,0,1,1,2,0,21.5,12.5,63.3,43,157,132,97,78.5,6.2,5.2,2.68,3.5,0,0,1,1,0,0,0,1
1925,55,1,1,1,2,2,48,0,0,1,0,1,1,4,0,17.1,5.46,70.7,38.6,170,124.5,99,73,8.9,5.1,5.01,4,1,1,0,0,1,1,1,1
1926,55,1,1,1,2,2,56,1,0,1,0,1,1,4,0,28.7,15.3,73.7,47.4,158.5,134.5,99.5,75,10.8,5.8,9.38,4.1,1,1,0,0,0,0,1,1
1927,55,1,1,1,2,2,56,0,0,1,0,1,1,4,0,21.2,11.8,67,42.8,169.5,127.5,102.5,74.5,8.4,4.4,3.9,3.4,1,1,0,0,0,0,1,1
1928,55,1,1,1,2,2,55,1,1,0,0,1,1,4,0,15,12.5,51.1,40.6,152,136,103.5,85,5.8,4.8,5,2.9,1,1,0,0,1,1,1,1
1929,55,1,1,1,2,2,54,1,1,0,0,1,1,4,0,25,14.3,67.3,45.6,159.5,133.5,111.5,80.5,9.4,4.8,3.9,2.7,1,1,1,1,1,0,1,0
1930,55,1,1,1,2,2,50,1,1,0,0,1,1,3,0,28.5,11.6,74,43.7,172.5,133.5,99.5,78.5,5.9,4.8,4.9,3.5,0,0,0,0,1,1,1,1
1931,55,1,1,1,2,2,50,0,1,0,0,1,1,4,0,10,9.99,51.4,50.2,152.5,133.5,98,81,8.4,5.8,4.9,3.8,1,1,0,0,1,0,1,0
1932,55,1,1,1,2,2,47,0,1,0,0,1,1,3,0,10.7,4.67,56.7,34.7,149,133.5,106,80.5,8.9,4.2,5,2.8,0,0,0,0,1,1,1,1
1933,55,1,1,1,2,2,60,0,0,1,0,1,1,4,0,13,18,43.1,50.7,153,135.5,97.5,83.5,6.1,4.9,4.9,3.9,1,1,0,0,1,0,1,1
1934,55,1,1,1,2,2,56,1,1,0,0,1,1,3,0,18.4,12.3,57.6,42.1,152.5,134.5,102,80.5,5.8,5.4,4.9,3.6,0,0,1,1,0,0,1,1
1935,55,1,1,1,2,2,53,1,1,1,0,1,1,3,0,12.1,14.6,44.3,47.5,147.5,133,86.5,76,5.6,5.3,3.6,3.9,0,0,0,0,1,0,1,0
1936,55,1,1,1,2,2,59,1,0,1,0,1,1,4,0,19.3,17.1,49.2,41.1,137.5,133,82.5,79.5,6.1,4.9,6.37,3.6,1,1,1,0,1,1,1,1
1937,55,1,1,1,2,2,47,1,1,0,0,1,1,3,0,15.3,12.7,55,48.3,152.5,133.5,102,79.5,5.8,4.8,4.9,3.3,0,0,0,0,0,0,1,1
1938,56,2,2,2,1,2,56,1,0,1,0,1,1,4,0,15.4,15.5,48,46,143,133,91.5,78,7.8,4.9,7.25,3.03,1,1,0,0,0,0,0,1
1939,56,2,2,2,1,2,58,0,0,1,0,1,1,4,0,33.8,16.8,83.7,52.8,183.5,136.5,101.5,87,13.8,4.9,2.55,3.49,1,1,0,0,1,1,0,1
1940,56,2,2,2,1,2,59,0,0,1,0,1,1,2,0,26.4,12,70.4,35.7,198.5,133,101,83,9.9,6.4,3.89,3.1,0,0,0,0,0,0,1,1
1941,56,2,2,2,1,2,61,0,0,1,0,1,1,3,0,15,10.4,44.8,32.6,171.5,137.5,76,82.5,5.1,5.4,3.09,2.63,0,0,0,0,0,1,1,1
1942,56,2,2,2,1,2,55,0,0,1,0,1,1,4,0,17.1,7.1,61.2,30.9,170.5,138,80.5,87.5,5.5,5.2,2.07,3.08,1,1,0,0,0,0,1,1
1943,56,2,2,2,1,2,59,1,0,1,0,1,1,3,0,10.2,8.77,35,28.5,161.5,131,97.5,85,4.7,4.6,1.04,3.59,0,0,1,1,1,1,1,1
1944,56,2,2,2,1,2,48,0,0,1,0,1,1,3,0,10.1,4.14,51.8,28.3,168.5,134.5,91,80,5.8,5.7,1.97,3.09,0,0,0,0,0,0,1,1
1945,56,2,2,2,1,2,48,0,0,1,0,1,1,4,0,18.2,5.34,72.4,35,192.5,135,86.5,80,6.3,5.9,4.91,2.9,1,1,0,0,1,1,0,1
1946,56,2,2,2,1,2,58,0,0,1,0,1,1,3,0,10.7,5.28,38.1,19.5,169,127.5,88,80.5,5.6,4.6,1.39,2.14,0,0,0,0,0,0,0,1
1947,56,2,2,2,1,2,63,0,0,1,0,1,1,3,0,15.8,14.7,45,33.3,163.5,133,86,80,4.8,4.8,5.94,3.49,0,0,0,0,0,0,1,1
1948,56,2,2,2,1,2,58,0,0,1,0,1,1,4,0,14.1,11.6,47,37.2,153.5,120.5,95,70.5,4.5,5.1,1.55,3.35,1,1,0,0,1,1,1,1
1949,56,2,2,2,1,2,59,1,0,1,0,1,1,3,0,24.7,8.38,57.7,22.5,159.5,129.5,104.5,78.5,4.7,5.6,3.77,3.78,0,0,0,0,0,0,0,1
1950,56,2,2,2,1,2,56,1,0,1,0,1,1,3,0,12.7,10.1,39.1,31.6,147.5,134,87.5,87,5.2,4.7,3.08,3.55,0,0,0,0,0,0,1,1
1951,56,2,2,2,1,2,58,1,0,1,0,1,1,4,0,18.8,8.79,44.1,24.1,150,136.5,91.5,73.5,7.4,4.7,3.61,3.54,1,0,0,0,0,0,1,1
1952,56,2,2,2,1,2,55,0,0,1,0,1,1,3,0,18,7.51,63.2,32.8,179.5,134,96,83,4.8,5.3,3.93,2.98,0,0,0,0,1,1,1,1
1953,56,2,2,2,1,2,54,1,0,1,0,1,1,4,0,11.4,5.93,40,24.4,129.5,137,76.5,84,5.5,5.4,4.73,4.27,1,1,1,1,0,0,1,1
1954,56,2,2,2,1,2,53,1,0,1,0,1,1,2,0,12.6,6.72,43,25.8,143.5,129,76,83,5.4,4.7,3.78,2.64,0,0,1,1,0,0,1,1
1955,56,2,2,2,1,2,60,0,0,1,0,1,1,2,0,11.5,7.21,37.1,22.8,170.5,136.5,68,80,6.1,5.4,4.03,3.6,0,0,0,0,0,0,1,1
1956,56,2,2,2,1,2,57,0,0,1,0,1,1,3,0,20.5,13.2,61.3,45.4,132.5,133,81.5,81,6.1,4.8,3.82,3.61,0,0,0,0,1,1,1,1
1957,56,2,2,2,1,2,57,1,0,1,0,1,1,4,0,30.6,7.37,78.5,26.4,171.5,127.5,100.5,78,5.3,4.6,4.92,3.27,1,1,0,1,0,0,0,1
1958,56,2,2,2,1,2,53,0,0,1,0,1,1,4,0,22.7,5.08,74.8,26.4,196,134,104.5,76,5.5,4.8,1.6,2.94,1,1,0,0,0,0,1,1
1959,56,2,2,2,1,2,61,0,0,1,0,1,1,3,0,16.3,6.04,48,17.3,152.5,118,82.5,77.5,5.2,4.7,2.02,3.37,0,1,0,0,0,0,1,1
1960,56,2,2,2,1,2,59,0,0,1,0,1,1,3,0,11.8,5.35,40.1,18.2,148.5,128,85,84,4.6,5.2,4.49,4.04,0,0,0,0,0,0,1,1
1961,56,2,2,2,1,2,55,1,0,1,0,1,1,4,0,12.9,7.1,42.2,25.5,162.5,136,96,86,5.8,5.2,3.81,3.53,1,1,0,0,1,0,1,1
1962,56,2,2,2,1,2,60,1,0,1,0,1,1,2,0,18.3,9.03,50.2,23.2,186.5,123.5,102,71,4.7,5.1,0.96,2.46,0,0,1,1,0,0,0,1
1963,56,2,2,2,1,2,60,0,0,1,0,1,1,4,0,14.8,7.91,47.1,24.5,150.5,125.5,87.5,76.5,5.6,5.3,3.15,3.55,1,1,0,0,1,1,1,1
1964,56,2,2,2,1,2,60,1,0,1,0,1,1,4,0,16.2,14.1,45.8,38.1,145.5,134,100.5,81.5,10.7,4.8,7.25,2.95,1,1,0,0,0,0,1,1
1965,56,2,2,2,1,2,60,0,0,1,0,0,1,3,0,10.4,9.69,31.8,31.6,140.5,133,82,78,5.9,4.9,1.67,3.05,0,0,0,0,0,0,1,1
1966,56,2,2,2,1,2,60,1,0,1,0,1,1,4,0,21.3,12.3,49.6,32.4,131,137,91,85.5,5.2,5.1,4.41,2.72,1,1,1,1,1,1,1,1
1967,56,2,2,2,1,2,61,0,0,1,0,1,1,4,0,12.4,8.78,34.4,25.6,134,133.5,72,81.5,5.3,5.1,4.56,3.01,1,1,0,0,0,1,1,1
1968,56,2,2,2,1,2,60,0,0,1,0,1,1,3,0,13.6,8.73,44.8,28.8,165.5,134.5,90,78,4.9,4.7,3.61,3.45,0,0,0,0,0,0,0,1
1969,56,2,2,2,1,2,52,0,1,1,0,1,1,3,0,14.8,7.17,59.5,36.4,149,126,92,81.5,5.6,5.4,3.48,3.11,0,0,0,0,1,1,1,1
1970,56,2,2,2,1,2,50,1,1,0,0,1,1,3,0,13.6,3.84,50,21.8,149.5,121.5,93.5,70,5.6,4.4,3.45,2.38,0,0,0,0,0,0,0,1
1971,56,2,2,2,1,2,46,0,1,0,0,0,1,3,0,11.5,1.88,58.9,18.7,159.5,120.5,99,77.5,15.6,4.9,2.93,2.19,0,0,0,0,1,1,0,1
1972,56,2,2,2,1,2,48,1,0,1,0,1,1,4,0,10.8,2.98,46.6,20.6,166.5,128,89.5,82.5,7,4.8,3.31,2.34,1,1,0,0,0,0,1,1
1973,57,1,2,2,2,2,59,1,0,1,0,1,1,3,0,23.2,23,52.1,52.4,139.5,142.5,94,89,11.4,7.4,3.54,4.11,0,0,1,1,1,0,1,0
1974,57,1,2,2,2,2,55,0,0,1,0,1,1,4,0,12.8,19.7,51,65.7,150.5,144,88.5,90,6.6,5.7,1.81,2.82,1,1,0,0,0,0,1,1
1975,57,1,2,2,2,2,61,0,0,1,1,1,1,3,0,35.7,17.3,83.4,47,200,136,86,83.5,7.4,6.1,3.95,2.75,0,0,0,0,0,0,1,1
1976,57,1,2,2,2,2,59,1,0,1,1,1,1,4,0,17.1,15.9,53.8,50.6,151.5,149.5,86.5,90,4.9,6.3,3.12,2.64,1,1,1,1,1,1,1,1
1977,57,1,2,2,2,2,57,0,0,1,1,1,1,3,0,17.2,11.5,56.1,40.2,154.5,133.5,100,84,7.8,5.5,4.96,4.22,0,0,0,0,0,0,0,0
1978,57,1,2,2,2,2,56,0,0,1,0,1,1,4,0,10.3,6.32,41.1,26.7,149,123.5,94.5,75,5.2,5.6,3.13,1.72,1,1,0,0,0,0,1,1
1979,57,1,2,2,2,2,61,0,0,1,0,1,1,3,0,14.5,15,37.5,40.8,129,126.5,70.5,78,6.8,4.7,4.58,2.73,0,1,0,0,0,0,0,1
1980,57,1,2,2,2,2,59,1,0,1,0,0,1,3,0,24.7,7.91,60.5,22.2,174.5,123,106,74.5,4.9,4.9,2.67,3.16,0,0,1,1,1,1,1,1
1981,57,1,2,2,2,2,58,1,0,1,0,1,1,3,0,29,14.9,66.2,36.7,148,133,80.5,74.5,6.8,5.4,3.83,2.31,0,0,1,1,0,0,0,1
1982,57,1,2,2,2,2,60,1,0,1,0,1,1,4,0,23.5,9.01,57.3,22.3,185.5,128,111,77,5.6,4.6,2.07,2.83,1,1,0,0,0,0,0,1
1983,57,1,2,2,2,2,63,1,0,1,0,0,1,4,0,14.7,10.2,34.7,21.8,146.5,145,93.5,86,5.2,5.8,1.94,1.77,1,1,1,1,1,0,1,1
1984,57,1,2,2,2,2,53,1,0,1,0,1,1,4,0,11.1,6.56,39.3,25.7,148,128,93.5,82,4.9,4.4,3.05,2.79,1,1,0,0,0,0,1,1
1985,57,1,2,2,2,2,59,0,0,1,0,1,1,3,0,15.6,10.9,52.4,32.8,178,126,75,61,6.8,5.4,5.19,3.69,0,0,0,0,0,0,0,1
1986,57,1,2,2,2,2,54,0,0,1,0,1,1,3,0,13.4,11.7,53.7,48.5,180,172.5,93.5,94.5,5.4,5.9,3.51,2.67,0,0,0,0,0,0,1,0
1987,57,1,2,2,2,2,65,0,1,1,0,1,1,4,0,16.4,13.5,30.8,24.7,126.5,119,76,76,10.3,9,4.94,2.26,1,1,0,0,0,0,0,0
1988,57,1,2,2,2,2,58,0,0,1,0,1,1,4,0,14.1,10.9,49.4,39.5,151.5,141,92,86.5,6.3,6.4,3.54,3.37,1,1,0,0,0,0,0,1
1989,57,1,2,2,2,2,57,0,0,1,0,1,1,3,0,21.6,14.5,66.6,49.4,176.5,145,89.5,87.5,8.9,8.1,4.17,2.82,0,0,0,0,1,0,1,1
1990,57,1,2,2,2,2,59,0,0,1,0,1,1,3,0,11.8,8.69,40.4,30.2,148,134,91,80,5.6,6,4.36,4.69,0,0,0,0,0,0,1,0
1991,57,1,2,2,2,2,59,0,0,1,0,1,1,2,0,10.1,11.4,35.8,36.2,154.5,129,91,88,6.2,6.5,4.87,3.64,0,0,0,0,0,0,1,1
1992,57,1,2,2,2,2,59,0,0,1,0,1,1,3,0,11,12,33,36,129,136,79.5,83,9,7.3,4.2,2.51,0,0,0,0,0,0,0,0
1993,57,1,2,2,2,2,58,0,1,1,0,1,1,3,0,14.3,17.8,46.4,55.7,139,151,88.5,91,5.4,5.4,3.09,5.2,0,0,0,0,1,0,1,0
1994,57,1,2,2,2,2,59,0,0,1,0,1,1,3,0,11.9,6.67,41,23.7,160.5,135.5,88.5,83,5.4,4.2,5,2.78,0,0,0,0,0,0,0,1
1995,57,1,2,2,2,2,61,0,0,1,0,1,1,4,0,28.7,15,73.7,41.4,189.5,131,79.5,75,7.6,5.9,4.55,2.8,1,1,0,0,0,0,1,0
1996,57,1,2,2,2,2,61,0,0,1,1,1,1,3,0,10.2,15.5,30.4,41.1,150.5,148,85,87,5.2,5.6,4.67,3.65,0,0,0,0,1,1,1,0
1997,57,1,2,2,2,2,59,1,0,1,0,1,1,3,0,18.1,14.6,42.3,34.7,135.5,135,87,82,6.8,6.3,3.23,2.47,0,0,1,1,0,0,1,1
1998,57,1,2,2,2,2,52,0,0,1,0,1,1,4,0,13.5,10.8,55.7,48.1,146.5,138,76.5,84,7.4,7.4,1.89,1.54,1,0,0,0,0,0,1,0
1999,57,1,2,2,2,2,58,1,0,1,0,1,1,3,0,46.2,15,91.2,43.8,188.5,128,100.5,81.5,10.1,5.2,9,3.36,0,0,1,1,1,0,1,1
2000,57,1,2,2,2,2,59,1,0,1,0,1,1,2,0,37.6,18.2,84.6,50,189.5,137,102.5,82,11,4.8,7,3.08,0,0,1,1,1,0,1,1
2001,57,1,2,2,2,2,59,0,0,1,0,1,1,3,0,23.6,13.2,66.7,40.7,175,133.5,99,82.5,10,5.1,8.77,3.41,0,0,0,0,0,0,1,1
2002,57,1,2,2,2,2,42,0,1,1,0,1,1,2,0,13.9,2.34,68.9,29.7,179,122,98,70,8.7,4.4,7.2,2.49,0,0,0,0,1,0,1,1
2003,57,1,2,2,2,2,42,1,1,1,0,1,1,3,0,27.5,2.06,77.8,22.7,179,128,101,75,10,4.2,8.2,1.8,0,0,0,0,0,0,1,1
2004,57,1,2,2,2,2,53,0,0,1,0,1,1,3,0,14,6.07,55.9,30.1,166.5,133,98,81.5,7.6,4.2,5.3,2.87,0,0,0,0,0,0,1,1
2005,57,1,2,2,2,2,54,1,1,1,0,1,1,4,0,31.5,10.4,73.9,33.1,175,129.5,116,74.5,7.2,5.6,7.7,3.32,1,1,0,0,0,0,1,0
2006,57,1,2,2,2,2,44,0,1,1,0,1,1,3,0,14.8,3.01,72.4,29.1,163.5,122,98.5,68.5,7,5.2,5.75,5.36,0,1,0,0,1,0,1,0
2007,57,1,2,2,2,2,43,0,1,1,0,1,1,2,0,14.2,4.4,69.1,37.6,174.5,129,96.5,84.5,6.4,4.9,4.28,2.82,0,0,0,0,1,0,1,0
2008,57,1,2,2,2,2,44,1,1,1,0,1,1,4,0,13.9,12.5,52.6,54.6,155.5,136,97,85,6,5.8,4.1,5.84,1,1,1,1,1,0,1,1
2009,58,2,1,2,2,2,45,1,0,1,0,1,1,4,0,16.6,7.06,56.5,36.9,157.5,122.5,92,77,5.5,5.7,1.94,2.78,1,1,1,1,0,0,1,1
2010,58,2,1,2,2,2,61,1,0,1,0,1,1,2,1,39.5,27.2,87.3,68.9,207.5,174.5,106.5,98.5,16.5,10.7,2.59,2.29,0,0,1,0,0,0,1,1
2011,58,2,1,2,2,2,70,0,0,1,1,1,1,4,0,23.7,17.3,46.9,35.7,205.5,167,115,107,6.2,6.1,2.53,3.5,1,0,0,0,0,0,1,1
2012,58,2,1,2,2,2,66,0,0,0,1,1,1,3,0,23.2,17.1,52,36.5,167,142,79,73.5,9.2,7.2,4.24,4.35,0,0,0,0,0,1,1,1
2013,58,2,1,2,2,2,56,0,0,1,0,1,1,4,0,15.3,15.5,55.6,53.6,165,136.5,88.5,82.5,6.7,6.1,3.21,2.89,1,1,0,0,0,0,1,1
2014,58,2,1,2,2,2,44,1,0,1,0,1,1,4,0,38.6,22,81.1,70.1,167.5,170.5,121,122.5,11.7,12,4.85,4.83,1,1,1,1,0,0,1,1
2015,58,2,1,2,2,2,55,0,0,1,0,1,1,4,0,13.3,7.8,52.2,34.3,167.5,129,92.5,78,5.9,5.8,4.58,4.92,1,1,0,0,0,0,1,1
2016,58,2,1,2,2,2,49,1,0,1,0,1,1,4,0,26,37,71.4,82.1,168,169,102.5,103,5.4,5.6,5.51,5.67,1,1,1,1,0,0,1,1
2017,58,2,1,2,2,2,65,1,0,1,0,1,1,2,1,24,21.8,50.9,42.7,178.5,155.5,104.5,97.5,5.3,5.5,2.03,3.28,0,0,1,1,0,0,1,0
2018,58,2,1,2,2,2,58,1,0,1,0,1,1,3,0,34.5,39.8,72.8,80,169,179,108.5,94,10.8,10.7,3.06,3.56,0,1,1,1,0,0,1,1
2019,58,2,1,2,2,2,55,1,0,1,0,1,1,3,0,36.5,33.7,81.7,79.2,188.5,192.5,98,109.5,7.2,7.6,2.22,3.28,0,1,0,0,0,0,1,1
2020,58,2,1,2,2,2,40,1,0,1,0,1,1,3,0,25.7,12.7,70.8,55.3,171,142.5,124,104,5.7,6.9,2.92,5.99,0,0,0,0,0,0,1,0
2021,58,2,1,2,2,2,52,1,0,1,0,1,1,4,0,32,42.1,79.8,86.8,171.5,164,113,104,7.8,6.7,5.39,6.41,1,1,1,1,0,0,1,1
2022,58,2,1,2,2,2,46,1,0,0,0,1,1,4,0,15.8,5.68,60.6,35.8,148.5,137,103.5,92.5,8.3,5.7,5.23,4.03,1,1,0,0,1,0,1,0
2023,58,2,1,2,2,2,63,1,1,1,0,1,1,4,0,26.3,26.1,43.6,46.7,160,150,94,93.5,7.7,6.4,3.9,3.26,1,1,0,0,0,0,1,0
2024,58,2,1,2,2,2,48,1,0,1,0,1,1,4,0,23.1,23.6,68.4,66.6,160,150,99,98.5,5.8,6.2,5.1,3.7,1,0,1,1,0,0,0,0
2025,58,2,1,2,2,2,52,0,0,1,0,1,1,3,0,12.8,7.89,53.6,38.2,185,155.5,117,104.5,6.1,6,3.74,3.97,0,0,0,0,0,0,1,1
2026,58,2,1,2,2,2,50,0,0,1,0,1,1,3,0,13.9,14.7,59.5,62.3,188.5,154,101,88.5,6.6,7.7,4.56,4.49,0,0,0,0,0,0,1,1
2027,58,2,1,2,2,2,56,0,0,1,0,1,1,4,0,11.9,13.9,43.6,49,139.5,148.5,71,89,6.7,8,4.33,3.5,1,1,0,0,0,0,1,0
2028,58,2,1,2,2,2,50,0,0,1,0,1,1,3,1,16.2,12.1,64.7,56.9,170.5,159.5,107,99,7.1,7.7,5.58,4.14,0,0,0,0,0,0,1,0
2029,58,2,1,2,2,2,56,0,0,1,0,1,1,3,0,16.4,12.7,56,44.9,158.5,152.5,96,88,7.1,8.3,5.93,4.48,0,0,0,0,0,0,1,0
2030,58,2,1,2,2,2,59,0,1,0,0,1,1,4,0,15.5,21.4,51.7,61.2,171,155.5,101.5,90,6.2,6.2,4.08,3.39,1,1,0,0,0,1,0,1
2031,58,2,1,2,2,2,52,1,0,1,0,1,1,4,0,16.9,14.4,53.5,47.7,141.5,138.5,89,74.5,7.1,6.7,3.92,3.7,1,0,0,0,0,0,1,0
2032,58,2,1,2,2,2,52,0,0,1,0,1,1,2,0,10,8.35,45.3,40.1,143,150,91,85.5,7.2,6.7,2.72,3.81,0,0,0,0,0,0,1,1
2033,58,2,1,2,2,2,51,1,0,1,0,1,1,4,0,29.1,32.2,73.6,77,160,161,93.5,98.5,7,6.3,2.69,3.31,1,1,1,1,0,0,1,0
2034,58,2,1,2,2,2,51,1,0,1,0,1,1,4,0,14.3,11.3,49.4,41.6,160,151.5,112.5,103.5,6.1,6.2,1.83,1.91,1,1,0,0,0,0,1,1
2035,58,2,1,2,2,2,52,1,1,0,0,1,1,4,0,22.2,29.7,62.3,73.5,149,147.5,91,91.5,9.4,6.2,1.82,3.36,1,0,0,1,0,0,0,0
2036,58,2,1,2,2,2,58,1,0,1,0,1,1,3,0,13,15.6,33.7,39.4,153.5,140,84,86.5,18.5,18.5,1.32,1.55,0,0,1,1,0,0,1,1
2037,58,2,1,2,2,2,46,1,1,0,0,1,1,4,0,12.2,17.1,54.7,59.4,154,143.5,100.5,97.5,7.7,6,4.29,3.88,1,1,0,1,1,1,1,1
2038,58,2,1,2,2,2,59,0,0,1,0,1,1,4,0,22.3,17,63.1,51.1,152.5,148.5,83.5,81,22.9,8,3.77,2.75,1,1,0,0,0,0,1,1
2039,58,2,1,2,2,2,50,0,0,1,0,1,1,3,0,21.3,21,74.8,74.5,184.5,182.5,99.5,99.5,7.2,7.5,3.57,3.5,0,1,0,0,0,0,1,1
2040,58,2,1,2,2,2,52,1,0,1,0,1,1,4,0,40.3,19,86.4,58.7,206.5,159,122.5,105,7.4,6.3,3.39,4.04,1,0,1,1,0,0,1,0
2041,58,2,1,2,2,2,65,0,0,1,1,1,1,3,0,20.7,23.6,48.4,54.5,160.5,168,95.5,80,15.4,8.5,2.77,2.58,0,0,0,0,0,0,0,1
2042,58,2,1,2,2,2,63,0,0,1,0,1,1,3,0,21.3,18,53.7,45.4,161.5,147.5,78.5,79.5,33.1,9.8,2.44,4.16,0,0,0,0,0,0,1,0
2043,58,2,1,2,2,2,47,0,0,1,0,1,1,4,0,13.1,8.33,68.9,52.5,157,123.5,95.5,89,8.2,13.2,5.43,5.03,1,1,0,0,0,0,1,0
2044,58,2,1,2,2,2,49,1,0,1,0,1,1,4,0,11.8,17.5,44.5,58.6,138,143.5,92.5,91,8.3,8.6,1.63,4,1,1,0,0,0,0,1,1
2045,58,2,1,2,2,2,45,1,0,1,0,1,1,4,0,17.8,13.8,61.1,52.5,161,141,94,97,6.3,6.1,4.88,4.91,1,1,1,1,0,0,1,1
2046,59,1,2,2,2,2,67,1,1,0,0,1,1,3,0,42.5,23.6,73.5,34.3,208,144.5,105.5,94.5,11.8,7.3,2.8,4.08,0,0,0,0,0,0,1,0
2047,59,1,2,2,2,2,63,1,1,1,0,1,1,4,0,24.1,19.5,50,33,163,131.5,94.5,80.5,6.2,6,4.26,4.5,1,0,0,0,0,0,1,0
2048,59,1,2,2,2,2,59,1,0,1,0,1,1,4,0,27.5,36.2,64.8,72.8,162,159.5,112.5,97,6.5,6.9,5.11,6.61,1,1,1,1,1,0,1,1
2049,59,1,2,2,2,2,64,1,0,1,0,1,1,3,0,31.3,24.2,64.8,41.3,205.5,154,118.5,100.5,6.2,5.8,2.3,1.95,0,0,0,0,0,0,1,1
2050,59,1,2,2,2,2,65,1,1,1,0,1,1,3,0,16.8,19.7,37.3,42.3,143,140.5,82.5,83.5,9.5,9.5,1.65,2.83,0,0,0,0,0,0,0,1
2051,59,1,2,2,2,2,69,1,0,1,0,1,1,3,0,24.8,14,49.8,23.4,165.5,130,89.5,73,10,5.4,3.23,2.57,0,0,0,0,0,0,1,1
2052,59,1,2,2,2,2,66,0,0,1,0,1,1,3,0,19.8,14.7,36.3,24.9,142.5,121.5,78,74,11.8,8.5,5.09,6.12,0,0,0,0,0,0,1,1
2053,59,1,2,2,2,2,52,0,0,1,0,1,1,4,0,13.6,9.02,57.1,43.8,163.5,139.5,94.5,80.5,15.1,7.8,1.27,4.16,1,1,0,0,0,0,1,1
2054,59,1,2,2,2,2,53,0,0,1,0,1,1,3,1,19,8.36,65.8,37.3,182,132.5,105.5,73.5,14.4,6.4,2.16,4.32,0,0,0,0,0,0,1,0
2055,59,1,2,2,2,2,48,1,0,1,0,1,1,3,0,28.7,21,73.1,58.1,162.5,151,88.5,98.5,6.5,5.5,5.13,1.95,0,0,0,0,0,0,1,0
2056,59,1,2,2,2,2,51,0,0,1,0,1,1,4,0,12.3,8.09,55.5,42,162.5,140.5,109,101.5,4.2,3.9,4.34,2.83,1,1,0,0,0,0,1,1
2057,59,1,2,2,2,2,50,1,0,1,0,1,1,4,0,35,17.1,83.5,54.9,211,148.5,129,95.5,9.2,7.1,6.09,4.56,1,1,0,0,0,0,1,0
2058,59,1,2,2,2,2,49,0,0,1,0,1,1,4,0,28.4,14.8,86,65.6,190,149,94.5,88.5,7.3,6.5,3.83,3.26,1,1,0,0,0,0,1,0
2059,59,1,2,2,2,2,59,1,0,1,0,1,1,4,0,17.1,12.3,45.1,30.6,163.5,141.5,109.5,81.5,6.8,8.3,2.27,1.56,1,1,0,0,0,0,1,0
2060,59,1,2,2,2,2,60,1,1,0,0,1,1,4,0,20.5,24.2,49.1,49.3,160,139,91,89.5,6.4,5.6,3.73,6.11,1,1,0,0,0,0,0,0
2061,59,1,2,2,2,2,61,1,1,1,0,1,1,2,1,35.9,37.2,70,71.7,171.5,173,106,106.5,7,7.2,2.87,3.03,0,0,1,1,0,0,1,0
2062,59,1,2,2,2,2,44,1,0,1,0,1,1,4,0,20.3,12.5,63.3,51.8,156.5,133.5,106.5,95.5,12.2,5.3,2.13,3.99,1,1,0,0,0,0,1,1
2063,59,1,2,2,2,2,68,0,0,1,0,1,1,4,0,20.4,27.7,44.5,49.7,163.5,142,108.5,80,6.5,5.5,3.89,4.03,1,1,0,0,1,0,1,0
2064,59,1,2,2,2,2,64,0,0,1,0,1,1,3,0,11.5,18,30.1,41.5,140.5,138.5,83,80.5,5.9,5.8,1.62,1.62,0,0,0,0,0,0,1,1
2065,59,1,2,2,2,2,53,0,0,1,0,1,1,2,1,10.7,8.25,45.6,36.6,172.5,136.5,102,83,6,5.2,4.56,1.54,0,0,0,0,0,0,1,0
2066,59,1,2,2,2,2,52,0,0,1,0,1,1,3,0,14.7,8.02,58.1,38.1,158,129,100.5,92,8.2,6.2,3.29,4.42,0,0,0,0,0,0,1,0
2067,59,1,2,2,2,2,54,0,0,1,0,1,1,4,0,20.3,13.3,69.4,51.3,205,149.5,118.5,96,6.8,5.8,4.41,4.78,1,0,0,0,0,0,1,1
2068,59,1,2,2,2,2,54,0,0,1,0,0,1,4,0,16.2,5.89,60.5,28.3,181.5,121.5,97,72.5,6,6.1,3.74,3.81,1,1,0,0,0,0,1,0
2069,59,1,2,2,2,2,55,1,0,1,0,1,1,2,1,14.1,8.19,42.1,25.1,158.5,137.5,97.5,82.5,5.8,5.5,1.39,1.1,0,0,1,1,0,0,1,0
2070,59,1,2,2,2,2,55,0,0,1,0,1,1,3,0,18.9,9.93,63.2,39.2,172.5,138,83.5,76.5,9,5.9,3.32,3.56,0,0,0,0,0,0,1,1
2071,59,1,2,2,2,2,54,1,0,1,0,1,1,3,0,12.7,8.54,38.7,28.1,131,120.5,87.5,70.5,8.3,6.1,3.35,3.25,0,0,1,0,0,0,1,1
2072,59,1,2,2,2,2,64,0,0,1,0,1,1,3,0,23,16.2,54.1,38.3,155.5,137.5,93,78,7.7,7.2,2.76,3.93,0,0,0,0,0,0,1,1
2073,59,1,2,2,2,2,50,0,0,1,0,1,1,3,0,15.3,9.46,63,47.2,167.5,137.5,113,92.5,6.3,5.7,3.41,3.25,0,0,0,0,0,0,1,1
2074,59,1,2,2,2,2,49,1,0,1,0,1,1,4,0,10.7,11.8,43,45.7,137.5,141,97,104,17.4,6.7,2.55,3.52,1,1,0,0,0,0,1,1
2075,59,1,2,2,2,2,65,1,0,1,0,1,1,3,0,38.6,29.3,63,45.6,171.5,149,102,73.5,9.2,8,4.41,2.95,0,0,0,0,1,0,1,0
2076,59,1,2,2,2,2,64,0,0,1,0,1,1,3,0,20.9,14.9,51.1,34.2,160.5,130.5,85.5,81,7.4,6,5.26,3.95,0,0,0,0,1,0,1,1
2077,59,1,2,2,2,2,62,0,0,1,0,1,1,3,0,16.1,9.07,40.2,23.9,150.5,119,74,69,15.6,8,4.59,4.99,0,0,0,0,0,0,1,0
2078,59,1,2,2,2,2,71,0,0,0,0,1,1,4,0,29,27.2,41.5,36.9,157,147.5,82,84.5,16.9,6,3.63,2.85,1,1,0,0,0,0,1,0
2079,59,1,2,2,2,2,64,0,0,1,0,1,1,3,0,16.2,13.7,34.5,31.1,138,123,89,82.5,7.8,6.7,3.35,3.17,0,0,0,0,0,0,0,0
2080,59,1,2,2,2,2,65,1,0,1,0,1,1,3,0,25.9,18.3,45.1,30.8,172,157.5,92,89,14.3,5.4,3.74,2.99,0,0,1,1,0,0,1,1
2081,59,1,2,2,2,2,60,1,0,1,0,1,1,3,0,18.5,15.7,51.7,43.2,143,131,105,87,16.4,8.5,3.63,3.69,0,0,1,1,0,0,1,0
2082,59,1,2,2,2,2,67,0,1,0,0,1,1,3,0,28.1,18.1,56.5,30.2,162.5,135.5,76.5,76,7.8,6.1,3.07,2.85,0,0,0,0,0,0,0,0
2083,59,1,2,2,2,2,57,1,0,1,0,1,1,3,0,16.3,15.5,42.4,40.9,144,130,89.5,77,11.2,7,3.47,4.35,0,0,1,1,0,0,1,1
2084,59,1,2,2,2,2,57,0,0,1,0,1,1,3,0,21.4,11.9,65.2,41.5,157.5,132,92.5,88.5,6.6,6,4.41,4.36,0,0,0,0,1,0,1,1
2085,59,1,2,2,2,2,66,1,0,1,0,1,1,2,0,26.7,27.6,37.7,43.7,142.5,141,77.5,73.5,8.3,5.8,5.64,3.91,0,0,1,1,0,0,1,1
2086,60,2,1,1,2,1,59,1,0,1,0,1,1,4,0,36.3,32.7,78.2,74.1,186,188.5,103.5,103.5,5.9,4.9,3.93,3.43,1,1,1,1,0,0,1,1
2087,60,2,1,1,2,1,62,1,1,1,0,1,1,3,0,28.8,14.8,71,36.5,166,134,89,71.5,7.6,6.6,3.62,2.74,0,0,1,0,0,0,1,0
2088,60,2,1,1,2,1,65,1,0,1,1,1,1,3,0,16.8,22,48,54,154.5,153,98.5,90.5,6.2,5.1,3.33,2.37,0,0,1,1,0,0,1,1
2089,60,2,1,1,2,1,63,1,0,1,0,1,1,4,0,25.3,18.7,55.1,40.8,181,163,102,94,5.7,6.5,5.11,3.18,1,1,0,0,0,0,1,1
2090,60,2,1,1,2,1,66,0,0,1,0,0,1,2,0,22.9,20.9,44.8,40.3,166,158,90.5,87.5,17,12.1,4.09,5.41,0,0,0,0,0,0,0,0
2091,60,2,1,1,2,1,64,1,0,1,1,1,1,3,0,35.1,40.3,76.5,80.9,161.5,160.5,82,87,7.1,5.7,4.46,5.15,0,0,0,1,0,0,1,1
2092,60,2,1,1,2,1,51,0,0,1,0,1,1,3,0,20.3,18,72.8,68.1,167.5,163,101.5,101.5,8.2,6.4,4.78,3.84,0,0,0,0,0,0,1,1
2093,60,2,1,1,2,1,52,0,0,1,0,1,1,4,0,16.5,12.8,62.8,53,164,152,95,85,7.8,4.7,4.53,2.62,1,1,0,0,0,0,1,1
2094,60,2,1,1,2,1,51,1,0,1,0,1,1,4,0,11.7,13.2,45.7,46.9,160.5,151,101.5,100.5,6.4,5.3,3.46,2.87,1,1,0,1,0,0,1,1
2095,60,2,1,1,2,1,55,0,0,1,0,1,1,3,0,11.7,8.55,46.6,36.6,188.5,175,96,92,5.9,5.3,4.93,6.02,0,0,0,0,0,0,1,1
2096,60,2,1,1,2,1,48,0,0,1,0,1,1,3,0,17.9,8.57,71.1,47.2,177,143,100,86,7.8,7,2.65,3.87,0,0,0,0,0,0,1,1
2097,60,2,1,1,2,1,51,1,0,1,0,1,1,4,0,25.9,34.3,70.1,80.4,159,165,107,110,7.7,6.8,3.58,4.1,1,1,0,0,0,0,1,0
2098,60,2,1,1,2,1,59,1,0,1,0,1,1,3,0,26.3,16.4,71.1,44.1,163,118,93.5,83.5,6.3,5.2,4.16,5.19,0,0,1,1,0,0,1,1
2099,60,2,1,1,2,1,63,0,0,1,0,1,1,3,0,22.1,20.1,55.2,49.9,162.5,152.5,91.5,86.5,8.9,8,3.19,2.9,0,0,0,0,0,0,1,1
2100,60,2,1,1,2,1,59,0,0,1,0,1,1,3,0,10.9,13.7,37.8,40.7,153,146,91,83.5,5.9,5,2.66,2.54,0,0,0,0,0,0,1,0
2101,60,2,1,1,2,1,57,1,0,1,0,1,1,3,0,36.1,43.2,79.9,86.3,167.5,177,95,95.5,9.4,7.1,4.65,3.84,0,0,0,0,0,0,1,1
2102,60,2,1,1,2,1,56,1,0,1,0,1,1,4,0,14.2,10.1,43.4,28.8,159,125,96,87.5,6.7,6,3.51,2.47,1,1,1,1,0,0,1,1
2103,60,2,1,1,2,1,50,1,0,1,0,1,1,3,0,20.8,19,61.8,56.5,160.5,142.5,102,95,5.9,8.7,3.92,2.36,0,0,1,1,0,0,1,1
2104,60,2,1,1,2,1,65,1,0,1,0,1,1,4,0,22.8,12.7,41.9,22.4,153.5,135.5,85.5,74.5,4.9,5.1,5.7,3.12,1,1,0,0,0,0,1,0
2105,60,2,1,1,2,1,41,1,0,1,0,1,1,4,0,10.8,16.2,45.2,56.9,128.5,128.5,93.5,92.5,6,6.8,2.95,2.86,1,1,1,1,0,0,1,0
2106,60,2,1,1,2,1,60,1,1,1,0,1,1,4,0,20,18.7,43.4,41.2,150,151,89.5,98,7.3,5.8,4.29,3.43,1,1,1,1,0,0,1,1
2107,60,2,1,1,2,1,41,1,0,1,0,1,1,3,0,17.8,15,55.7,52.4,140,131,102,96.5,7.8,8.2,3.26,2.79,0,0,1,0,0,0,0,0
2108,60,2,1,1,2,1,36,1,1,1,0,1,1,4,0,10.9,4.51,52.4,41.3,157.5,137,105,86.5,5.5,5.2,3,2.62,1,0,0,0,0,0,1,0
2109,60,2,1,1,2,1,43,1,0,1,0,1,1,3,0,15.3,12.2,56.1,55,134,141,95.5,97,6.5,6.9,4.56,4.57,0,0,1,1,0,0,1,1
2110,60,2,1,1,2,1,63,0,1,1,0,1,1,2,0,14.9,12.7,35.1,29.5,146.5,138,84.5,86.5,7.7,5,3.04,3.47,0,0,0,0,0,0,1,0
2111,60,2,1,1,2,1,52,1,0,1,0,1,1,3,1,19.7,20.5,61.1,59.8,152.5,146,96.5,97,5.5,5.6,4.17,3.66,0,0,0,0,0,0,1,1
2112,60,2,1,1,2,1,53,1,0,1,0,1,1,3,0,21.4,23.5,62.7,64.3,160,148.5,90.5,97,6.5,5.1,1.79,2.31,0,1,0,1,0,0,1,1
2113,60,2,1,1,2,1,43,0,0,1,0,1,1,2,0,12.9,8.61,69.3,55.5,191,151.5,102,93.5,11.2,11.4,4.76,6.2,0,0,0,0,0,0,1,1
2114,60,2,1,1,2,1,58,1,0,1,0,1,1,3,0,12.2,14.3,34.7,36.2,150.5,144,107,91.5,6.3,6,2.65,7.25,0,0,1,0,0,0,1,1
2115,60,2,1,1,2,1,53,0,0,1,0,1,1,3,0,16.1,9.77,60.1,42.5,162.5,138,83,77.5,8.3,6.9,2.34,2.1,0,0,0,0,0,0,1,0
2116,60,2,1,1,2,1,52,1,0,0,0,1,1,4,0,41.7,47.2,85.9,89.8,173.5,180.5,96,98.5,8.6,5.8,3.23,4.57,1,1,1,1,0,0,1,1
2117,60,2,1,1,2,1,41,1,0,1,0,1,1,3,0,16.1,12,60.5,52.2,166,148,106,108,6.8,5.9,2.88,2.31,0,0,1,1,0,0,1,1
2118,60,2,1,1,2,1,51,0,0,1,0,1,1,3,1,10.1,7.9,46.5,39.3,181,135,102.5,92.5,6.4,6,3.62,3.59,0,0,0,0,0,0,1,1
2119,60,2,1,1,2,1,46,0,0,1,0,1,1,4,0,14.5,16.1,66.7,70.3,168.5,169.5,79.5,87,7.2,5.5,2.9,1.55,1,1,0,0,0,0,1,1
2120,60,2,1,1,2,1,50,1,0,1,0,1,1,4,0,21.3,13.9,65.6,50.6,169,154,109,102.5,10.2,7.9,4.91,2.96,1,1,1,1,0,0,1,0
2121,60,2,1,1,2,1,46,1,0,1,0,1,1,3,0,19.9,9.3,61.9,39.8,148.5,130,97.5,76,14,7.8,3.65,2.47,0,1,1,1,0,0,1,1
2122,61,1,2,2,2,2,63,1,0,1,1,1,1,4,0,24,16.2,48.7,28.7,153,115.5,90.5,82.5,9.2,8,2.87,3.87,1,1,1,1,0,0,1,0
2123,61,1,2,2,2,2,58,0,0,0,0,1,1,4,0,11.4,13.6,40.4,43,165.5,135.5,100,74.5,6.2,6.3,3.53,3.49,1,1,0,0,0,0,1,0
2124,61,1,2,2,2,2,75,0,0,0,0,1,1,4,0,21.2,27.3,25.7,29.8,168.5,134.5,84,82,6.7,8.2,4.36,2.58,1,1,0,0,1,0,1,0
2125,61,1,2,2,2,2,62,1,0,1,1,1,1,4,0,17,11.8,47.6,29.6,142,126.5,99,80.5,7,4.5,7.25,2.28,1,1,1,0,0,0,1,0
2126,61,1,2,2,2,2,63,0,0,1,0,1,1,3,0,26.7,13.7,65.6,35.1,178.5,139,118.5,68.5,7.3,5.8,2.56,2.85,0,0,0,0,0,0,0,0
2127,61,1,2,2,2,2,67,0,0,1,0,1,1,4,0,25.7,23.5,45.7,45.8,157,147.5,89.5,89.5,6.3,7.2,1.42,2.51,1,1,0,0,0,0,1,1
2128,61,1,2,2,2,2,59,1,1,0,0,1,1,3,0,29.2,13.5,64.7,30.3,169.5,145.5,118,81.5,7.4,7.3,5.33,3.94,0,0,1,0,0,0,1,1
2129,61,1,2,2,2,2,65,1,0,0,0,1,1,4,0,11.9,14.9,20.2,26.9,158.5,141.5,98.5,90,5.9,5.7,1.26,3.53,1,0,0,0,0,0,1,0
2130,61,1,2,2,2,2,58,1,0,1,0,1,1,4,0,11.5,10.8,33.4,27.2,164.5,121.5,101.5,85.5,5.8,6.8,2.72,2.43,1,1,0,0,0,0,1,1
2131,61,1,2,2,2,2,61,1,0,1,0,1,1,3,0,27.7,10.6,77.8,31.1,194.5,133,92,85.5,5.7,5.5,2.28,2.41,0,0,1,0,0,0,1,0
2132,61,1,2,2,2,2,54,1,0,1,0,1,1,4,0,23,19.9,64.4,58,153.5,139,107,96.5,7.7,6.9,3.29,3.83,1,1,0,0,0,0,1,1
2133,61,1,2,2,2,2,48,1,0,1,0,1,1,4,0,11.2,13.6,48.8,50.7,147,132,101.5,97,5.4,5.5,4.96,4.28,1,1,0,1,0,0,1,1
2134,61,1,2,2,2,2,52,1,0,1,0,1,1,4,0,26.4,14,68,44.4,153,130.5,104.5,79.5,8.8,5.4,3.96,2.69,1,1,1,1,0,0,1,0
2135,61,1,2,2,2,2,58,1,0,1,0,1,1,2,0,12.4,10.9,37.4,32.2,143.5,131.5,80,82,7.2,6.2,3.09,3.05,0,0,1,1,0,0,1,0
2136,61,1,2,2,2,2,60,0,0,1,0,1,1,3,0,20.8,15,58.1,44.4,161,154,94,88,8.2,6,1.6,1.65,0,0,0,0,0,0,1,0
2137,61,1,2,2,2,2,61,0,0,1,0,1,1,3,0,12.7,10.3,42.1,32.6,171,147,101.5,99,5.9,5.5,8.04,1.55,0,0,0,0,0,0,1,0
2138,61,1,2,2,2,2,42,1,1,1,0,1,1,3,0,13.5,13,56.2,57.3,159.5,141,107,88.5,6.2,5.8,3.43,3.58,0,0,1,1,0,0,1,1
2139,61,1,2,2,2,2,54,0,0,1,0,1,1,2,1,10.9,9.16,45.6,38.1,181,139,100.5,90,6,5.7,5.17,1.64,0,0,0,0,0,0,1,1
2140,61,1,2,2,2,2,61,1,1,1,0,1,1,4,0,22,20.4,48.4,40.4,147.5,143.5,92,82.5,10.9,6.1,2.52,3.12,1,1,1,0,0,0,1,0
2141,61,1,2,2,2,2,36,1,1,0,0,1,1,3,0,14.5,1.27,75.3,23.4,162.5,120.5,102.5,71,9.8,5.1,5.69,2.57,0,0,1,1,0,0,1,1
2142,61,1,2,2,2,2,47,1,1,0,0,1,1,4,0,10.8,6.33,47.4,30.9,163.5,122.5,104.5,72.5,6.3,5.2,2.14,2.11,1,0,1,1,1,0,1,0
2143,61,1,2,2,2,2,58,1,0,1,0,1,1,2,0,19.6,9.36,56.7,29.3,164.5,121.5,84,76.5,25.4,8,3.37,2.21,0,1,1,1,0,0,1,0
2144,61,1,2,2,2,2,48,0,0,1,0,1,1,4,0,14.5,9.45,67.4,51.5,147.5,137.5,91,78.5,7.3,8,3.66,3.83,1,1,0,0,0,0,1,1
2145,61,1,2,2,2,2,63,0,0,1,0,1,1,4,0,18.8,14.3,43.3,32.6,150.5,134,100,78.5,9,5.2,3.74,5.64,1,0,0,0,0,0,1,0
2146,61,1,2,2,2,2,60,1,0,1,1,0,1,3,0,22.3,17.7,65.1,48.6,167.5,140.5,109,90.5,5.2,6.2,2.99,2.44,0,0,1,1,0,0,1,0
2147,61,1,2,2,2,2,51,1,1,0,0,1,1,4,0,16,10.7,55.3,39.6,166,128.5,95.5,77,10.2,5.6,1.76,1.6,1,1,0,0,0,0,1,1
2148,61,1,2,2,2,2,51,1,1,0,0,1,1,3,0,39.9,17.2,84.8,57.6,158.5,131.5,100,89,17,6.6,5.07,5.81,0,0,1,1,0,0,1,1
2149,61,1,2,2,2,2,45,1,1,1,0,1,1,4,0,10.4,11.4,51,47.3,159,129.5,100.5,77,6.3,5.6,3.71,3.05,1,1,1,1,0,0,0,1
2150,61,1,2,2,2,2,67,0,0,1,0,1,1,3,0,17.1,10.4,34.9,21,164.5,127,95,75.5,5.9,5.2,3.1,2.13,0,0,0,0,0,0,1,0
2151,61,1,2,2,2,2,72,1,0,1,0,1,1,3,0,23.7,27,29.9,30,188,139.5,101.5,80.5,7.2,6.8,1.33,3.31,0,0,1,1,0,0,1,1
2152,61,1,2,2,2,2,62,1,1,0,0,1,1,2,1,21.7,15.9,41.2,29,158.5,140.5,95.5,87.5,7.3,6.2,2.25,1.78,0,0,1,1,0,0,1,0
2153,61,1,2,2,2,2,62,0,0,0,0,1,1,4,0,21.4,20,61.9,51,183,139,104.5,89,5.9,4.8,5.39,2.8,1,1,0,0,1,0,1,1
2154,61,1,2,2,2,2,65,0,0,1,0,1,1,4,0,34.7,26,66.7,51.7,170,151,102,94.5,10,6.3,3.02,3.53,1,1,0,0,0,0,0,0
2155,61,1,2,2,2,2,65,0,0,1,0,1,1,4,0,30.1,20.4,59.1,38.8,161.5,134,94.5,84,8.3,8.3,3.58,2.91,1,1,0,0,0,0,1,1
2156,61,1,2,2,2,2,60,1,1,1,0,1,1,3,0,36.2,17.6,71.1,36.4,179.5,131.5,98.5,72.5,10,5.7,3.01,2.59,0,0,0,0,0,0,1,0
2157,61,1,2,2,2,2,73,1,0,1,0,1,1,2,1,14.9,17.9,31.5,20,157,126.5,102.5,76.5,6.5,5.5,2.58,3.77,0,0,1,0,0,0,1,1
2158,61,1,2,2,2,2,63,0,0,1,0,1,1,3,0,12.1,15,36.4,36.6,159,128,89,77,5.9,5.8,7.25,3.31,0,0,0,0,0,0,0,0
2159,61,1,2,2,2,2,67,0,0,1,0,1,1,4,0,19,20.9,44.2,39.1,163.5,134.5,93.5,89.5,6.3,5.9,3.11,3.4,1,1,0,0,0,0,1,0
2160,62,1,2,1,1,2,55,0,0,1,0,1,1,3,0,13.7,12,50.5,45.9,141,140.5,90,80,18.8,6.4,2,3.14,0,0,0,0,0,0,1,1
2161,62,1,2,1,1,2,59,0,1,1,0,1,1,3,0,10.5,8.58,37.5,31,161,159,80.5,81.5,5.3,5.1,4.14,3.45,0,0,0,0,0,0,1,1
2162,62,1,2,1,1,2,54,0,0,1,0,1,1,2,0,23.7,8.55,74.7,36.4,180,133,102,82,10.2,7.8,3.98,3.71,0,0,0,0,0,0,1,1
2163,62,1,2,1,1,2,67,0,0,1,1,1,1,2,0,21.5,20.8,41.9,42.2,146.5,154,70,76,10.7,7,1.61,2.28,0,0,0,0,0,0,1,1
2164,62,1,2,1,1,2,59,0,0,1,0,1,1,4,0,27.1,13.8,72.4,41.6,170,128,88,73,5.6,7.4,5.13,2.54,1,1,0,0,0,0,1,0
2165,62,1,2,1,1,2,60,1,0,1,0,1,1,2,1,11.4,8.53,28.7,21.2,138.5,127.5,89,84,8.2,6,1.75,1.35,0,0,0,0,0,0,1,1
2166,62,1,2,1,1,2,66,0,0,1,0,1,1,3,0,11.1,19.4,24.1,39.5,127.5,137.5,96,101.5,6.1,5.6,2.28,2.33,0,0,0,0,0,0,1,1
2167,62,1,2,1,1,2,57,1,0,1,0,1,1,4,0,46.3,42.3,91.4,87.7,180.5,166,102,86,9.4,7.5,6.78,7.79,1,0,1,1,0,0,1,1
2168,62,1,2,1,1,2,50,0,0,1,0,1,1,4,0,11.1,8.34,52.9,43.2,142.5,136,89,88.5,8,7.5,2.55,1.47,1,0,0,0,0,0,1,1
2169,62,1,2,1,1,2,63,1,1,1,0,1,1,3,0,20.8,22.2,44.8,52.7,132.5,133.5,79,79,16,7.5,5.34,4.89,0,0,1,1,0,0,1,1
2170,62,1,2,1,1,2,67,1,0,1,1,1,1,3,0,20.8,18,41.6,36,172,146.5,97,83.5,8.2,6.9,2.51,3.28,0,0,0,1,0,0,1,1
2171,62,1,2,1,1,2,63,0,0,1,0,1,1,4,0,18.9,16.7,45.4,41.2,132,135,66,77,7.4,6.5,4.54,3.43,1,1,0,0,0,0,1,1
2172,62,1,2,1,1,2,64,1,0,1,0,1,1,3,0,23.6,19.6,52.2,41.8,146.5,132.5,66,63.5,9.2,5.6,3.06,3.12,0,0,0,0,0,0,1,0
2173,62,1,2,1,1,2,76,0,0,0,1,1,1,3,0,29.4,26,29.6,28.5,136,146.5,76.5,79.5,7.2,6.7,4.04,3.48,0,0,0,0,1,1,0,1
2174,62,1,2,1,1,2,60,0,0,1,1,1,1,4,0,17.2,17.7,47.7,48.9,120.5,125,78,78.5,6.4,5.9,2.95,3.22,1,1,0,0,0,0,0,0
2175,62,1,2,1,1,2,56,1,0,1,0,1,1,3,0,19,12.6,54.4,39.4,151,138.5,106,88.5,7.3,5.5,3.41,3.01,0,0,0,0,0,0,1,1
2176,62,1,2,1,1,2,54,1,0,1,0,1,1,3,0,16.8,11.4,51.4,39.4,136,139,94.5,97,7,7.9,3.92,2.82,0,0,0,0,0,0,1,1
2177,62,1,2,1,1,2,66,1,0,1,0,1,1,4,0,10.2,11.7,25.9,29,137,139.5,74,90.5,5.9,5.8,2.01,3.08,1,1,0,0,0,0,1,1
2178,62,1,2,1,1,2,66,0,0,1,1,1,1,4,0,15.4,10.7,35.8,21.2,146.5,115.5,87.5,72,5.3,5.4,2.8,1.99,1,1,0,0,1,0,1,0
2179,62,1,2,1,1,2,69,0,0,1,0,1,1,2,0,18.6,13.8,25.4,17.3,125,114,83,82.5,10.7,7.5,3.6,2.71,0,0,0,0,0,0,1,0
2180,62,1,2,1,1,2,57,0,1,1,0,1,1,3,0,12.9,12.6,43.3,42.1,144.5,142,86,86.5,8.1,6.9,3.9,3.24,0,0,0,0,0,0,1,1
2181,62,1,2,1,1,2,64,0,0,1,0,1,1,2,0,18.1,11.4,39,23.6,143.5,124,81,71,11.3,6.9,5.35,3.08,0,0,0,0,0,0,1,0
2182,62,1,2,1,1,2,65,1,0,1,0,1,1,3,0,42.8,30.6,85.8,64,202.5,165.5,107,97.5,7.6,6,3.65,3.05,0,0,0,0,0,0,1,1
2183,62,1,2,1,1,2,58,1,0,1,0,1,1,3,0,23.4,23.9,67.2,62.6,155.5,144,93.5,97.5,5.7,5.1,5.18,3.88,0,0,1,1,0,0,1,1
2184,62,1,2,1,1,2,57,0,0,1,0,1,1,4,0,20.9,17.2,64.2,55.7,146,139.5,93,87.5,6.6,6.6,3.78,3.56,1,1,0,0,0,0,1,1
2185,62,1,2,1,1,2,56,1,0,1,0,0,1,2,1,14.5,12.5,42.3,35.9,132.5,117.5,78.5,75.5,13.2,7,1.78,1.62,0,0,1,0,0,0,1,0
2186,62,1,2,1,1,2,54,0,0,1,0,1,1,3,0,21.1,8.75,68.9,36.7,174.5,137,80.5,72.5,7.2,4.9,2.53,1.55,0,0,0,0,0,0,1,0
2187,62,1,2,1,1,2,54,1,0,1,0,1,1,4,0,17.9,,60.1,,178,,103.5,,6.3,,2.79,,1,,1,,0,,1,
2188,62,1,2,1,1,2,47,1,0,1,0,0,1,4,0,27,13.9,74.1,52.4,160.5,138,117,106,5.8,5.4,3.91,3.36,1,1,0,1,0,0,1,1
2189,62,1,2,1,1,2,53,0,0,1,0,0,1,4,0,12.5,13.9,53.3,55.3,152.5,136.5,103.5,90.5,6.8,7.2,2.39,1.73,1,1,0,0,0,0,1,0
2190,62,1,2,1,1,2,54,0,0,1,0,0,1,4,0,15.9,17.1,59,61.9,155,148,96.5,86,7.1,5.4,2.35,3.82,1,1,0,0,0,0,1,1
2191,62,1,2,1,1,2,46,1,0,1,0,1,1,4,0,20.2,15.2,61.1,51.8,140,131.5,96.5,87.5,14.3,7.4,2.88,2.58,1,1,1,1,0,0,1,0
2192,62,1,2,1,1,2,70,0,0,1,0,1,1,2,0,29.2,22.4,51.6,39.4,160.5,153,86,91,12.4,7.3,4.44,4.07,0,0,0,0,0,0,1,1
2193,62,1,2,1,1,2,51,0,0,1,0,1,1,4,0,17.5,13.4,68,58.5,155.5,140,95,82.5,8.3,6.7,4.53,4.37,1,1,0,0,0,0,1,1
2194,62,1,2,1,1,2,64,0,0,1,0,1,1,2,0,15.8,11.1,37.2,26.4,137,130.5,78.5,75.5,11.3,5.9,2.25,1.56,0,0,0,0,0,0,1,1
2195,62,1,2,1,1,2,46,1,0,1,0,1,1,4,0,19.7,17,65.7,55.4,190,146,130,81.5,6.8,5.8,2.12,1.92,1,1,1,1,0,0,1,0
2196,62,1,2,1,1,2,62,0,0,1,0,1,1,3,0,16,15.7,39.1,40.9,141.5,131,93,86.5,4.8,5.4,3.01,4.18,0,0,0,0,0,0,1,1
2197,62,1,2,1,1,2,57,1,0,1,0,1,1,3,0,11,11.7,33.4,34.9,99,116.5,72,80.5,13.3,7.3,4.35,3.19,0,0,1,0,0,0,1,1
2198,62,1,2,1,1,2,48,1,0,1,0,1,1,4,0,10.1,25.6,41.3,70.3,137,152.5,99.5,97.5,6.2,6.8,2.8,3.92,1,1,1,0,0,0,1,1
2199,63,1,1,1,1,2,60,1,0,1,0,1,1,3,0,14.2,22.1,35.5,46.7,162.5,142.5,99.5,83,6.2,5.2,2.58,2.8,0,0,1,1,0,0,1,0
2200,63,1,1,1,1,2,55,0,0,1,0,1,1,3,0,23.8,10.6,73.5,41.5,174,134,112.5,95,10.9,5.7,6.26,4.26,0,0,0,0,0,0,1,1
2201,63,1,1,1,1,2,53,1,0,1,0,1,1,4,0,30.3,19.2,72.5,54.9,165,149.5,102.5,98,5.5,7.8,4.25,4.13,1,1,0,0,0,0,0,0
2202,63,1,1,1,1,2,63,1,0,1,0,1,1,2,0,19.8,13,48.2,32.6,169.5,129.5,107.5,86,5.8,5.9,3.8,2.94,0,0,0,0,0,0,1,0
2203,63,1,1,1,1,2,63,1,0,1,0,1,1,3,0,16.7,9.61,39.4,20,156,119.5,105.5,83,5.4,6.7,1.8,2.13,0,0,1,1,0,0,1,1
2204,63,1,1,1,1,2,62,0,0,1,0,1,1,2,1,17.9,13.9,48.6,37.5,163,144.5,74,81.5,12.5,6.8,2.33,2.06,0,0,0,0,0,0,1,0
2205,63,1,1,1,1,2,55,1,0,0,0,1,1,4,0,12.9,8.39,38.5,27,139.5,119.5,102,76.5,6.5,5,3.78,4.54,1,1,0,0,0,0,1,1
2206,63,1,1,1,1,2,52,0,0,1,0,1,1,3,0,17.3,4.23,64.7,23.4,163.5,115,101,74.5,19.1,8.8,6.72,3.81,0,0,0,0,0,0,1,1
2207,63,1,1,1,1,2,59,1,0,1,0,1,1,3,0,24.8,10.8,65.8,30.7,160.5,124.5,81.5,75.5,6.1,5.3,5.28,1.94,0,1,0,0,0,0,0,1
2208,63,1,1,1,1,2,51,1,0,1,0,1,1,3,0,17.3,8.04,56.3,33.1,160.5,129.5,93.5,79.5,6,5.2,4.53,3.41,0,0,0,0,0,0,1,0
2209,63,1,1,1,1,2,52,0,0,1,0,1,1,2,0,10.5,5.09,48.7,27.6,174.5,125,103,67.5,5.9,5.3,4.45,3.21,0,0,0,0,0,0,1,0
2210,63,1,1,1,1,2,46,1,0,0,0,1,1,4,0,24.7,13.3,74,53.9,161,141,112.5,91.5,5.8,5.6,5.88,4.69,1,1,1,1,0,0,1,0
2211,63,1,1,1,1,2,54,0,0,1,0,1,1,2,1,17.3,7.1,61.1,31.4,169,119.5,92.5,83,7.1,6.4,5.02,6.68,0,0,0,0,0,0,1,1
2212,63,1,1,1,1,2,47,1,0,1,0,1,1,4,0,16.9,7.02,56.8,37.3,140.5,130.5,106.5,103.5,6.6,5.3,3.24,3.13,1,1,1,1,0,0,1,1
2213,63,1,1,1,1,2,54,1,0,1,0,1,1,3,0,16.2,14.7,47.9,43.9,168.5,154,93.5,91.5,7.2,6.2,2.67,2.95,0,0,1,1,0,0,1,1
2214,63,1,1,1,1,2,50,1,0,1,0,1,1,4,0,21.5,,67.3,,170.5,,125,,6.3,,3.7,,1,,0,,0,,1,
2215,63,1,1,1,1,2,56,1,0,1,0,1,1,4,0,11.6,13.7,38.9,44,146.5,140,76,91,6.1,5.8,1.37,2.32,1,1,0,0,0,0,1,0
2216,63,1,1,1,1,2,50,0,0,1,0,0,1,4,0,13.4,8.77,60.1,46.9,146,138.5,95.5,95.5,7,7.2,5.1,2.37,1,1,0,0,0,0,1,1
2217,63,1,1,1,1,2,57,0,0,1,0,1,1,4,0,10.7,11.4,41,39.6,158.5,128.5,94.5,76.5,6.2,6,4.74,3.71,1,0,0,0,0,0,1,0
2218,63,1,1,1,1,2,52,1,0,1,0,1,1,4,0,20.1,11.1,57.3,38.6,160.5,126.5,99.5,84,11.9,6.8,1.81,2.87,1,1,0,0,0,0,0,0
2219,63,1,1,1,1,2,53,0,1,0,0,1,1,4,0,15.8,11.5,62,48.5,172.5,131,104,88.5,6.5,6.7,3.64,2.45,1,1,0,0,0,0,1,0
2220,63,1,1,1,1,2,56,1,0,1,0,1,1,3,0,19.3,8.67,53.6,25,166,119,101.5,77,5.6,6.3,2.45,1.41,0,0,1,1,0,0,1,1
2221,63,1,1,1,1,2,57,0,0,1,0,1,1,3,0,11.6,13.6,43.6,45.6,160.5,138.5,75.5,81,5.3,5.7,4.23,2.68,0,0,0,0,0,0,1,0
2222,63,1,1,1,1,2,69,0,0,1,0,1,1,2,1,10.9,9.23,19,14.8,151.5,137.5,98.5,101.5,4.9,5.2,4.36,4.74,0,0,0,0,0,0,1,1
2223,63,1,1,1,1,2,48,0,0,1,0,1,1,3,0,11.3,6.68,57.9,40.6,169,128,102.5,95,8.7,5.1,3.37,3.03,0,0,0,0,0,0,1,1
2224,63,1,1,1,1,2,55,1,0,1,0,1,1,4,0,19.4,4.61,54.1,16,167.5,108.5,105,75.5,9.7,5.2,2.03,2.28,1,1,0,0,0,0,1,1
2225,63,1,1,1,1,2,60,0,1,1,0,0,1,4,0,26.2,19.1,69,53.3,161.5,140,82.5,93.5,7.2,6.1,2.41,3.48,1,1,0,0,0,0,1,0
2226,63,1,1,1,1,2,54,0,0,1,0,1,1,4,0,11.5,11.1,48.6,45.7,160.5,130,100.5,88.5,6.3,6.1,3.39,3.46,1,1,0,0,0,0,1,1
2227,63,1,1,1,1,2,52,0,0,1,0,1,1,4,0,12.2,12.1,54,52.6,158.5,139,100.5,81.5,6.7,5.7,1.36,1.55,1,1,0,0,0,0,1,0
2228,63,1,1,1,1,2,62,1,0,1,0,1,1,2,0,25.3,24.1,61.7,57.5,178,163.5,105.5,97,8.9,6.3,3.01,3.07,0,0,1,1,0,0,1,1
2229,63,1,1,1,1,2,68,1,0,1,0,1,1,3,0,15.2,10.3,37.7,21.3,163.5,131,71.5,73.5,4.7,5.5,2.08,2.62,0,0,0,0,0,0,1,0
2230,63,1,1,1,1,2,55,0,0,1,0,1,1,4,0,15.4,11.3,57.9,43.6,166.5,130.5,98.5,84.5,6,6.3,2.19,3.26,1,1,0,0,0,0,1,1
2231,63,1,1,1,1,2,63,0,0,1,0,1,1,4,0,18.6,26.3,51.3,59.6,161,137.5,74,78,5.3,5.4,4.59,3.21,1,1,0,0,0,0,1,1
2232,63,1,1,1,1,2,56,1,0,1,0,1,1,4,0,12.1,14.1,43.5,45,146.5,142,99.5,90.5,6.4,6.3,2.99,2.81,1,1,0,0,0,0,1,1
2233,63,1,1,1,1,2,58,1,0,1,0,1,1,4,0,16.6,11.1,40.3,26.9,155,127.5,92.5,89.5,8.1,7.3,3.61,4.35,1,0,0,0,0,0,1,1
2234,63,1,1,1,1,2,59,0,0,1,0,1,1,4,0,16.8,12.8,47.9,37.5,137.5,125,98.5,81,8.8,6.4,3.02,3.93,1,1,0,0,0,0,1,1
2235,63,1,1,1,1,2,57,0,0,1,0,1,1,3,0,17.6,15.2,57,51,159,148,99.5,81.5,9.4,5.8,4.39,4.41,0,0,0,0,0,0,1,1
2236,63,1,1,1,1,2,56,0,0,1,0,1,1,4,0,19.3,8.15,63.1,31.6,156.5,118,98.5,77,6,6,2.41,2.13,1,1,0,0,0,0,1,1
2237,63,1,1,1,1,2,52,0,0,1,0,1,1,4,0,11.4,7.27,50.6,36.7,166,140.5,86.5,86.5,5.5,5.5,3.45,4.39,1,1,0,0,0,0,1,1
2238,64,2,2,1,1,2,62,0,1,1,0,1,1,3,0,17.7,19.8,46.5,52.1,146,155.5,79,79.5,10,8.4,3.4,3.68,0,0,0,0,0,0,1,1
2239,64,2,2,1,1,2,67,0,0,1,1,1,1,2,0,20.2,21.7,39.3,42.5,143,146.5,83.5,85.5,15.9,9.8,3.03,3.61,0,0,0,0,0,0,1,1
2240,64,2,2,1,1,2,70,0,0,1,0,1,1,2,0,25,18.9,43.1,30.7,150,138.5,78.5,72.5,7.3,5.2,4.6,4.09,0,0,0,0,0,0,1,0
2241,64,2,2,1,1,2,74,0,0,0,0,1,1,3,0,22.1,15.1,19.6,17.6,105.5,125,73.5,82,7.9,5.5,3.05,4.59,0,0,0,0,0,1,1,1
2242,64,2,2,1,1,2,61,1,0,1,0,1,1,3,0,21.8,26.3,56,69.3,139.5,170.5,84.5,99.5,7.2,4.2,3.82,3.77,0,0,1,1,0,0,1,1
2243,64,2,2,1,1,2,64,0,0,1,0,1,1,4,0,21,25.3,48.6,58.7,140,156.5,90,93,7.6,7.5,3.33,2.93,1,1,0,0,0,0,1,1
2244,64,2,2,1,1,2,61,1,0,1,0,1,1,4,0,15.9,24.4,42,60.4,142,163,99,104,10.6,5.4,2.88,3.73,1,1,1,1,0,0,1,1
2245,64,2,2,1,1,2,69,0,0,1,0,1,1,4,0,22.8,21.9,31.7,32,127.5,136,67.5,77.5,12.1,5.9,3.02,4.11,1,1,0,0,0,0,1,1
2246,64,2,2,1,1,2,66,1,1,1,1,1,1,4,0,12.3,11.7,31.2,29.6,142.5,145,89.5,80.5,5.4,5.3,2.93,3.05,1,0,0,0,0,0,1,1
2247,64,2,2,1,1,2,64,0,0,1,0,1,1,4,0,25.8,22.4,61.1,52.5,165.5,150,91,72,12.1,8.4,5.24,4.57,1,1,0,0,0,0,0,1
2248,64,2,2,1,1,2,75,1,0,0,1,1,1,2,0,14.7,20.1,13.9,13.5,129.5,134,85.5,85.5,7.5,5.2,2.4,3.29,0,0,0,0,1,0,1,1
2249,64,2,2,1,1,2,54,1,1,0,0,1,1,3,0,11.7,14.1,35.4,41.3,120.5,131,95,97.5,6.1,6.7,2.52,3.4,0,1,1,0,0,0,0,1
2250,64,2,2,1,1,2,52,1,0,0,0,1,1,4,0,12.3,7.21,40.6,27.7,130.5,121.5,93,86,6.9,6.3,2.37,2.07,1,1,0,0,1,0,1,1
2251,64,2,2,1,1,2,40,1,0,1,0,1,1,4,0,27.5,26.8,68.3,69.2,154,148.5,101,88.5,6.5,5.9,2.26,3.12,1,1,1,1,0,0,1,1
2252,64,2,2,1,1,2,54,0,0,1,0,1,1,4,0,11.3,11.1,46.7,45.6,133,136,87.5,83.5,10.7,7.1,2.82,4.13,1,1,0,0,0,0,1,1
2253,64,2,2,1,1,2,62,1,1,1,0,1,1,4,0,13.8,11.7,24.6,20.1,130.5,127,84,75.5,6.3,9.1,4.55,2.57,1,1,0,0,0,0,1,1
2254,64,2,2,1,1,2,52,1,0,0,0,1,1,2,1,15.3,7.03,49.8,31.3,148.5,144.5,96.5,93,5.9,6,2.84,5.36,0,0,0,0,0,0,0,0
2255,64,2,2,1,1,2,59,0,0,1,0,1,1,4,0,11.9,13.3,39.4,39.9,158,140,100.5,95.5,6.5,5.2,6.94,4.49,1,1,0,0,0,0,1,1
2256,64,2,2,1,1,2,49,1,0,1,0,1,1,4,0,23.5,19.4,66.8,59.9,165.5,155.5,110.5,109,7.6,6.9,2.19,2.77,1,1,0,0,0,0,1,1
2257,64,2,2,1,1,2,59,1,1,1,0,1,1,3,0,14,16.1,30.5,35.1,141,150.5,87,84.5,7.2,7.3,2.78,2.74,0,0,0,0,0,0,1,1
2258,64,2,2,1,1,2,49,1,0,1,0,1,1,4,0,10.3,7.71,40,35.3,135,145.5,92,102.5,6.5,5.7,1.64,1.75,1,1,1,1,0,0,1,1
2259,64,2,2,1,1,2,58,0,0,1,0,1,1,4,0,21.3,20,63,60.3,142,144,89.5,96.5,7.4,6.7,2.61,2.53,1,1,0,0,0,0,1,1
2260,64,2,2,1,1,2,51,1,0,1,1,1,1,3,0,18.9,10.2,59.3,39.5,159.5,139,102,87.5,5.7,8.1,3.89,3.2,0,0,1,1,0,0,1,1
2261,64,2,2,1,1,2,50,0,0,1,0,0,1,4,0,10.7,11.4,52.9,55.1,131.5,134,83.5,73.5,7.2,7.3,3.07,3.11,1,1,0,0,0,0,1,1
2262,64,2,2,1,1,2,35,1,1,0,0,1,1,4,0,12.9,43.9,60.6,86.1,152,149,103,103,8.6,4.8,3.26,4.76,1,1,1,1,0,0,0,1
2263,64,2,2,1,1,2,57,0,0,1,1,1,1,2,0,12.2,11.1,41.6,38.4,141.5,143,90,85,10.2,6.7,6.64,3.05,0,0,0,0,0,0,1,1
2264,64,2,2,1,1,2,52,0,0,1,0,1,1,4,0,14.1,13.2,57.7,55.3,142.5,155,92,88.5,17,10.1,1.93,2.94,1,1,0,0,0,0,1,1
2265,64,2,2,1,1,2,63,1,1,0,0,1,1,3,0,15,22.4,42.7,48.3,161,154,99,95.5,5.6,5.7,3.69,5.49,0,0,1,0,0,0,0,1
2266,64,2,2,1,1,2,62,0,0,0,0,1,1,3,0,20.2,13.8,49.7,33.2,161,129,99,90,6.5,6.7,3.09,4.63,0,0,0,0,0,1,0,1
2267,64,2,2,1,1,2,50,0,0,1,0,1,1,4,0,13.3,10.9,60.6,52.8,140,137,93,94,19.1,9.5,2.75,2.91,1,1,0,0,0,0,1,1
2268,64,2,2,1,1,2,52,0,0,1,0,1,1,4,0,13.8,12.5,58.3,53.6,156.5,161,97,93,7.7,7.3,6.12,5.95,1,0,0,0,0,0,1,1
2269,64,2,2,1,1,2,72,1,0,0,0,1,1,3,0,15.6,24.8,16.6,25.2,144.5,151,79,77.5,6.8,5.9,1.64,2.07,0,0,0,0,0,1,1,1
2270,64,2,2,1,1,2,48,1,0,0,0,1,1,3,0,11.9,14.1,49.4,53.7,148.5,159,100,106.5,6.7,5,4.6,4.05,0,0,1,1,0,0,1,1
2271,64,2,2,1,1,2,55,0,0,1,0,1,1,3,0,17.6,19.3,60.6,64.4,150.5,161,97,98,9,6.3,3.85,3.69,0,0,0,0,0,0,1,1
2272,64,2,2,1,1,2,59,0,0,1,0,1,1,4,0,18.6,14.7,54.7,43.2,145,137,77.5,77.5,7.3,6.8,2.13,3.32,1,1,0,0,0,0,1,1
2273,64,2,2,1,1,2,59,0,0,1,1,0,1,3,0,11,12.6,38.2,37.5,152,133,95.5,79,6.1,4.7,2.59,2.53,0,0,0,0,0,0,0,1
2274,65,2,2,2,1,2,59,1,0,1,0,1,1,3,0,27.8,39.1,62.8,74.4,175,175.5,113,109.5,4.8,5.8,3.26,4.22,0,0,0,0,0,0,1,1
2275,65,2,2,2,1,2,70,1,0,0,1,0,1,2,0,18,25.9,23.3,40.8,156.5,161,75.5,85.5,6.3,6.6,2.11,3.6,0,0,1,1,0,0,1,1
2276,65,2,2,2,1,2,68,1,0,1,1,1,1,3,0,27.5,26.9,45.6,43.4,179,152.5,103,89,6.4,5.3,4.54,3.82,0,0,1,1,0,0,1,1
2277,65,2,2,2,1,2,59,0,0,1,1,1,1,3,0,15.1,11.5,44.6,34.2,142.5,128,91.5,76,8.1,6.7,2.71,2.17,0,0,0,0,0,0,1,0
2278,65,2,2,2,1,2,59,1,1,1,1,1,1,3,0,16.4,19,44.1,45.1,170.5,159,95.5,73,6.3,6,2.18,2.61,0,0,0,0,0,0,1,0
2279,65,2,2,2,1,2,60,0,0,1,1,1,1,3,0,12,19.4,40.1,53.4,163,169,98.5,100.5,6.6,7,3.5,4,0,0,0,0,0,0,1,1
2280,65,2,2,2,1,2,51,1,0,1,1,1,1,3,0,12,24.7,45.1,63.8,168.5,160.5,115.5,114,6,4.8,2.18,1.73,0,0,0,0,0,0,1,1
2281,65,2,2,2,1,2,58,0,0,1,0,1,1,4,0,13.6,11.8,47.9,38.1,153,109.5,80.5,63.5,6.2,6.2,5.9,5.51,1,1,0,0,0,0,1,0
2282,65,2,2,2,1,2,53,1,0,1,1,1,1,4,0,35.1,32.6,77.8,74.6,175,160,100.5,95.5,8.3,7.2,4.37,4.64,1,0,0,0,0,0,1,1
2283,65,2,2,2,1,2,62,0,0,1,0,1,1,4,0,20.7,31.1,58.9,74.7,169.5,174.5,111,100.5,6,5.9,2.39,5.39,1,1,0,0,0,0,1,1
2284,65,2,2,2,1,2,67,1,0,1,1,1,1,3,0,21.5,19.6,32.8,29.1,157.5,154,77,77,9.7,7.5,2.9,2.34,0,0,1,1,0,0,1,1
2285,65,2,2,2,1,2,56,1,0,1,0,1,1,3,0,15,8.71,45.3,28.9,163.5,150,118,87.5,4.7,5.7,3.04,1.71,0,0,1,1,0,0,1,1
2286,65,2,2,2,1,2,53,1,0,1,0,1,1,3,0,12.9,11.4,42.9,37,160,126.5,86.5,90.5,4.8,6.2,1.61,4,0,0,0,0,0,0,1,1
2287,65,2,2,2,1,2,58,1,0,1,0,1,1,3,1,14.1,15.3,38.4,36.4,164,137.5,88.5,90,5.6,5.2,1.28,2.75,0,0,0,0,0,0,1,1
2288,65,2,2,2,1,2,57,0,0,1,0,1,1,4,0,25.2,17.2,72.8,55.9,180,149,104.5,84,7.4,9.6,1.06,5.47,1,0,0,0,0,0,1,0
2289,65,2,2,2,1,2,55,0,0,1,0,1,1,4,0,13.2,13.5,49.7,50.9,150,158,88.5,96.5,6.7,7.69,8.52,9,1,1,0,0,0,0,1,1
2290,65,2,2,2,1,2,55,1,0,1,0,1,1,3,0,14.7,7.35,42.6,23.6,150,115.5,82.5,77.5,12.7,9,1.79,3.18,0,0,1,1,0,0,1,1
2291,65,2,2,2,1,2,50,1,0,1,0,1,1,3,0,16.3,12.1,50.8,43.4,167.5,138,95.5,93.5,18.5,14,1.21,3.11,0,0,0,0,0,0,1,1
2292,65,2,2,2,1,2,50,1,1,1,0,1,1,2,1,17.4,15.8,55.6,53.1,159,152,88.5,93.5,8.7,7,1.59,2.2,0,0,1,1,0,0,1,0
2293,65,2,2,2,1,2,59,1,0,1,0,1,1,4,0,11.6,19.9,28,43.2,159.5,149.5,97.5,85.5,7.7,7.4,1.07,4.04,1,0,0,0,0,0,1,1
2294,65,2,2,2,1,2,56,1,0,1,0,1,1,1,1,10.9,9.25,32.8,25.7,160.5,151.5,85.5,78.5,5.2,5.5,2.57,0.83,0,0,0,0,0,0,1,0
2295,65,2,2,2,1,2,49,0,0,1,0,1,1,4,0,15.2,13.4,67.9,62.6,168.5,167.5,87,93,7,5.7,2.16,6.64,1,1,0,0,0,0,1,1
2296,65,2,2,2,1,2,50,1,0,1,0,1,1,2,1,11,9.25,42,37.2,148.5,144,96,88,6.6,5.3,2.33,1.79,0,0,0,0,0,0,1,1
2297,65,2,2,2,1,2,39,1,0,1,0,1,1,4,0,10.2,,56.9,,155,,101.5,,5.6,,4.11,,1,,0,,0,,1,
2298,65,2,2,2,1,2,48,0,0,1,0,1,1,4,0,10.1,2.72,55.1,23.1,157,103,114,70.5,13.8,11.3,1.51,3.02,1,0,0,0,0,0,1,1
2299,65,2,2,2,1,2,71,1,0,1,1,0,1,3,0,20.7,35.7,24.5,37.6,157.5,159,120.5,91,6.2,5.1,3.53,3.6,0,0,1,1,0,0,1,1
2300,65,2,2,2,1,2,47,1,0,1,0,1,1,4,0,14.1,15.7,57.1,59.3,163,155.5,104.5,106,6.3,6.1,3.95,2.94,1,1,1,1,0,0,1,0
2301,65,2,2,2,1,2,49,1,0,1,0,1,1,3,0,18.7,12,58.3,44.4,161,145.5,86.5,90.5,5.3,6,4.04,3.8,0,0,0,1,0,0,1,1
2302,65,2,2,2,1,2,70,0,0,0,0,1,1,3,0,30.3,28.9,59.2,56.2,186.5,183.5,106,85.5,10,7.4,2.68,2.75,0,0,0,0,0,0,1,0
2303,65,2,2,2,1,2,64,1,1,1,0,1,1,3,0,19.8,16.5,36.1,27.3,160.5,136.5,93,81,8.5,8.3,1.61,3.07,0,0,1,1,0,0,1,0
2304,65,2,2,2,1,2,56,0,0,1,0,1,1,4,0,13.5,8.54,47.5,32.5,146,112,83.5,66.5,7.4,5.9,4.81,3.14,1,0,0,0,0,0,1,1
2305,65,2,2,2,1,2,68,0,0,0,0,1,1,4,0,20.6,33.8,38.5,64.5,160,171,110.5,92.5,6.6,7.9,4.66,3.83,1,1,0,0,1,1,1,1
2306,65,2,2,2,1,2,59,0,0,1,0,1,1,4,0,17,24.2,55.4,66.3,163.5,148.5,89,89.5,6.9,6.3,4.43,3.81,1,1,0,0,0,0,1,1
2307,65,2,2,2,1,2,73,0,0,1,0,0,1,4,0,36.9,28,57.3,36.1,172,135.5,101.5,86.5,7.9,6.3,2.49,1.89,1,1,0,0,0,0,1,0
2308,65,2,2,2,1,2,49,0,0,1,0,1,1,4,0,21.4,10.4,76.6,53.3,180.5,139,94.5,84,5.8,5.3,3.39,3.13,1,1,0,0,0,0,1,1
2309,65,2,2,2,1,2,60,0,1,1,0,1,1,3,0,18.9,19.6,53.7,56.9,150.5,160.5,96.5,100,10.2,11.2,1.42,3,0,0,0,0,0,0,1,1
2310,65,2,2,2,1,2,58,0,0,1,0,1,1,4,0,32.7,20.2,82.5,60.7,180.5,148.5,81.5,81.5,9.2,5.2,3.06,2.73,1,0,0,0,0,0,1,1
2311,65,2,2,2,1,2,67,0,0,1,0,0,1,3,0,15.6,19,37.8,37.8,170,145.5,88.5,86.5,5.9,7,2.89,2.51,0,0,0,0,0,0,1,1
2312,65,2,2,2,1,2,50,1,0,1,0,1,1,4,0,10.7,7.99,40.1,32.9,143.5,132.5,69,79,5.9,6.5,1.72,2.11,1,1,1,1,0,0,1,1
2313,65,2,2,2,1,2,56,1,1,1,0,1,1,3,0,10.7,17.8,33.7,47.6,147,157,78,85,6.3,6.6,3.22,3.74,0,1,1,1,0,0,1,1
2314,65,2,2,2,1,2,68,0,0,1,1,0,1,4,0,39.9,30.3,75.7,61,183.5,175.5,95.5,92.5,8.4,7.6,5.67,2.71,1,0,0,0,0,0,1,0
2315,66,1,1,2,2,2,68,0,0,1,1,1,1,3,0,13.5,11.6,31,21.5,164.5,152.5,75.5,75,5.3,5.2,1.69,1.63,0,0,0,0,0,0,1,1
2316,66,1,1,2,2,2,68,0,0,1,0,1,1,4,0,16.6,24.9,29.8,41.2,147.5,148.5,94,92.5,5.9,5.7,3.11,4.29,1,1,0,0,0,0,1,1
2317,66,1,1,2,2,2,59,1,0,1,1,1,1,2,0,39.4,18.2,75.6,41.3,176,144,117.5,82.5,13,5.4,4.89,3.71,0,0,0,0,0,0,1,0
2318,66,1,1,2,2,2,68,1,0,1,0,1,1,4,0,38.7,25.3,67.2,37.5,177.5,137.5,118,85.5,14.4,7.9,3.73,3.8,1,0,1,1,0,0,1,0
2319,66,1,1,2,2,2,66,1,0,1,1,1,1,3,0,23.5,23.9,42.6,34.1,170,147,130,78,5.8,5.2,3.71,3.5,0,0,1,1,0,0,1,0
2320,66,1,1,2,2,2,65,0,0,1,0,1,1,4,0,19.3,16.9,52.8,38.4,191.5,139,98.5,80,5.3,5.5,5.19,7.25,1,1,0,0,0,0,1,1
2321,66,1,1,2,2,2,55,0,0,1,0,1,1,3,0,20.9,15.9,67.6,56.6,164,146,106,94,8,7,5.6,5.08,0,0,0,0,0,0,1,0
2322,66,1,1,2,2,2,66,1,0,1,0,1,1,4,0,36.4,27.2,63.6,43.5,179,150,99.5,84.5,6.4,5.9,4.51,4.53,1,1,0,0,0,0,1,0
2323,66,1,1,2,2,2,66,1,0,1,0,1,1,3,0,19.3,25.4,38.4,39.8,169,153,104.5,95,4.7,5,2.83,3.25,0,0,0,0,0,0,1,1
2324,66,1,1,2,2,2,62,0,0,1,1,1,1,4,0,37.1,18.4,84.3,48,211.5,147,112.5,79,9.4,7.8,3.86,3.54,1,0,0,0,0,0,1,1
2325,66,1,1,2,2,2,65,1,0,1,1,1,1,3,0,11.8,20.3,23.9,36.9,167.5,142.5,88.5,91,6.1,5,0.85,3.02,0,0,0,1,0,0,1,1
2326,66,1,1,2,2,2,60,0,0,1,1,1,1,4,0,36.3,24.2,84.5,65,187.5,157,129,92.5,9.7,11.5,3.51,3.01,1,1,0,0,0,0,1,1
2327,66,1,1,2,2,2,57,0,0,1,1,1,1,3,0,14.6,8.07,48,28.3,150,124,99,80,26.1,8.4,4.28,2.28,0,0,0,0,0,0,1,1
2328,66,1,1,2,2,2,61,0,0,1,1,1,1,4,0,25,21.5,64.3,56.9,153.5,144,92.5,86,19,6,3.6,5.51,1,1,0,0,0,0,1,0
2329,66,1,1,2,2,2,64,1,0,1,1,1,1,4,0,23.4,39.6,60,79.1,173.5,148.5,103.5,88.5,4.7,5.3,4,9.43,1,0,1,1,0,0,1,0
2330,66,1,1,2,2,2,53,0,0,1,0,1,1,4,0,10.2,10.2,46.2,44.6,151.5,129,96,80.5,4.6,5.7,4.16,3.29,1,1,0,0,0,0,1,1
2331,66,1,1,2,2,2,55,1,1,1,0,1,1,3,0,21,10.7,62.4,35.1,167.5,129.5,112.5,85,6.5,4.8,2.78,1.98,0,1,0,0,0,0,1,1
2332,66,1,1,2,2,2,60,0,0,1,0,1,1,4,0,27.2,10.3,68.9,30,173.5,115.5,107,72.5,9.9,5.6,3.45,3,1,1,0,0,0,0,1,0
2333,66,1,1,2,2,2,41,0,0,1,0,1,1,3,0,12.5,5.41,68.8,44.8,167.5,142,95.5,90,7.3,6.3,1.86,3.76,0,0,0,0,0,0,1,1
2334,66,1,1,2,2,2,43,0,0,1,0,1,1,4,0,32.5,8.07,91.3,53.9,208,149,119,90,13.8,8.9,1.99,1.96,1,1,0,0,0,0,1,1
2335,66,1,1,2,2,2,50,0,0,1,0,1,1,4,0,13.1,14,60.3,61.6,166.5,149,103.5,90,5.8,5.2,4.2,4.11,1,1,0,0,0,0,1,0
2336,66,1,1,2,2,2,53,1,0,1,0,1,1,3,0,30,12.1,74.1,40,180.5,138.5,112.5,87,6.2,4.7,4.48,3.74,0,0,1,1,0,0,1,0
2337,66,1,1,2,2,2,67,1,0,0,0,1,1,4,0,37.6,16.8,61.3,25.2,174,140.5,101,74.5,5.6,5.3,5.7,3.25,1,1,0,0,0,0,1,0
2338,66,1,1,2,2,2,54,1,0,1,0,1,1,4,0,16,11.7,48.9,38,162.5,144,105.5,84.5,9.2,7.4,4.9,4.05,1,1,0,0,0,0,1,1
2339,66,1,1,2,2,2,52,1,0,1,0,1,1,4,0,18.4,15.9,57.1,48.8,181,157.5,135,88,6.7,5.2,3.14,2.53,1,1,0,0,0,0,1,0
2340,66,1,1,2,2,2,44,1,1,0,0,1,1,3,0,11.8,6.66,55.2,39,168,142.5,116.5,96,6.3,5.3,4.38,3.63,0,0,1,1,0,0,1,1
2341,66,1,1,2,2,2,57,1,0,1,0,1,1,3,0,24.4,14.8,62.8,41.1,189.5,139,117.5,92.5,6,4.8,1.77,4.12,0,0,0,0,0,0,1,0
2342,66,1,1,2,2,2,52,0,0,1,0,1,1,4,0,13,6.78,55.3,33.9,181,136,115.5,92,5.7,5.1,3.98,2.07,1,0,0,0,0,0,1,0
2343,66,1,1,2,2,2,60,1,0,1,0,1,1,4,0,34.8,18.5,71.5,40.1,177.5,136.5,117,74,7.2,7,5.94,5.61,1,1,0,0,0,0,1,0
2344,66,1,1,2,2,2,44,1,0,1,0,1,1,4,0,27.5,14,76.7,54.6,169.5,140.5,120.5,89.5,6.2,6.1,5.19,3.06,1,1,0,1,0,0,1,1
2345,66,1,1,2,2,2,55,0,0,1,0,1,1,4,0,14.7,8.04,55.7,34.8,187.5,143,106.5,94.5,5.7,5.3,3.48,3.68,1,0,0,0,0,0,1,0
2346,66,1,1,2,2,2,57,0,0,1,0,1,1,3,0,10.9,13.1,41,44.5,172.5,149.5,118,93.5,5.5,5.4,4.73,3.94,0,0,0,0,0,0,1,1
2347,66,1,1,2,2,2,53,0,0,1,0,1,1,3,0,17.8,10.2,63.6,43.7,171.5,135.5,108.5,90,7.8,7.8,2.68,3.88,0,0,0,0,0,0,1,0
2348,66,1,1,2,2,2,57,0,0,1,0,1,1,3,0,13.1,11.3,48.3,39.5,168.5,127,100,84.5,5.1,4.9,4.66,3.14,0,0,0,0,0,0,1,1
2349,66,1,1,2,2,2,57,1,0,1,0,1,1,4,0,19.2,11.4,48.6,31.1,160,146,101.5,95.5,7.8,5.8,4.48,2.02,1,1,1,1,0,0,1,1
2350,66,1,1,2,2,2,52,1,0,1,0,1,1,4,0,11.5,10.6,44.3,39.2,168.5,138,113,89.5,4.3,6.5,3.68,3.63,1,1,0,0,0,0,1,1
2351,66,1,1,2,2,2,58,0,0,0,1,1,1,3,0,12.5,10.4,41.8,34.7,140.5,119.5,90,80.5,6,7.2,3.77,3.76,0,0,0,0,0,0,1,1
2352,66,1,1,2,2,2,55,0,0,1,0,1,1,4,0,21.6,8.55,68.7,34.5,162.5,114.5,108.5,63,7.3,7,2.52,1.71,1,0,0,0,0,0,1,1
2353,66,1,1,2,2,2,56,0,0,1,1,1,1,4,0,11.2,11.6,44.1,42.3,167.5,143.5,117.5,95.5,5.3,5.3,2.8,2.55,1,0,0,0,1,0,1,1
2354,66,1,1,2,2,2,56,0,0,1,0,1,1,3,0,18.5,9.2,60.8,34.4,178.5,146.5,90,90.5,11.7,7.9,2.74,1.71,0,0,0,0,0,0,1,1
2355,66,1,1,2,2,2,64,0,0,1,0,1,1,4,0,32.5,16.5,68.4,36,178.5,117,99.5,79.5,5.9,6,2.97,3.47,1,1,0,0,0,0,1,1
2356,66,1,1,2,2,2,50,1,0,1,0,1,1,4,0,19.8,9.85,62.9,44.1,152.5,139.5,96,90,5.7,5.2,3.55,4.86,1,1,1,1,0,0,1,0
2357,66,1,1,2,2,2,52,0,0,1,1,1,1,4,0,10.3,11.4,49.9,51,158,152.5,111,92.5,5.6,5.6,3.91,4.18,1,1,0,0,0,0,1,0
2358,66,1,1,2,2,2,59,0,0,1,0,1,1,2,0,18.7,9.81,60,31.1,177,126,109,85,6.3,5.8,3.39,2.79,0,0,0,0,0,0,1,0
2359,66,1,1,2,2,2,57,1,0,1,0,1,1,4,0,10.4,21.6,31,50.6,148,141,103,91,5.7,7.2,2.72,3.9,1,0,0,0,0,0,1,0
2360,67,2,1,1,1,2,64,1,1,1,0,1,1,2,0,15.6,9.93,42.6,26,160,136.5,89,78,5.7,5.8,3.52,3.4,0,0,0,0,0,0,1,1
2361,67,2,1,1,1,2,64,0,0,1,1,1,1,4,0,12.2,16.8,33.5,38.4,153,131,92.5,79.5,5.8,5.2,3.39,2,1,0,0,0,0,0,1,1
2362,67,2,1,1,1,2,64,0,0,1,1,1,1,4,0,15.2,25.4,42.7,60.4,163.5,161,100.5,97,6.5,6.7,2.1,2.2,1,1,0,0,0,0,1,1
2363,67,2,1,1,1,2,62,0,0,1,1,1,1,2,1,11.7,10.8,33.1,30.7,148,149.5,82,85,6.4,7.2,3.59,2.92,0,0,0,0,0,0,1,1
2364,67,2,1,1,1,2,62,0,0,1,0,1,1,3,1,12,18.2,37.3,47.9,166.5,147,92,85.5,5.9,5.7,5.38,5.97,0,0,0,0,0,0,1,1
2365,67,2,1,1,1,2,66,1,1,1,0,1,1,3,0,13.7,9.26,37.2,22.4,141,118.5,93,87,5.8,6.7,2.73,2.28,0,0,1,1,0,0,1,1
2366,67,2,1,1,1,2,65,1,0,1,0,1,1,4,0,23.9,18.6,59.4,46.5,159,145.5,88.5,88,7.5,7.2,2.75,2.42,1,0,1,1,0,0,1,1
2367,67,2,1,1,1,2,51,1,0,1,1,1,1,4,0,20.4,14.3,60.7,49.5,161.5,157.5,100.5,99,6,6.2,2.22,1.54,1,0,1,0,0,0,1,1
2368,67,2,1,1,1,2,70,1,1,0,1,1,1,4,0,26.8,27.7,36.1,35.2,163,159,82.5,77,5.6,6.7,2.27,2.49,1,1,0,0,0,0,1,1
2369,67,2,1,1,1,2,65,1,0,1,0,1,1,3,0,37.5,20.5,64.8,32.9,156,122,111.5,94,6.9,6.4,6.57,3.9,0,0,1,1,0,0,1,1
2370,67,2,1,1,1,2,49,1,0,1,0,1,1,4,0,11.7,7.27,49.7,36.4,159,138,113,99,10.2,10.8,4.02,4.19,1,1,0,0,0,0,1,1
2371,67,2,1,1,1,2,50,1,1,1,0,1,1,3,0,35.2,10.8,78.5,38.1,162.5,127,91,82,7.3,5.4,4.25,3.08,0,0,1,1,0,0,1,1
2372,67,2,1,1,1,2,57,1,0,1,0,1,1,4,0,22.2,11.5,55,30.8,163.5,136.5,91.5,87.5,14.8,6.6,1.57,1.68,1,1,1,0,0,0,1,1
2373,67,2,1,1,1,2,39,1,0,1,0,1,1,3,0,13.7,4.5,62.6,43.5,153.5,149.5,105.5,95.5,11.8,10.8,2.9,4.31,0,1,0,0,0,0,1,1
2374,67,2,1,1,1,2,59,1,0,0,0,1,1,3,0,21.6,16.5,47.8,37.2,159.5,142.5,104,100,11.6,7.3,1.65,2.03,0,0,0,0,0,0,1,1
2375,67,2,1,1,1,2,52,0,0,1,0,1,1,4,0,10.1,7.18,46.2,36.2,162,140.5,105,89,5,5.3,3.92,2.88,1,1,0,0,0,0,1,1
2376,67,2,1,1,1,2,52,1,0,1,0,1,1,4,0,13.3,15,47.3,49.5,155.5,151,117.5,103.5,5.2,7.5,2.67,3.48,1,1,0,0,0,0,1,1
2377,67,2,1,1,1,2,42,1,0,0,0,1,1,4,0,10.8,5.63,51.8,36.4,153,125,98,90.5,6,5.5,4.23,4.38,1,1,1,1,0,0,1,1
2378,67,2,1,1,1,2,42,1,0,1,0,1,1,4,0,10.6,13.1,56.7,62.5,161.5,157.5,113,96.5,5.8,7.4,6.03,4.91,1,1,1,1,0,0,1,1
2379,67,2,1,1,1,2,54,0,0,1,0,1,1,3,0,10.4,10.5,44.8,44.7,171,156.5,105,104,4.4,5.2,4.95,3.29,0,0,0,0,0,0,1,1
2380,67,2,1,1,1,2,57,0,0,1,0,1,1,3,0,13.1,7.66,48.1,29.9,174,134.5,110.5,73.5,5.2,6.4,4.55,3.43,0,0,0,0,0,0,1,0
2381,67,2,1,1,1,2,46,0,0,1,0,0,1,3,1,15,12.1,66.3,59.7,178.5,168,128,120.5,7.1,3.9,5.01,2.27,0,0,0,0,0,0,1,1
2382,67,2,1,1,1,2,60,1,1,1,0,1,1,4,0,12.3,12.6,34,30,147,128.5,87.5,84,5.4,8,1.56,1.6,1,1,1,1,0,0,1,1
2383,67,2,1,1,1,2,59,1,0,1,0,1,1,4,0,26.3,25,70.5,68,180.5,176,103.5,104,8,6,1.66,1.88,1,1,1,1,0,0,1,0
2384,67,2,1,1,1,2,64,0,0,1,0,1,1,4,0,15.5,20.1,42.9,48.4,162,147.5,90.5,87,5.3,5.2,3.06,3.42,1,0,0,0,0,0,1,1
2385,67,2,1,1,1,2,60,1,0,1,0,1,1,4,0,25.9,27.9,71.7,75.7,165.5,171,101.5,97,5.9,5.6,4.6,5.51,1,1,1,1,0,0,1,1
2386,67,2,1,1,1,2,49,0,0,1,0,1,1,4,0,15.2,8.32,67.2,47.8,148.5,141.5,102.5,88,8.7,6.6,3.3,2.36,1,1,0,0,0,0,1,1
2387,67,2,1,1,1,2,56,0,0,1,0,1,1,4,0,17.8,13.3,59.2,47.6,154,130,100.5,93,8.4,8,4.33,4.42,1,1,0,0,0,0,1,1
2388,67,2,1,1,1,2,64,0,0,1,0,1,1,4,0,12.3,30.6,33.2,70,146.5,174.5,74,83,6.6,5.9,3.78,3.1,1,1,0,0,0,0,1,1
2389,67,2,1,1,1,2,59,0,0,1,0,1,1,3,0,19.8,14.4,58.5,44.5,168,144.5,90.5,85.5,7.2,8,6.65,4.08,0,0,0,0,0,0,1,1
2390,67,2,1,1,1,2,68,0,0,1,0,1,1,3,0,27.4,25.9,54.9,44.6,168.5,161.5,97.5,94,9.9,6.9,5.32,2.86,0,0,0,0,0,0,0,1
2391,67,2,1,1,1,2,47,1,0,1,0,1,1,4,0,17.2,6.66,54.8,32.7,165.5,122,82,89,7.1,8.1,1.1,2.26,1,1,0,0,0,0,1,1
2392,67,2,1,1,1,2,56,1,1,1,0,1,1,4,0,27.5,5.13,71.4,18.3,162,106,95.5,69,12,6.8,2.66,1.46,1,1,1,0,0,0,1,1
2393,67,2,1,1,1,2,60,0,0,1,0,1,1,3,1,10.3,9.78,35.7,33.4,165,150.5,85,81,5.9,6,4.81,4.85,0,0,0,0,0,0,1,1
2394,67,2,1,1,1,2,68,1,1,0,0,1,1,3,0,18.4,20,32,31.5,147.5,120.5,90.5,75.5,6.4,7.2,4.87,3.91,0,0,0,0,0,0,0,1
2395,67,2,1,1,1,2,65,1,0,1,0,1,1,2,1,18.1,21.2,34.2,40.3,162.5,165.5,93.5,119.5,5.9,6.3,1.22,2.63,0,0,0,0,0,0,1,1
2396,68,1,1,1,1,1,65,0,1,0,0,1,1,4,0,11.2,11.9,23.5,27.6,130.5,127.5,77.5,80,6.1,6.1,4.71,2.31,1,1,0,0,0,0,0,0
2397,68,1,1,1,1,1,51,1,1,0,0,1,1,3,0,27.6,11.2,72.7,39.1,166,129,111,79,5.7,5.5,3.87,2.63,0,0,1,0,0,0,0,0
2398,68,1,1,1,1,1,66,1,1,0,0,1,1,3,0,13.6,8.37,23.8,13.9,143.5,129,79.5,69,6.4,5.5,1.59,1.61,0,1,0,0,1,0,0,0
2399,68,1,1,1,1,1,53,1,1,0,0,1,1,3,0,12.9,21,40.5,58.4,134,142,86.5,90.5,9.4,11.3,2.73,7.18,0,0,0,0,0,0,0,0
2400,68,1,1,1,1,1,58,0,1,0,0,1,1,3,0,10.5,8.47,34.8,31.2,111,127,81,79,7.6,6,3.98,2.35,0,1,0,0,0,1,1,1
2401,68,1,1,1,1,1,60,0,0,0,0,1,1,4,0,13.3,8.3,42.9,27,148.5,124,99.5,76,5.2,5.5,2.82,3.12,1,1,0,0,0,0,0,0
2402,68,1,1,1,1,1,71,0,0,0,1,1,1,3,0,16.8,13.3,26,21.8,157.5,135,89,81,5.4,5,2.83,2.76,0,0,0,0,0,0,1,1
2403,68,1,1,1,1,1,56,1,1,0,0,1,1,4,0,20.1,5.54,55.9,18.4,165.5,122.5,107.5,79,5.9,5.6,2.16,1.66,1,1,0,0,0,0,0,0
2404,68,1,1,1,1,1,73,1,0,0,0,1,1,3,0,17.4,8.88,29.3,12.2,154.5,129,96,79,5.6,5.8,2.69,2.55,0,0,0,0,1,0,1,0
2405,68,1,1,1,1,1,68,1,0,0,0,1,1,4,0,10.9,8.77,19.3,12.8,136.5,112.5,90,82.5,6.3,5.9,2.36,3.64,1,1,0,0,1,0,0,0
2406,68,1,1,1,1,1,64,0,0,0,0,1,1,3,0,10.6,9.6,26.5,23.8,127.5,123.5,78,78,6.3,5.7,3.87,2.8,0,0,0,0,0,1,0,0
2407,68,1,1,1,1,1,64,0,1,0,0,1,1,4,0,19.9,10,44.7,25.1,131,123.5,79,74.5,9,5.7,1.49,2.18,1,1,0,0,0,0,1,0
2408,68,1,1,1,1,1,53,0,1,0,0,1,1,3,0,10.4,5.07,46.1,25.9,157.5,123.5,102.5,75,5.3,5.7,3.99,3.6,0,0,0,0,0,0,0,0
2409,68,1,1,1,1,1,75,1,0,0,0,1,1,4,0,23.8,23.6,7.74,8.61,119,127,79,78,18.1,6,2.96,2.83,1,1,0,0,0,0,0,0
2410,68,1,1,1,1,1,72,0,1,0,0,0,1,2,0,20.2,12.7,37.5,17.3,170.5,124,94.5,78.5,5.9,5.4,2.63,3.59,0,0,0,0,0,0,0,0
2411,68,1,1,1,1,1,56,0,1,0,0,1,1,2,0,10.9,9.55,40.1,35.9,132,128,74,79,6.8,5.2,2.87,3.7,0,0,0,0,0,0,0,0
2412,68,1,1,1,1,1,73,1,0,0,0,1,1,2,0,26.6,16.4,20.6,12,159,124,95.5,78.5,5.7,5.6,3.52,3,0,0,0,0,0,0,0,0
2413,68,1,1,1,1,1,72,0,0,1,0,1,1,3,0,13.9,11.9,25,17,158.5,129,85,79,6.2,5,2.4,1.76,0,0,0,0,0,0,1,0
2414,68,1,1,1,1,1,52,1,0,0,0,1,1,3,1,14.7,6.61,46.8,25.5,157.5,129,87.5,79,6.4,5.2,3.6,1.89,0,0,1,0,0,0,1,1
2415,68,1,1,1,1,1,59,0,0,0,0,1,1,4,0,10.7,7.87,35.5,27.9,149,132.5,97,81,6.2,5.8,2.46,1.53,1,0,0,0,0,0,0,0
2416,68,1,1,1,1,1,44,1,1,0,0,1,1,4,0,22.2,5.71,66.2,32,157,128,101,83,8.5,6.1,1.85,2.42,1,1,1,1,0,0,1,1
2417,68,1,1,1,1,1,45,1,1,0,0,1,1,4,0,12.2,10.1,53.5,39.8,136.5,129,87,79,27.4,6,3.15,2.55,1,1,1,1,0,0,1,0
2418,68,1,1,1,1,1,66,0,1,0,0,1,1,4,0,11.9,14.1,25,26.5,149,116,90.5,70.5,6,5.8,3,2.72,1,1,0,0,0,1,0,0
2419,68,1,1,1,1,1,63,0,0,0,0,0,1,4,0,15.8,9.69,41.9,25.8,168.5,123,93.5,79,5.3,5.5,4.43,3.02,1,1,0,0,1,0,1,0
2420,68,1,1,1,1,1,60,1,1,0,0,1,1,3,0,10.8,6.76,33.7,21.6,142.5,127.5,84.5,76.5,6.9,5,3.06,2.91,0,0,1,1,0,0,0,0
2421,68,1,1,1,1,1,54,0,1,0,0,1,1,4,0,10.9,5.54,46.2,26.8,155.5,128,97.5,77,4.9,5.2,3.77,2.4,1,1,0,0,0,0,0,0
2422,68,1,1,1,1,1,63,1,1,0,0,1,1,3,0,15.4,8.84,35.7,18,145.5,129,77,77,6.2,5.2,3.64,2.78,0,0,1,0,0,0,0,0
2423,68,1,1,1,1,1,45,1,1,0,0,1,1,2,0,17,3.26,64.4,22.2,157,127,96.5,77,6.4,5.3,5.74,2.27,0,0,0,0,0,0,0,0
2424,68,1,1,1,1,1,52,0,1,0,0,1,1,4,0,10.3,3.99,45.8,22.5,153.5,123,94.5,78,7.2,5,2.51,2.23,1,0,0,0,0,0,0,0
2425,68,1,1,1,1,1,52,0,0,0,0,1,1,2,0,13.4,3.58,54.9,20.5,157,119,109.5,68.5,8.9,5.2,3.7,2.24,0,0,0,0,0,0,1,0
2426,68,1,1,1,1,1,63,1,1,0,0,1,1,3,0,13.3,10.6,33.3,25.3,155.5,128,84.5,73,4.9,5,3.44,2.3,0,0,0,0,0,0,0,0
2427,68,1,1,1,1,1,54,1,0,0,0,1,1,4,0,11.2,6.32,38.3,23.1,157.5,128,80.5,78,6.5,5.2,2.23,1.22,1,1,1,0,0,0,0,0
2428,68,1,1,1,1,1,55,1,1,0,0,1,1,3,0,13.2,4.68,38.5,17.7,128.5,133,85,79,9.4,6,4.72,2.88,0,0,0,0,0,0,0,0
2429,68,1,1,1,1,1,69,1,1,0,0,1,1,4,0,15.4,10.4,22.4,12.9,149.5,129,93,73,6.9,5.6,2.06,2.46,1,1,0,0,0,0,0,0
2430,68,1,1,1,1,1,46,0,1,0,0,0,1,4,0,10.2,6.97,57.8,46.3,150.5,133,95.5,78,17.9,6,10.2,3.48,1,1,0,0,0,0,0,0
2431,68,1,1,1,1,1,47,0,1,0,0,1,1,2,0,10.6,5.18,55.8,36.2,153.5,123,85.5,78,10.2,5.9,4.52,2.22,0,0,0,0,0,0,1,0
2432,68,1,1,1,1,1,44,0,0,0,0,1,1,3,0,10.3,1.8,61.4,21.6,147.5,123,81,73,10.2,5,5.46,2.6,0,0,0,0,0,0,1,0
2433,68,1,1,1,1,1,43,0,1,0,0,1,1,2,0,13.9,4.92,73.6,41.6,155,129,96.5,78,9.2,5.8,5.1,2.69,0,0,0,0,0,0,0,0
2434,69,2,1,1,2,1,47,1,1,0,0,1,1,3,0,13.3,28,49.8,71.3,148.5,165,102,109,5.4,5.6,2.92,3.95,0,0,1,1,0,0,0,0
2435,69,2,1,1,2,1,61,1,1,0,0,1,1,2,0,25.4,12.2,47.8,25,164.5,129,88,77,4.8,5.8,4.42,2.86,0,0,0,0,0,1,0,1
2436,69,2,1,1,2,1,65,0,1,0,0,1,1,2,0,15.6,17.4,33.1,37.5,127,134,91.5,81,8.7,6.7,2.93,3.05,0,0,0,0,0,0,0,0
2437,69,2,1,1,2,1,71,1,0,0,0,1,1,3,0,17,23.3,13.5,18.6,117,124.5,74.5,85,5.6,5.3,5.61,4.81,0,0,0,1,0,0,0,0
2438,69,2,1,1,2,1,71,0,1,0,0,0,1,4,0,24.8,31.8,47.3,54.8,168,165.5,84,82,6.4,7.8,2.25,2.89,1,1,0,0,0,1,0,0
2439,69,2,1,1,2,1,66,0,1,0,0,1,1,3,0,22.6,22.4,41.6,43.2,147.5,156.5,85,83.5,9.1,5.1,2.83,2.63,0,0,0,0,0,0,0,0
2440,69,2,1,1,2,1,60,1,0,0,1,1,1,4,0,20.8,15.3,62.7,50,167,163.5,102,101,5.3,5.7,2.2,1.41,1,1,0,1,0,1,0,0
2441,69,2,1,1,2,1,61,0,1,0,0,1,1,4,0,11.2,18.7,34.8,50.6,141,138.5,84,84.5,6.6,6.2,3.4,2.98,1,1,0,0,0,0,0,0
2442,69,2,1,1,2,1,68,1,0,0,0,1,1,3,0,10,13.8,22.7,25.2,140.5,130,94,77.5,6.4,7.2,1.41,1.94,0,0,0,0,0,0,0,0
2443,69,2,1,1,2,1,68,1,0,0,0,1,1,4,0,16.8,11.2,26,18.3,146,127,88,81.5,6.4,6.6,2.85,2.62,1,1,0,1,1,0,1,0
2444,69,2,1,1,2,1,72,0,1,0,0,1,1,3,0,23.4,19.1,43.6,34.1,173,162,102,92.5,6.2,6.6,4.6,4.77,0,0,0,0,1,1,0,0
2445,69,2,1,1,2,1,71,0,1,0,0,1,1,3,0,24.6,25.9,37.2,41.5,137,147,69,77.5,6.9,12.7,4.28,3.37,0,0,0,0,0,0,0,0
2446,69,2,1,1,2,1,71,0,0,0,0,1,1,3,0,10.9,9.33,12.6,10.3,116.5,111.5,74.5,74.5,6.3,6.4,3.02,4.78,0,0,0,0,0,0,0,0
2447,69,2,1,1,2,1,57,1,1,0,0,0,1,3,1,13.8,9.03,43.7,30.5,135,120,100,86,4.9,5.3,2.53,2.36,0,0,0,0,0,0,0,0
2448,69,2,1,1,2,1,68,1,1,0,0,1,1,3,0,13.4,11.4,13.5,12.8,124,134,78.5,82,5.9,5.2,3.81,3,0,0,0,0,0,0,0,0
2449,69,2,1,1,2,1,47,1,1,0,0,1,1,4,0,12.8,9.45,48.6,45.4,133,135,90,81,5.5,5.9,3.77,4.5,1,0,1,1,0,0,0,0
2450,69,2,1,1,2,1,55,0,1,0,0,1,1,2,1,11.3,8.08,45.2,34.7,186.5,162.5,102.5,94,5.5,5.8,3.61,3.59,0,0,0,0,0,0,0,0
2451,69,2,1,1,2,1,45,1,1,0,0,1,1,4,0,16.6,7.18,61.2,33.1,150.5,129,91,75,5.2,5.2,4.87,2.75,1,1,0,0,0,0,0,0
2452,69,2,1,1,2,1,61,0,0,0,0,1,1,2,0,10.2,11.4,32.4,36.9,143,154,85.5,87,5.6,5.2,4.57,3.72,0,0,0,0,0,0,0,0
2453,69,2,1,1,2,1,54,0,1,0,0,1,1,4,0,15.7,6.03,58,28.9,147.5,133,73.5,78,7.8,5.8,4.7,2.95,1,0,0,0,0,0,0,0
2454,69,2,1,1,2,1,63,1,0,0,0,1,1,4,0,24.3,20.4,49,45.3,169.5,152.5,111.5,100.5,5.3,5.6,3.6,2.91,1,0,1,1,1,0,1,0
2455,69,2,1,1,2,1,65,0,1,0,0,1,1,2,1,10.3,6.96,26.9,16.6,158,133.5,98,83.5,4.9,6.9,2.52,1.97,0,0,0,0,1,0,1,0
2456,69,2,1,1,2,1,44,0,1,0,0,1,1,2,0,10.3,3.42,58.9,30.1,160,134,110,72,10.6,5,3.2,2.92,0,0,0,0,0,0,1,0
2457,69,2,1,1,2,1,53,1,1,0,0,1,1,2,0,12.7,4.04,46.5,18.5,150,108.5,88.5,67.5,4.8,5.4,3.38,2.52,0,0,0,0,0,0,0,0
2458,69,2,1,1,2,1,51,0,1,0,0,1,1,3,0,20,9.46,74.5,47.3,172.5,147.5,93.5,73,8.1,5.8,4.9,1.87,0,0,0,0,0,0,0,0
2459,69,2,1,1,2,1,63,0,1,0,0,1,1,2,0,10.2,10,30.2,29.6,153.5,152.5,90,77,5.8,5.6,3.86,4.29,0,0,0,0,0,0,1,0
2460,69,2,1,1,2,1,46,0,1,0,0,1,1,3,0,10.3,3.28,56.7,27,151,123,93,79.5,8,6.7,2.03,1.62,0,0,0,0,0,0,0,0
2461,69,2,1,1,2,1,52,1,1,0,0,1,1,4,0,12.5,7.57,43.9,30.2,148.5,131,93,88.5,6.8,10.9,1.31,1.16,1,1,0,0,0,0,0,0
2462,69,2,1,1,2,1,50,1,1,0,0,1,1,4,0,27,11.9,72.1,45.7,164,153,104.5,87.5,8.8,6.9,3.54,3.52,1,1,0,0,0,0,0,0
2463,69,2,1,1,2,1,53,0,0,0,0,1,1,3,0,13.2,9.9,53.2,42.5,162,135,72,77,7.2,7,7.2,2.48,0,0,0,0,0,0,0,0
2464,69,2,1,1,2,1,71,1,0,0,0,1,1,4,0,30.7,19.5,45.3,22.2,179.5,149,92.5,79,6.1,6.8,4.17,2.75,1,1,0,0,0,1,0,0
2465,69,2,1,1,2,1,54,1,1,0,0,1,1,4,0,14.3,16.9,44.9,47.8,150.5,132,110,89.5,6.6,7.1,1.95,2.4,1,1,0,0,0,0,0,0
2466,69,2,1,1,2,1,69,1,0,0,0,1,1,4,0,24.6,24.7,32.7,36.1,150,163.5,90.5,89,6.1,5.9,4.01,3.04,1,1,0,0,0,1,0,1
2467,69,2,1,1,2,1,55,1,1,0,0,1,1,3,0,11,6.6,39.2,25.5,139,110,98,74,4.8,5.8,2.2,3.73,0,0,0,0,0,0,0,0
2468,69,2,1,1,2,1,50,0,1,0,0,1,1,4,0,10.6,6.21,53.3,36.2,154,139,96.5,89.5,8.7,5,2.34,2.79,1,1,0,0,0,0,1,0
2469,69,2,1,1,2,1,44,1,1,0,0,1,1,4,0,23.7,19.3,63.6,60.5,157,139,93.5,84,7.7,7.2,3.56,3.52,1,1,1,1,0,0,1,0
2470,70,1,2,1,1,1,56,1,1,0,0,1,1,3,0,29.8,18.6,67.5,47.5,154.5,124,103,74.5,11.1,5.3,3.09,4.21,0,0,1,1,1,1,1,0
2471,70,1,2,1,1,1,68,1,0,0,0,1,1,2,0,15.1,9.98,22.3,15.1,154,124,98,72.5,5,4.9,1.78,1.61,0,0,1,1,0,0,0,0
2472,70,1,2,1,1,1,65,1,1,0,0,1,1,3,0,19.2,12.1,35.1,22.7,159,126,94,76.5,4.5,5.6,3.65,3.32,0,0,1,0,0,1,0,0
2473,70,1,2,1,1,1,64,0,1,0,0,1,1,4,0,26.9,26.9,57.6,61.5,163,156.5,81,84.5,10.3,7.8,3.67,5.49,1,1,0,0,0,1,0,1
2474,70,1,2,1,1,1,48,1,1,0,0,1,1,3,0,29.3,7.46,77.4,35.1,169.5,126.5,99,76,5.6,5.7,4.34,2.64,0,0,0,0,0,0,1,0
2475,70,1,2,1,1,1,67,1,1,0,0,1,1,4,0,23,18.9,37.7,24.8,162.5,127.5,87.5,67.5,10.5,5.4,2.71,3.67,1,1,0,0,0,0,0,0
2476,70,1,2,1,1,1,63,1,0,0,0,1,1,3,0,11.9,14.5,24,24.5,134,124,87.5,75.5,6.2,5.1,2.66,2.41,0,0,0,0,0,0,0,0
2477,70,1,2,1,1,1,72,0,0,0,0,1,1,4,0,18,11,22.7,12,141.5,103,72,63.5,6.3,5.2,2.89,1.77,1,1,0,0,0,0,0,0
2478,70,1,2,1,1,1,70,0,0,0,0,0,1,4,0,21.2,12.5,45.7,20.1,180,124,98,72,5.6,5,3.01,3.3,1,0,0,0,0,0,0,0
2479,70,1,2,1,1,1,64,0,1,0,0,1,1,2,0,16.7,12.1,34.4,24.8,132,121,80.5,74.5,7.6,5.2,3.37,3.27,0,0,0,0,1,1,1,0
2480,70,1,2,1,1,1,63,0,0,0,0,1,1,4,0,13.5,9.21,38.1,24.6,146.5,121.5,81,74,5.8,5.3,2.99,2.68,1,1,0,0,0,1,0,1
2481,70,1,2,1,1,1,61,1,0,0,0,1,1,4,0,23.9,11.1,58,27.7,188.5,119.5,113.5,73,6.4,5.3,3.16,4.55,1,1,1,1,0,0,0,0
2482,70,1,2,1,1,1,64,1,1,0,1,1,1,3,0,16.6,9.45,33.4,16.8,155.5,124.5,74,71,6.4,5,2.78,2.78,0,0,0,0,1,0,1,0
2483,70,1,2,1,1,1,70,0,0,0,0,1,1,3,0,13.7,20.8,17.9,26.1,121,124.5,65,70.5,6.7,5.2,2.56,2.79,0,0,0,0,0,0,0,0
2484,70,1,2,1,1,1,67,0,0,0,0,0,1,3,0,10.8,8.42,20.7,14.4,146,124.5,91,69,5.3,5.4,2.74,3.39,0,0,0,0,0,0,0,0
2485,70,1,2,1,1,1,73,1,1,0,0,1,1,2,0,16.5,18.1,8.7,12.4,125.5,126.5,81.5,77,5.1,5.8,3.15,4.26,0,0,0,0,0,0,0,0
2486,70,1,2,1,1,1,71,1,0,0,1,1,1,2,1,17.6,14.2,18.8,11.3,151,121.5,80.5,74.5,5.3,5.2,1.58,1.99,0,0,1,1,0,0,0,0
2487,70,1,2,1,1,1,67,0,0,0,0,1,1,3,0,13.7,9.35,29.9,18.5,145.5,123.5,83.5,73,6.8,5.1,3.66,2.39,0,0,0,0,0,0,0,0
2488,70,1,2,1,1,1,62,0,0,0,0,1,1,3,0,10.1,6.77,30.1,19.2,139,117.5,77.5,69,5.7,5.12,3.61,2.89,0,0,0,0,0,0,0,0
2489,70,1,2,1,1,1,62,1,0,0,0,1,1,3,0,10.8,9.5,24,19.2,145,123.5,96.5,73,5.8,5.7,2.1,3.38,0,0,0,0,0,0,0,0
2490,70,1,2,1,1,1,59,0,1,0,0,1,1,3,0,23.2,13.3,65.1,40.7,161.5,125.5,89,74,16.2,5.2,3.82,3.56,0,0,0,0,0,0,0,0
2491,70,1,2,1,1,1,55,0,1,0,0,1,1,3,0,10.1,8.28,40.3,33.7,147,115.5,72,83.5,15.6,5.7,2.79,3.72,0,0,0,0,1,0,1,0
2492,70,1,2,1,1,1,72,1,1,0,0,1,1,4,0,16,12.6,14.4,7.74,136,123,81.5,72,5.8,5.3,3.79,3.09,1,0,0,0,0,1,0,0
2493,70,1,2,1,1,1,58,1,1,0,0,1,1,3,0,14.8,10.9,42.4,35.8,132.5,124.5,89,73.5,7.1,5.1,3.8,2.6,0,0,1,1,0,0,0,0
2494,70,1,2,1,1,1,68,0,0,0,0,1,1,3,0,26.4,9.7,50.9,18.3,159.5,125,97,75,7.7,5.7,1.59,3.26,0,0,0,0,0,1,0,0
2495,70,1,2,1,1,1,63,0,0,0,0,1,1,4,0,13.7,7.5,38.2,19.5,147.5,117,100,74.5,5.3,5.5,3.42,3.02,1,1,0,0,1,0,1,0
2496,70,1,2,1,1,1,55,1,0,0,0,1,1,3,0,14.2,10.5,40,31.5,120,126,92,67,7.6,5.4,3.7,2.98,0,0,1,1,0,0,0,0
2497,70,1,2,1,1,1,56,0,1,0,0,1,1,2,0,15.2,9.58,52.7,36.1,151,125,65.5,69.5,10.6,5.4,4.25,2.96,0,0,0,0,0,0,0,0
2498,70,1,2,1,1,1,47,1,0,0,0,0,1,4,0,12.3,3.62,53.3,23,149,124.5,93,71,5.9,4.72,4.84,3.29,1,1,0,0,0,0,0,0
2499,70,1,2,1,1,1,51,1,1,0,0,1,1,3,0,18.1,6.29,59.7,27.8,148,126,91.5,69.5,4,4.8,4.74,2.69,0,0,0,0,0,0,0,0
2500,70,1,2,1,1,1,47,0,1,0,0,1,1,2,0,12.5,4.26,62.6,32,156,126,88.5,69,7.2,5.4,3.5,3.61,0,0,0,0,0,0,0,0
2501,70,1,2,1,1,1,48,0,0,0,0,1,1,3,0,10.5,5.98,54,37.8,148.5,126,91,72,10.8,5.2,3.11,3.02,0,0,0,0,0,0,0,0
2502,70,1,2,1,1,1,52,0,1,0,0,1,1,2,1,10.8,3.53,47.3,19.9,153,123.5,83,77.5,8.5,5.1,3.14,2.97,0,0,0,0,0,0,0,0
2503,70,1,2,1,1,1,49,1,0,0,0,1,1,3,0,16.1,4.32,53.9,21.7,153,114,90.5,72.5,5.8,5.1,3.65,2.85,0,0,0,0,0,0,0,0
2504,70,1,2,1,1,1,45,1,1,0,0,1,1,2,0,10.6,6.57,44.7,31.6,156,122,88.5,74.5,8.2,5.3,3.4,2.79,0,0,0,0,0,0,0,0
2505,70,1,2,1,1,1,45,0,1,0,0,1,1,3,0,10.5,2.76,58.9,25.1,153,123,101,73,8.2,5.1,3.3,3.36,0,0,0,0,0,0,0,0
2506,70,1,2,1,1,1,52,0,1,0,0,1,1,2,0,13,4.62,54.5,25.5,154.5,126.5,84.5,76.5,10.9,5.2,3.22,2.79,0,0,0,0,1,0,1,0
2507,70,1,2,1,1,1,66,0,1,0,0,1,1,3,0,12.1,8.37,25.2,15.4,148.5,121.5,89.5,65.5,6.1,5.3,3.07,2.82,0,0,0,0,0,0,0,0
2508,71,2,2,2,2,1,60,0,1,0,0,1,1,3,0,15,19.1,43.3,55,132.5,156,71.5,90,21.9,5.9,4.47,6.85,0,0,0,0,0,1,0,0
2509,71,2,2,2,2,1,67,0,1,0,0,1,1,3,0,23.7,20.4,45.7,38.9,143.5,137,70.5,64,10.7,7.2,2.92,1.51,0,0,0,0,0,0,0,0
2510,71,2,2,2,2,1,58,0,0,0,0,1,1,4,0,27.5,16.5,75.2,52.6,181,144.5,101,86.5,5.2,6.4,4.22,3.41,1,1,0,0,0,0,0,0
2511,71,2,2,2,2,1,69,0,0,0,0,1,1,4,0,42.5,35.6,78.8,69.6,198,192,102,101,9.8,7.8,2.88,2.66,1,1,0,0,0,0,0,0
2512,71,2,2,2,2,1,76,1,0,0,0,1,1,4,0,25.4,16.7,12.5,6.83,155,139,90.5,89,5.3,6.2,2.53,2.75,1,1,0,0,0,1,0,0
2513,71,2,2,2,2,1,59,1,0,0,0,1,1,3,0,14.5,18.3,35,43.8,135.5,144.5,90,94,7.4,20.9,2.17,3.91,0,0,1,1,1,0,1,0
2514,71,2,2,2,2,1,68,1,0,0,0,1,1,3,0,21.4,11.7,36,16.7,162.5,132.5,95,79,5.4,5.6,2.77,3.19,0,0,0,0,0,0,1,0
2515,71,2,2,2,2,1,69,1,0,0,0,1,1,3,0,18.5,16.8,24.8,23.9,145,151,77.5,80.5,6.4,5.6,2.34,2.27,0,0,0,0,0,0,0,0
2516,71,2,2,2,2,1,72,1,1,0,0,1,1,3,0,25.8,15.9,29,25.9,162.5,165.5,100.5,99.5,7.1,6.9,2.42,1.94,0,0,0,0,0,0,0,0
2517,71,2,2,2,2,1,59,1,0,0,0,1,1,4,0,12.8,20.1,36.2,53.5,148.5,166,94,100.5,4.7,5.8,1.89,3.13,1,1,1,1,0,1,0,0
2518,71,2,2,2,2,1,67,1,1,0,0,1,1,4,0,17.7,11.3,45.1,25,167,134,110.5,79,10.6,5.8,3.22,2.82,1,1,0,0,1,1,1,0
2519,71,2,2,2,2,1,67,0,0,0,0,1,1,4,0,13,11.4,27.2,22.9,137,129,81,79,6.2,5.6,4.49,2.19,1,1,0,0,0,0,0,0
2520,71,2,2,2,2,1,63,1,1,0,0,1,1,4,0,12.8,18.2,32.9,42.3,151.5,133,82,75.5,5.2,5.6,4.23,4.41,1,1,0,0,0,0,0,0
2521,71,2,2,2,2,1,66,0,1,0,0,0,1,3,0,26.7,16.2,65.7,41.5,198,173.5,83.5,82.5,4.8,6.2,4.3,4.51,0,0,0,0,0,0,0,0
2522,71,2,2,2,2,1,75,1,0,0,0,1,1,3,0,23.5,25.1,18,21.6,157.5,169,98,87.5,7.9,9.2,1.69,1.57,0,1,0,0,0,0,0,0
2523,71,2,2,2,2,1,68,1,1,0,0,1,1,3,0,17.3,9.97,38.5,23.4,128,126.5,79.5,72,4.9,4.7,6.85,2.45,0,0,1,0,1,0,0,0
2524,71,2,2,2,2,1,63,0,1,0,0,1,1,2,0,10.1,6.81,27,17.6,157.5,139,98,98.5,6.2,6,2.56,2.52,0,0,0,0,0,0,0,0
2525,71,2,2,2,2,1,53,1,1,0,0,1,1,3,0,11.7,8.4,43.2,33.6,137.5,121,96,86,6.6,6.7,3.92,4.44,0,0,0,0,0,0,1,0
2526,71,2,2,2,2,1,63,1,0,1,0,1,1,4,0,14,14.4,33.4,34.9,140,142.5,72,71.5,11.8,11.2,1.68,1.92,1,0,1,1,0,0,0,0
2527,71,2,2,2,2,1,51,1,1,0,0,1,1,3,0,10.9,12.1,44.5,45.7,145,136,83.5,94.5,6.7,6.6,3.7,4,0,0,0,1,0,0,0,0
2528,71,2,2,2,2,1,63,0,1,0,0,1,1,3,0,11.2,8.95,29.1,23.2,145.5,140.5,78.5,84.5,5.9,5.6,3.41,1.52,0,0,0,0,0,0,0,0
2529,71,2,2,2,2,1,72,0,1,0,0,0,1,2,0,19.3,10.2,41,14.4,196,129.5,107.5,85,5.9,5.8,3,1.87,0,0,0,0,0,0,0,0
2530,71,2,2,2,2,1,65,0,1,0,0,1,1,4,0,21.1,21.3,47.3,48,150,152.5,83.5,91,8.6,5.6,3.79,2.51,1,1,0,0,0,0,0,0
2531,71,2,2,2,2,1,55,0,0,0,0,1,1,4,0,10.6,5.76,44,26.2,159.5,129,96.5,79,6.9,5,3.77,2.7,1,0,0,0,1,0,1,0
2532,71,2,2,2,2,1,39,1,1,0,0,1,1,3,0,26.2,8.81,69.1,38.5,143,132,96.5,78,10,5,3.39,3.13,0,0,0,0,0,0,0,0
2533,71,2,2,2,2,1,43,1,1,0,0,1,1,4,0,13.8,20.6,53.8,67.7,143,148,101.5,93.5,8.7,6.2,2.01,3.94,1,1,0,0,0,0,0,0
2534,71,2,2,2,2,1,48,0,1,0,0,1,1,3,0,10.7,4.79,55.1,31.5,146.5,139,94,94,15.3,5.2,5.65,2.58,0,0,0,0,0,0,1,0
2535,71,2,2,2,2,1,59,0,0,0,0,1,1,2,1,11.7,9.52,41.2,33.6,174,152.5,91.5,78.5,5.1,5.9,3.35,3.98,0,0,0,0,0,0,0,0
2536,71,2,2,2,2,1,48,0,0,0,0,1,1,4,0,15.1,6.79,67.2,41.2,156.5,145.5,86,89.5,8.7,6.2,4.5,5.24,1,1,0,0,0,0,0,0
2537,71,2,2,2,2,1,69,0,0,0,0,1,1,3,0,16.3,14.2,32.7,28.1,149,146,75.5,70,5.9,6.6,3.17,1.61,0,0,0,0,0,0,0,0
2538,71,2,2,2,2,1,45,0,1,0,0,1,1,4,0,10.9,5.39,60.2,39.2,156,143,99,89.5,10.9,5.8,3.79,3.32,1,1,0,0,0,0,1,0
2539,71,2,2,2,2,1,47,1,1,0,0,1,1,2,0,10.7,12.1,41.7,47.7,144.5,137.5,73,85,6.7,5.7,1.59,4.31,0,0,0,1,1,0,1,0
2540,71,2,2,2,2,1,58,1,1,0,0,1,1,2,0,16.4,9.77,52.4,34.1,159.5,132.5,107.5,83,6.1,5.2,3.13,3.14,0,0,1,1,1,0,1,0
2541,71,2,2,2,2,1,70,1,0,0,0,1,1,3,0,39.2,23.1,52.2,27.5,171.5,149,78,78.5,7.4,6.2,4.67,1.94,0,0,0,0,0,0,0,0
2542,71,2,2,2,2,1,53,0,1,0,0,1,1,4,0,14.2,3.88,55.4,20.7,148.5,110,94.5,68.5,7.3,6,2.66,4.01,1,1,0,0,0,0,0,0
2543,72,2,1,1,1,1,67,1,1,0,0,1,1,4,0,18.1,34.2,32.5,63.3,156.5,199.5,88,109.5,5.6,7.8,2.51,2.49,1,1,0,0,0,0,0,0
2544,72,2,1,1,1,1,70,1,1,0,0,1,1,2,1,38.2,27.6,56.7,35.4,198.5,164,107,70.5,11.2,13.6,1.99,1.75,0,0,0,0,0,0,0,0
2545,72,2,1,1,1,1,73,1,1,0,0,1,1,3,0,20.5,19.9,22.2,20.5,156,154,83.5,85.5,5.6,5.8,2.7,2.88,0,0,0,0,0,0,0,0
2546,72,2,1,1,1,1,72,0,0,0,1,0,1,3,0,15.4,23.4,24.2,31.3,142.5,131.5,88,73,6.6,6,4.43,2.8,0,0,0,0,1,0,0,0
2547,72,2,1,1,1,1,72,1,0,0,0,1,1,3,0,14.5,16.5,23.4,21.9,148,130,84.5,72.5,10.4,8.7,1.5,3.52,0,0,0,0,0,0,0,0
2548,72,2,1,1,1,1,59,1,1,0,0,1,1,2,0,14.2,18.2,40.9,52.5,153,159.5,105.5,102,5.6,5.6,2.96,2.51,0,0,0,0,0,0,0,0
2549,72,2,1,1,1,1,73,0,1,0,0,0,1,3,0,17.6,16.8,28.9,28.1,159.5,161,82,72,5.8,5.9,4.07,4.06,0,0,0,0,0,0,0,0
2550,72,2,1,1,1,1,58,1,1,0,0,1,1,3,0,11.6,7.78,32.2,21.6,148,124,104,94,6.7,6.4,1.92,2.57,0,0,0,0,0,0,0,0
2551,72,2,1,1,1,1,54,1,1,0,0,1,1,3,0,10.6,10.2,39.9,36.8,144,130.5,93,87,5.6,6.2,4.44,3.12,0,0,0,0,0,0,0,0
2552,72,2,1,1,1,1,75,1,0,0,0,1,1,3,0,29.9,18,19.9,11.5,147,136.5,81.5,74.5,8.7,6.2,2.36,2.49,0,0,0,0,0,0,0,0
2553,72,2,1,1,1,1,81,1,1,0,0,1,1,3,0,25.5,21.1,4.09,4.52,125,138,69,78.5,7.8,5.1,2.24,2.09,0,0,0,0,0,0,0,0
2554,72,2,1,1,1,1,71,0,1,0,0,1,1,4,0,29.3,14.2,41.9,23.3,159.5,136.5,64.5,66.5,7.8,5.4,4.11,3.33,1,1,0,0,0,0,0,0
2555,72,2,1,1,1,1,59,0,1,0,0,1,1,3,0,14.1,6.56,44.3,23.1,149,131,101,72.5,7.6,5.7,4.03,1.82,0,0,0,0,0,0,0,0
2556,72,2,1,1,1,1,43,1,1,0,0,1,1,4,0,14.4,12.9,56.8,49.3,147,135,84,82,6.2,6.2,3.61,3.52,1,1,0,0,0,0,0,0
2557,72,2,1,1,1,1,46,1,1,0,0,1,1,4,0,17.3,24.5,56.8,67.5,144.5,159.5,97.5,96,5.9,6.4,2.5,2.59,1,1,0,0,1,0,1,0
2558,72,2,1,1,1,1,56,0,1,0,0,1,1,4,0,13.3,5.68,47.5,24.5,145,131,67,81.5,14.9,5.7,5.05,5.23,1,1,0,0,0,0,0,0
2559,72,2,1,1,1,1,51,1,1,0,0,1,1,4,0,12.8,12.3,45.9,45.3,150,138,101.5,93.5,4.3,5.2,2.94,4.15,1,1,1,1,0,0,0,0
2560,72,2,1,1,1,1,56,0,0,0,0,1,1,4,0,16.8,9.16,60.2,37.5,176,138.5,116,79.5,5.2,5.5,4.8,3.87,1,1,0,0,0,0,0,0
2561,72,2,1,1,1,1,44,1,1,0,0,1,1,4,0,11.3,11.5,52.9,50.2,121,130.5,93.5,90,11.7,7.3,5.49,4.58,1,1,1,1,0,0,0,0
2562,72,2,1,1,1,1,54,0,0,0,0,1,1,3,0,11.1,6.69,47.4,32.1,150,139,86,81,4.5,4.9,4.29,4.73,0,0,0,0,1,0,1,0
2563,72,2,1,1,1,1,65,0,1,0,0,1,1,4,0,26.2,14.4,52.6,31.1,153.5,139,88.5,81.5,7.9,5.6,3.09,3.68,1,1,0,0,1,0,1,0
2564,72,2,1,1,1,1,54,0,0,0,0,1,1,3,1,10.3,4.69,41.3,22.2,155.5,143.5,89,80,9.7,5.7,4.62,3.93,0,0,0,0,0,0,0,0
2565,72,2,1,1,1,1,60,1,1,0,0,1,1,3,0,11.9,20.6,30.9,46.1,135.5,141,82.5,83,5.9,7.3,1.9,3.05,0,0,1,1,0,0,0,0
2566,72,2,1,1,1,1,59,1,0,0,0,1,1,2,1,22.8,11.1,59.1,35.6,153,139,99,81.5,9.8,5.2,3.66,1.75,0,0,1,1,1,0,1,0
2567,72,2,1,1,1,1,51,1,1,0,0,1,1,3,0,16.8,11.4,51.3,41.6,144.5,139.5,101,92.5,7.4,5.7,1.88,2.56,0,0,1,1,0,0,1,0
2568,72,2,1,1,1,1,61,0,1,0,0,1,1,2,1,13.5,6.89,38.5,21.9,144,135.5,85.5,81.5,8.1,6.5,6.6,2.67,0,0,0,0,0,0,0,0
2569,72,2,1,1,1,1,66,0,1,0,0,1,1,3,0,10.7,9.11,25.5,21.1,148,140,85,74.5,6.3,6.9,2.1,2.6,0,0,0,0,0,0,0,0
2570,72,2,1,1,1,1,52,1,1,0,0,1,1,3,0,13.7,13.8,46.9,45.9,140.5,139,85,77.5,7.6,6.1,1.72,2.23,0,0,0,0,0,0,1,0
2571,72,2,1,1,1,1,49,0,1,0,0,1,1,3,0,12.1,7.38,57.8,42.8,146.5,123.5,94,76,8.5,6.3,4.35,4.14,0,0,0,0,0,0,1,0
2572,72,2,1,1,1,1,52,0,1,0,0,1,1,2,0,15.2,5.52,60.3,29.5,153.5,129,84.5,79,15.6,5.2,6.77,3.86,0,0,0,0,0,0,1,0
2573,72,2,1,1,1,1,60,0,1,0,0,1,1,4,0,12.6,9.03,41.1,28.7,153.5,146.5,100.5,95,6.1,6.1,4.67,3.92,1,0,0,0,0,0,0,0
2574,72,2,1,1,1,1,53,0,1,0,0,1,1,2,0,13.9,6.12,54.5,30.2,150,139.5,95.5,77.5,9.3,6.3,4.55,3.08,0,0,0,0,0,0,0,0
2575,72,2,1,1,1,1,46,0,1,0,0,1,1,2,0,10,2.25,56.8,21.9,144.5,126,90.5,76,10.1,5.7,5.77,3.03,0,0,0,0,0,0,0,0
2576,72,2,1,1,1,1,60,1,1,0,0,1,1,3,0,13.6,10.5,41.9,32.6,150,140.5,91,76.5,13.9,5.6,2.4,3.2,0,0,1,1,1,0,1,0
2577,72,2,1,1,1,1,45,0,1,0,0,1,1,4,0,10.1,3.02,59.5,29.2,150,137,95,75,16.7,5.1,5.8,2.53,1,1,0,0,1,0,1,0
2578,72,2,1,1,1,1,70,1,1,0,0,1,1,3,0,16,12.2,14,14.4,133.5,134,87.5,80,6.1,5.9,2.74,1.77,0,0,0,0,0,1,0,1
2579,72,2,1,1,1,1,71,0,1,0,0,1,1,3,0,13.4,13.1,21,21.1,130,133.5,72.5,84.5,5.4,6.4,2.76,3.75,0,0,0,0,0,1,0,1
2580,73,1,1,2,2,1,64,0,1,0,1,1,1,4,0,14.6,10.6,38,26.3,144.5,125,93.5,71,5.8,5.1,3.61,2.22,1,1,0,0,0,0,0,0
2581,73,1,1,2,2,1,69,1,1,0,0,1,1,4,0,18.7,14.5,28.5,17.1,159.5,126.5,109.5,73,5.9,4.9,1.85,2.82,1,1,0,0,0,0,0,0
2582,73,1,1,2,2,1,58,1,0,0,0,1,1,3,0,19.6,17,45.2,39.7,137.5,125.5,94,80,9.4,5.9,3.26,4.72,0,0,0,0,0,0,0,0
2583,73,1,1,2,2,1,68,1,1,0,0,1,1,3,0,11.3,11.7,21.4,19.9,128,125,99,74.5,6.3,5.2,2.9,2.9,0,0,0,0,0,0,0,0
2584,73,1,1,2,2,1,69,0,1,0,0,1,1,4,0,16.9,12.2,34.4,21,152.5,123,74.5,71,6,5.1,3.8,3.36,1,1,0,0,0,0,0,0
2585,73,1,1,2,2,1,59,1,1,0,0,1,1,3,0,18.2,9.9,43.6,23.6,166,127.5,111.5,75.5,11.2,6,1.34,2.03,0,0,0,0,0,0,0,0
2586,73,1,1,2,2,1,61,0,0,0,0,1,1,2,1,12.4,10.7,35.2,30.2,135.5,124.5,95,79,7.3,5.5,2.31,4.03,0,0,0,0,0,0,0,0
2587,73,1,1,2,2,1,57,1,1,0,0,1,1,4,0,25.1,9.73,69.1,34.3,160,126.5,106.5,73.5,7.3,5.1,4.35,2.89,1,1,0,0,0,0,1,0
2588,73,1,1,2,2,1,70,1,1,0,0,1,1,3,0,40.4,16.2,50.8,15.3,164.5,122.5,99,76,10.9,5.3,3.72,2.88,0,0,0,0,0,0,0,0
2589,73,1,1,2,2,1,60,1,0,0,0,1,1,2,1,32.1,8.97,77.2,26.7,181.5,122,95,71.5,4.6,5,3.8,3.83,0,0,0,0,1,0,1,0
2590,73,1,1,2,2,1,71,1,1,0,0,1,1,3,0,31.1,24.6,39.7,25.3,146,123,99.5,76.5,6.8,5.9,3.88,4.52,0,0,1,1,0,0,0,0
2591,73,1,1,2,2,1,64,1,1,0,0,1,1,3,0,15.8,9.51,37.2,21.2,142.5,121.5,89,71.5,7.3,5.3,2.21,1.75,0,0,0,0,0,0,0,0
2592,73,1,1,2,2,1,67,1,1,0,0,0,1,4,0,18.4,7.88,50.5,17.4,175.5,122.5,103.5,83,6.7,5,2.98,2.92,1,1,0,0,0,0,0,0
2593,73,1,1,2,2,1,72,0,1,0,0,1,1,3,0,33.5,11.6,57.3,15.8,179,123.5,85,74,7.1,5.2,5.32,2.71,0,0,0,0,0,0,0,0
2594,73,1,1,2,2,1,73,0,1,0,0,1,1,3,0,22.9,21.9,30.5,26.5,139,128,72.5,71,7,4.8,4.27,2.86,0,0,0,0,0,0,0,0
2595,73,1,1,2,2,1,70,0,0,0,0,1,1,4,0,13.3,10.8,18.9,14.5,133.5,124.5,85,65,6.1,5.2,4.02,2.92,1,0,0,0,0,0,0,0
2596,73,1,1,2,2,1,63,1,1,0,0,1,1,4,0,10.1,8.24,27.2,22.6,127.5,126,83,76,5.2,5.6,2.79,2.33,1,1,0,0,1,0,0,0
2597,73,1,1,2,2,1,68,0,0,0,0,1,1,2,0,12.8,9.37,23.1,17.8,150,127,83,71,5.8,5.3,1.98,1.86,0,0,0,0,0,0,0,0
2598,73,1,1,2,2,1,68,0,1,0,0,0,1,3,0,11.7,10.1,23,16,134,125.5,76,72,5.1,4.8,1.34,1.96,0,0,0,0,0,0,0,0
2599,73,1,1,2,2,1,58,0,0,0,0,1,1,3,0,12.9,10.7,42.6,35.9,138,127,73.5,73,6.9,5.1,1.7,2.88,0,0,0,0,0,0,0,0
2600,73,1,1,2,2,1,68,0,0,0,0,1,1,3,0,12.8,8.61,24.1,13.6,155,123.5,92.5,66,5.6,4.9,3.5,2.55,0,0,0,0,1,0,1,0
2601,73,1,1,2,2,1,52,0,1,0,0,0,1,3,0,10.3,5.7,47.1,30.2,152.5,121.5,91.5,71.5,10.2,5.3,4.7,2.69,0,0,0,0,0,0,0,0
2602,73,1,1,2,2,1,58,1,1,0,0,1,1,2,0,15.9,9.13,38.1,23,139.5,123.5,92,78.5,8.7,5.2,3.18,2.4,0,0,0,0,0,0,0,0
2603,73,1,1,2,2,1,53,1,1,0,0,1,1,4,0,10.3,9.31,38,35.6,140,123.5,82,72.5,6.7,5.2,1.38,2.38,1,1,1,1,0,0,0,0
2604,73,1,1,2,2,1,46,1,1,0,0,1,1,4,0,11.8,2.69,48.4,21.2,148,123.5,83.5,75,6.6,5,2.41,2.89,1,1,0,0,0,0,1,0
2605,73,1,1,2,2,1,53,0,1,0,0,1,1,4,0,12.8,3.06,51.8,16.9,145,107,86,77,9.6,5.9,4.12,2.63,1,1,0,0,0,0,0,0
2606,73,1,1,2,2,1,59,0,1,0,0,1,1,3,1,10.3,4.28,37.3,15.2,177,119,100,76.5,5.8,5.2,2.33,1.24,0,0,0,0,0,0,0,0
2607,73,1,1,2,2,1,46,1,1,0,0,1,1,3,0,12.5,8.03,47.3,35.2,132.5,125.5,99,74,6.4,5.1,2.85,2.86,0,0,1,1,0,0,0,0
2608,73,1,1,2,2,1,59,0,0,0,0,1,1,2,0,11,6.28,38.8,22,157,121.5,78,73.5,5.2,5.3,4.04,2.81,0,0,0,0,0,0,0,0
2609,73,1,1,2,2,1,60,0,1,0,0,1,1,4,0,12.4,6.06,39.5,18.9,170.5,123.5,103,66.5,5.5,5.4,2.81,2.78,1,1,0,0,0,0,0,0
2610,73,1,1,2,2,1,55,0,1,0,0,1,1,4,0,10.3,6.43,43.3,29.2,152,115.5,104,79,5.1,5.6,3.69,2.33,1,1,0,0,0,0,0,0
2611,73,1,1,2,2,1,52,0,1,0,0,0,1,2,1,11.5,3.78,49.4,21.2,154,123.5,87.5,73.5,8.9,5.4,3.84,2.65,0,0,0,0,1,0,1,0
2612,73,1,1,2,2,1,50,1,1,0,0,1,1,2,0,16.9,4.15,59.2,22,152.5,109.5,85,78.5,6.2,5.1,4.71,2.57,0,0,0,0,1,0,1,0
2613,73,1,1,2,2,1,51,1,1,0,0,1,1,4,0,17.9,8.19,55.6,32.6,157.5,122,87,71,6.4,5,2.9,2.93,1,0,1,0,1,0,1,0
2614,73,1,1,2,2,1,49,0,0,0,0,1,1,3,0,14,4.22,63.6,28.8,150.5,123,79.5,71.5,10.9,5.7,4,3.13,0,0,0,0,1,0,0,0
2615,73,1,1,2,2,1,48,0,1,0,0,1,1,4,0,13.1,7.33,63,44.6,149.5,127,104,71.5,9.5,5.7,4.09,2.47,1,0,0,0,0,0,0,0
2616,73,1,1,2,2,1,69,1,1,0,0,1,1,4,0,20.3,11.2,34.1,10.6,171.5,128,109.5,73,6.3,5.1,2.69,2.66,1,1,0,0,0,0,0,0
2617,73,1,1,2,2,1,45,1,1,0,0,1,1,3,0,28.9,4.72,73.2,25.7,185,129,120,76.5,4.9,5.7,2.25,1.17,0,0,0,0,0,0,0,0
2618,74,2,2,2,1,1,72,1,1,0,1,1,1,3,0,12.5,18.9,19.2,33.4,125,141,84.5,90.5,7.9,11.8,1.41,3.19,0,0,1,1,0,1,0,0
2619,74,2,2,2,1,1,70,1,1,0,1,1,1,4,0,14.1,16.5,9.87,14.2,102.5,119.5,64.5,72,7.7,6.91,2.19,1.74,1,1,1,1,1,1,0,0
2620,74,2,2,2,1,1,72,1,0,0,1,1,1,2,1,18,28,14.9,22.3,138,143,82.5,82,6.1,8.1,2.46,4.07,0,0,1,1,0,0,0,0
2621,74,2,2,2,1,1,65,0,1,0,1,1,1,3,0,25.1,16.8,56.2,35.2,162.5,127.5,83.5,76.5,7.3,7.31,2.06,1.6,0,0,0,0,0,0,0,0
2622,74,2,2,2,1,1,76,1,0,0,1,1,1,4,0,20.2,22.7,23.7,19.2,200,174,95,86,5.8,8.4,1.16,1.05,1,1,0,0,1,1,0,0
2623,74,2,2,2,1,1,61,0,1,0,1,1,1,4,0,13.2,15.8,42.5,43.8,161.5,134.5,91.5,79,5.8,8.9,1.13,2.7,1,1,0,0,0,1,0,0
2624,74,2,2,2,1,1,61,1,1,0,0,1,1,4,0,12.6,15.8,30.4,37.9,134,146,88,90.5,6.8,8.6,1.85,3.08,1,1,0,0,0,0,0,0
2625,74,2,2,2,1,1,79,1,1,0,1,1,1,4,0,22.6,22.2,23.1,20.1,162.5,153.5,82,78,9.2,6.9,2.89,3.12,1,1,0,0,1,1,0,0
2626,74,2,2,2,1,1,74,0,0,0,1,1,1,3,0,18.2,26,27.4,34.7,158.5,151.5,74,87.5,6.4,7.6,2.36,1.66,0,0,0,0,1,0,0,0
2627,74,2,2,2,1,1,58,0,0,0,0,1,1,4,0,20.1,16.4,60.9,52.3,157.5,149.5,87.5,86.5,9.5,10.5,2.72,2.4,1,0,0,0,0,0,0,0
2628,74,2,2,2,1,1,55,0,0,0,0,1,1,4,0,13.2,10.2,51.1,42.1,170,147.5,101,98.5,5.4,6.1,1.53,4.4,1,1,0,0,0,0,0,0
2629,74,2,2,2,1,1,70,0,1,0,0,1,1,3,0,12.1,20.1,22.3,32.8,143.5,139,82.5,82.5,5.4,7.5,1.78,2.3,0,0,0,0,0,0,0,0
2630,74,2,2,2,1,1,83,0,1,1,1,0,1,3,0,21,19.8,4.61,2.89,189,152,101,88.5,6,6.3,3.87,3.9,0,0,0,0,0,0,0,0
2631,74,2,2,2,1,1,49,1,1,0,0,1,1,4,0,16.1,11.2,55.4,44.4,142.5,130.5,91,90.5,9.4,14,2.04,2.85,1,1,0,0,0,0,0,0
2632,74,2,2,2,1,1,62,1,1,0,0,1,1,3,0,15.9,15.2,35,29.2,151,137.5,87,82,5.9,7.1,1.77,1.84,0,0,0,0,1,0,0,0
2633,74,2,2,2,1,1,60,0,1,0,1,1,1,3,0,12.3,10.1,36.1,29.9,126,115,74,76,9.1,14.8,2.88,3.96,0,0,0,0,0,0,0,0
2634,74,2,2,2,1,1,58,1,1,0,0,1,1,3,0,11.5,14.3,31.6,35,141.5,137.5,90.5,92.5,6.5,9.6,1.73,2.53,0,0,0,0,0,0,0,0
2635,74,2,2,2,1,1,59,0,1,1,0,1,1,4,0,12.2,16.2,41.7,49.3,160,148.5,96.5,89,5.2,7.6,2.84,2.97,1,1,0,0,0,0,0,0
2636,74,2,2,2,1,1,59,1,1,0,0,1,1,3,0,15.8,14.3,43.1,39.7,134,132.5,88.5,84,9.2,7.55,2.57,3.02,0,0,0,0,0,0,0,0
2637,74,2,2,2,1,1,49,1,1,0,0,1,1,3,0,19.9,13.8,62.6,50,158,148.5,102.5,102,5.8,6.25,3.58,3.2,0,0,0,0,0,0,0,0
2638,74,2,2,2,1,1,48,1,1,0,0,1,1,2,1,14.6,10.8,51.3,43.5,167.5,150.5,98,89.5,5.6,5.9,1.56,1.68,0,0,0,0,0,0,0,0
2639,74,2,2,2,1,1,63,1,1,0,0,1,1,3,0,22.1,18.2,45.5,36.1,178,159.5,103,90,9.2,7.51,1.72,1.58,0,1,0,0,0,0,0,0
2640,74,2,2,2,1,1,60,0,1,0,0,1,1,3,0,25.4,21.9,68.6,61.1,178.5,161.5,96.5,95.5,7.4,8.89,1.87,5.54,0,0,0,0,0,0,0,0
2641,74,2,2,2,1,1,53,0,1,0,0,1,1,4,0,25.4,19.8,79.3,69.8,164,155,67.5,88,7.49,7.9,3.84,3.39,1,1,0,0,0,0,0,0
2642,74,2,2,2,1,1,58,1,1,1,0,1,1,4,0,10.2,9.27,29.9,27.6,148.5,149,94.5,100.5,6.3,5.91,1.46,1.3,1,1,0,0,0,0,0,0
2643,74,2,2,2,1,1,49,1,1,0,0,1,1,3,0,12.1,10.8,47.2,44.1,140.5,137,93.5,84.5,6,6.2,2.77,2.7,0,0,0,0,0,0,0,0
2644,74,2,2,2,1,1,51,1,1,0,0,1,1,3,0,10.3,7.57,35.8,30.1,125.5,129.5,91,80,7.1,6.67,2.13,1.96,0,0,1,1,0,0,1,1
2645,74,2,2,2,1,1,54,0,1,0,0,1,1,2,0,11.2,11.7,45.2,46.9,141.5,141.5,89,89.5,9.8,7.9,4.77,4.42,0,0,0,0,0,0,1,1
2646,74,2,2,2,1,1,51,0,0,0,0,1,1,4,0,14.9,8.4,61.1,43.6,156,136.5,87.5,77.5,5.8,7.52,3.39,3.38,1,1,0,0,0,0,1,0
2647,74,2,2,2,1,1,46,1,1,0,0,1,1,2,0,11.2,4.5,42.3,25.9,135,125.5,99,84,5.8,5.91,1.77,1.5,0,0,0,0,0,0,0,0
2648,74,2,2,2,1,1,53,0,0,0,0,1,1,3,0,13.8,9.34,55.3,42.2,146,142,98,87.5,8.6,7.53,2.05,1.79,0,0,0,0,0,0,0,0
2649,74,2,2,2,1,1,69,0,0,0,0,1,1,3,0,18.8,23.8,34.2,48.1,145,172,64.5,84.5,7.1,7.5,2.17,2.5,0,0,0,0,0,0,0,0
2650,74,2,2,2,1,1,69,0,1,0,1,1,1,2,0,11.8,20.4,21.4,36.4,131,142.5,70.5,68.5,6,8.6,2.7,2.7,0,0,0,0,1,1,0,0
2651,74,2,2,2,1,1,46,0,1,0,0,1,1,3,1,14.7,5.21,65,38.4,180,144,87,90,4.7,6.9,5.65,2.24,0,0,0,0,0,0,1,1
2652,74,2,2,2,1,1,51,1,0,0,0,1,1,3,0,13.6,9.97,45.7,36.8,141,138.5,88.5,86.5,9.9,5.9,2.67,2.1,0,0,0,0,0,0,0,0
2653,75,1,2,2,2,2,71,0,0,0,1,1,1,3,0,18.8,12,36.5,20.1,167.5,136.5,78.5,80.5,6.8,6.1,1.44,2.08,0,0,0,0,0,1,0,0
2654,75,1,2,2,2,2,68,0,1,0,1,1,1,3,0,26.2,22,50.2,42.5,155,149,92.5,90.5,6.8,6.46,3.59,2.64,0,0,0,0,0,0,0,0
2655,75,1,2,2,2,2,66,0,1,0,1,1,1,3,0,19,18.5,39.9,41.3,144,157.5,85.5,91.5,5.5,7.6,2.39,2.76,0,0,0,0,0,0,0,0
2656,75,1,2,2,2,2,58,1,1,0,0,1,1,3,0,22.9,18.4,59.7,50.1,152.5,136.5,91.5,86,8.1,8.8,3.58,3.99,0,0,0,0,0,0,0,0
2657,75,1,2,2,2,2,67,1,0,0,1,1,1,3,0,28.6,33.1,49.7,53.7,158.5,151.5,94.5,93,7.7,8.4,2.38,4.98,0,0,1,1,1,1,0,0
2658,75,1,2,2,2,2,70,0,1,0,0,0,1,3,0,11.1,20.2,18.5,34.3,130,144.5,75,79,6.1,8.1,4.42,2.09,0,0,0,0,0,0,0,0
2659,75,1,2,2,2,2,48,0,1,0,1,1,1,4,0,11.1,9.93,58.6,54.1,135.5,139,84.5,82,5.4,6.1,4.52,2.45,1,1,0,0,0,0,0,0
2660,75,1,2,2,2,2,68,1,1,0,0,1,1,3,0,14.4,13.7,36.6,27.6,163,140,97,86,5.9,7.3,1.58,1.84,0,1,0,0,1,1,0,0
2661,75,1,2,2,2,2,68,1,0,0,0,1,1,3,0,14.1,19.7,30.1,36.5,140,139.5,86.5,83.5,5.7,8.2,3.32,2.84,0,0,0,0,1,1,0,1
2662,75,1,2,2,2,2,55,1,0,0,0,1,1,2,0,17.2,12.8,50.4,39.9,139,126,98,93,8.2,7.3,3.18,4.26,0,0,0,0,0,0,0,0
2663,75,1,2,2,2,2,53,1,1,0,0,1,1,3,0,26.9,16.3,69.6,50.7,157.5,145.5,113.5,107,8.9,10.2,2.65,3.08,0,0,1,0,0,0,0,0
2664,75,1,2,2,2,2,76,0,1,0,0,1,1,3,0,27.9,34.7,40.3,38.9,218,182.5,98.5,86.5,6.1,7.2,3.45,3.27,0,0,0,0,0,0,0,0
2665,75,1,2,2,2,2,50,1,1,0,0,1,1,4,0,14.7,16.7,56.3,52.9,160,149,116.5,102.5,6.9,8.76,3.59,2.58,1,1,1,1,0,0,0,0
2666,75,1,2,2,2,2,63,0,0,0,0,0,1,3,0,18.4,11.6,46,29.8,147,132.5,79,75.5,6.9,7.1,2.87,1.82,0,0,0,0,0,0,0,0
2667,75,1,2,2,2,2,64,0,1,0,1,1,1,3,0,12.4,18.3,34.8,42.1,160,164,81,75.5,5.6,7.7,3.03,3.18,0,0,0,0,0,0,0,0
2668,75,1,2,2,2,2,63,0,0,0,0,1,1,3,0,12.5,14.8,36.1,37.3,156,137.5,95.5,86,5.4,7.8,3.14,4.02,0,0,0,0,0,0,0,0
2669,75,1,2,2,2,2,73,0,1,0,0,1,1,2,0,20,20.1,24.7,26.1,131,136,79.5,81.5,5.1,8.4,2.36,2.18,0,0,0,0,0,0,0,0
2670,75,1,2,2,2,2,55,1,1,0,0,1,1,3,0,14,9.59,43.3,28.9,137.5,131.5,99.5,100.5,6.1,8.6,4.41,1,0,0,0,0,0,0,0,0
2671,75,1,2,2,2,2,50,1,1,0,0,1,1,3,1,19.4,8.5,59.1,32.2,145.5,117,98,75,4.7,7.4,2.88,1.85,0,0,1,1,0,0,0,0
2672,75,1,2,2,2,2,57,0,1,0,1,1,1,4,0,18.5,8.97,58.9,31.5,149.5,123,91,71,7,11.4,3.76,5.32,1,1,0,0,0,0,1,0
2673,75,1,2,2,2,2,63,1,1,0,1,1,1,3,0,30.5,15.6,64.8,37.1,155,142,75,82.5,8.8,7.1,3.95,2.76,0,0,0,0,0,0,0,0
2674,75,1,2,2,2,2,60,0,1,0,0,0,1,4,0,13.3,12.7,43.5,37.5,162,128,89,75,6.6,7.7,2.76,5.31,1,0,0,0,0,0,0,0
2675,75,1,2,2,2,2,62,1,0,0,1,1,1,2,1,22.4,23.6,49.7,44.2,183.5,166,108.5,91,4.4,8.3,1.53,2.48,0,0,0,1,1,0,1,0
2676,75,1,2,2,2,2,44,1,1,0,0,1,1,3,0,18.3,9.26,61.9,43.9,145,125,85.5,83.5,5.1,8.6,3.07,3.93,0,0,0,0,0,0,1,0
2677,75,1,2,2,2,2,47,0,1,0,0,1,1,3,0,10,7.64,56.4,47.3,138,133.5,97,82.5,5.8,6.03,3.9,2.74,0,0,0,0,0,0,0,0
2678,75,1,2,2,2,2,63,0,0,0,0,1,1,2,1,15.8,13.9,40.4,35.8,145.5,142.5,79,80.5,5.8,8.8,2.64,3.94,0,0,0,0,0,0,0,0
2679,75,1,2,2,2,2,47,0,1,0,0,1,1,4,0,20.4,6.03,76.6,42,184,141,88,90.5,6.4,9.1,2.53,4.25,1,1,0,0,0,0,1,0
2680,75,1,2,2,2,2,58,0,0,0,0,1,1,2,1,16,7.28,51.2,24.9,156,114.5,91,71.5,7.1,8.7,5.07,3.82,0,0,0,0,0,0,0,0
2681,75,1,2,2,2,2,72,1,1,0,1,1,1,3,0,20.4,17.5,19.6,16.5,144.5,142.5,90.5,86.5,9,11.7,1.45,1.15,0,0,0,0,1,0,1,0
2682,75,1,2,2,2,2,48,1,1,0,1,1,1,2,1,18.7,16.1,54.6,50.6,144,132.5,86,81.5,5.6,6.1,2.2,3.04,0,0,1,1,0,0,0,0
2683,75,1,2,2,2,2,55,0,0,0,1,1,1,4,0,17.1,11.5,59.5,44.4,147,128.5,84.5,70.5,5.4,8.6,4.37,4.99,1,1,0,0,0,0,0,0
2684,75,1,2,2,2,2,52,0,0,0,1,1,1,2,1,10.6,2.96,46,16.9,144.5,106,95.5,72.5,4.3,6.7,3.27,3.97,0,0,0,0,0,0,0,0
2685,75,1,2,2,2,2,51,0,0,0,1,1,1,4,0,15.9,6.08,64.2,33.8,153.5,129.5,91,85,7.1,13.6,5.86,4.13,1,0,0,0,1,0,1,0
2686,75,1,2,2,2,2,83,0,0,0,1,1,1,2,0,31,28.4,4.82,3.7,156,142.5,100.5,67,9.8,7.11,1.19,2.06,0,0,0,0,1,0,0,0
2687,75,1,2,2,2,2,69,1,1,0,1,1,1,2,0,28.3,28.8,46.9,59.7,178.5,185,94,97,8.9,12.4,2.61,2.44,0,0,0,0,0,0,0,0
2688,75,1,2,2,2,2,67,0,0,0,1,1,1,3,0,10.5,13,17.9,21.5,126.5,108.5,62.5,68.5,5.9,6.04,2.77,3.1,0,0,0,0,0,0,1,0
2689,75,1,2,2,2,2,64,1,1,0,1,1,1,3,1,11.9,19.1,26.6,44.9,148,154.5,90,94.5,5.6,6.06,1.62,3.04,0,0,0,0,0,0,0,0
2690,75,1,2,2,2,2,45,1,1,0,0,1,1,3,0,12,12.2,46.8,48.3,131.5,117.5,90.5,88,6.1,9.4,3.41,4.49,0,0,1,1,0,0,1,0
2691,76,2,2,1,2,1,55,1,1,0,0,1,1,3,0,11.5,14.1,42,45.7,149,154,96.5,102.5,6.2,8.3,2.15,1.9,0,1,0,0,0,0,0,0
2692,76,2,2,1,2,1,65,0,1,0,0,0,1,3,0,26.4,16.1,60.4,34.8,173.5,131.5,80,57.5,9.7,12.4,4.06,2.82,0,0,0,0,0,0,0,0
2693,76,2,2,1,2,1,71,1,0,0,1,1,1,3,0,11.4,21.5,28.4,47.9,151,163,89.5,86,5.9,8.2,1.57,2.94,0,0,1,1,0,0,0,0
2694,76,2,2,1,2,1,53,0,0,0,1,1,1,3,0,13.3,9.34,53.2,41.3,147.5,129.5,85,76,5.6,8.9,2.74,6.06,0,0,0,0,0,0,0,0
2695,76,2,2,1,2,1,64,0,1,0,1,1,1,4,0,25.6,16.1,60.2,38.2,166,136.5,86.5,80.5,13.8,9.2,2,2.03,1,0,0,0,0,0,0,0
2696,76,2,2,1,2,1,70,1,1,0,1,1,1,2,1,24.8,29.9,29,25.1,178,146,89,80.5,6.4,7.21,2.84,2.78,0,0,0,0,0,1,0,0
2697,76,2,2,1,2,1,81,0,0,0,1,0,1,2,1,13.7,11.7,7.29,4.44,162.5,134,85,77.5,5.2,5.7,2.25,1.62,0,0,0,0,0,0,0,0
2698,76,2,2,1,2,1,77,1,1,0,1,1,1,3,0,39.1,25.1,19.1,9.75,166,150,91.5,84,8.2,10.9,3.52,1.56,0,0,0,0,0,0,0,0
2699,76,2,2,1,2,1,59,1,1,0,0,1,1,3,0,12.5,13.9,33.7,32.3,157.5,143.5,97,89,5.9,6.9,3.48,3.21,0,0,0,0,0,0,0,0
2700,76,2,2,1,2,1,81,0,1,0,1,1,1,2,0,15.6,23.1,8.57,9.53,136,117.5,66,61.5,5.4,8.7,1.36,1.5,0,0,0,0,0,0,0,0
2701,76,2,2,1,2,1,61,0,0,0,0,1,1,3,0,10.2,7.34,25.7,18.3,113.5,103.5,61.5,59.5,8.3,9.8,2.33,3.42,0,0,0,0,1,0,1,0
2702,76,2,2,1,2,1,74,0,0,0,1,1,1,2,1,13.6,24.5,19.9,35.2,152,162,73.5,73,6.2,7.61,5.08,2.61,0,0,0,0,0,1,0,1
2703,76,2,2,1,2,1,77,0,0,0,1,0,1,3,0,17.4,15.2,15.5,10.4,162.5,134.5,100,80,5.8,6.03,1.59,1.59,0,0,0,0,0,0,0,0
2704,76,2,2,1,2,1,50,1,1,0,0,1,1,4,0,12.9,6.01,44.6,29,123.5,123,76.5,88,5,8.6,3.27,3.4,1,0,0,0,0,0,1,0
2705,76,2,2,1,2,1,53,1,1,0,0,1,1,4,0,11.2,7.34,42.1,30,130.5,128,93.5,75.5,5.7,5.67,2.58,1.53,1,1,0,0,0,0,1,1
2706,76,2,2,1,2,1,54,1,0,0,0,1,1,3,0,13,13.5,39.8,41.2,145.5,136.5,67.5,78,6.6,9.1,1.77,4.29,0,0,1,1,0,0,0,0
2707,76,2,2,1,2,1,53,1,1,0,0,1,1,3,0,14.4,10.4,50.1,38.8,126,129,86,74,4.8,5.4,4.77,3.41,0,0,1,1,0,0,0,0
2708,76,2,2,1,2,1,66,0,1,0,0,1,1,2,1,16.3,12.4,34.6,21.7,143.5,127,73,71,5.8,9.6,4.8,5.1,0,0,0,0,0,0,0,0
2709,76,2,2,1,2,1,63,0,1,0,0,1,1,3,0,15.2,12.1,37.1,27.4,131.5,128,76.5,71,4.5,5.4,1.43,2.12,0,0,0,0,0,0,0,0
2710,76,2,2,1,2,1,62,1,1,0,0,1,1,3,0,13.2,18.5,25.9,34.7,135.5,134,73.5,75,9.6,8.2,1.41,3.46,0,0,0,0,0,1,0,0
2711,76,2,2,1,2,1,71,0,0,0,1,1,1,2,0,23.8,19.5,36.9,27.4,141.5,125,75.5,68.5,5.3,10.3,3.17,3.94,0,0,0,0,0,0,0,0
2712,76,2,2,1,2,1,70,0,0,0,0,1,1,3,0,19.3,21.5,41.3,34,177,135,93,74,5.4,6.1,3.82,3.2,0,0,0,0,0,0,0,0
2713,76,2,2,1,2,1,81,1,1,0,1,1,1,2,0,21.3,32.3,6.63,8.31,153,144,72.5,73.5,4.9,9.1,1.54,2.78,0,0,0,0,1,1,0,0
2714,76,2,2,1,2,1,57,1,1,0,0,1,1,2,0,15.7,11.5,43.5,33.3,140,130,95,82,5.9,5.6,3.57,3.2,0,0,1,1,1,1,0,0
2715,76,2,2,1,2,1,63,1,1,0,0,1,1,3,0,18.7,24.3,53,59.2,170.5,168.5,110,107,5.1,7.6,2.64,2.78,0,0,0,0,1,0,0,0
2716,76,2,2,1,2,1,70,0,0,0,1,1,1,4,0,21.4,23.3,46,36.9,181,135.5,87.5,80,5.3,7.6,4.05,3.4,1,1,0,0,0,0,0,0
2717,76,2,2,1,2,1,78,0,0,0,1,1,1,3,0,32.6,26.7,24.3,16.1,154.5,134.5,81,76.5,7.8,10.21,6.17,3.94,0,0,0,0,0,0,0,0
2718,76,2,2,1,2,1,63,0,0,0,0,1,1,4,0,15.2,18.9,42.6,45.7,154,136,85.5,80,5.3,7.1,2.72,2.95,1,1,0,0,0,0,0,0
2719,76,2,2,1,2,1,43,1,1,0,0,1,1,4,0,14.8,13.1,55.7,50.8,132,133,90,79.5,5.4,5.7,3.92,3.5,1,1,1,1,0,0,1,0
2720,76,2,2,1,2,1,50,0,1,0,0,1,1,3,0,13,9.53,58.6,49.3,146,149,99,102.5,5.4,6.08,3.74,5.04,0,0,0,0,0,0,1,1
2721,76,2,2,1,2,1,72,1,1,0,0,1,1,3,0,10.7,15.2,8.14,14.5,98.5,118,74,69.5,5.9,5.71,3.63,2.04,0,0,1,1,0,0,0,0
2722,76,2,2,1,2,1,65,1,1,0,1,1,1,3,0,11.9,9.79,30,22.5,144,126,83,73.5,5.9,5.5,1.74,1.91,0,0,0,0,0,0,0,0
2723,76,2,2,1,2,1,45,0,1,0,0,1,1,3,0,12.2,2.67,65.2,27.8,154,116,93.5,71,5.7,7.65,3.07,3.09,0,0,0,0,0,0,0,0
2724,76,2,2,1,2,1,46,0,1,0,0,1,1,4,0,10.1,6.39,59.3,45.7,135.5,143.5,92,95.5,12.1,13.1,7.45,2.96,1,1,0,0,0,0,0,1
2725,76,2,2,1,2,1,55,0,0,0,0,1,1,4,0,14.7,12,53.3,45.8,143,134,85.5,80.5,5.8,6.01,5.86,4.03,1,1,0,0,0,0,1,1
2726,76,2,2,1,2,1,68,1,1,1,1,1,1,4,0,26.2,10.4,56.6,15.9,169.5,131.5,114.5,74.5,6.4,6.81,3.37,2.06,1,0,0,0,0,0,0,0
2727,76,2,2,1,2,1,54,0,0,0,1,1,1,3,0,10.8,5.9,43.9,27.1,140,114,92,76.5,6.6,7.8,1.19,4.22,0,0,0,0,0,0,0,0
2728,76,2,2,1,2,1,55,0,0,1,1,1,1,3,0,16.9,13.1,58.8,49,154,131,93.5,74,9.8,7.91,3,3.1,0,1,0,0,0,0,0,0
2729,76,2,2,1,2,1,60,1,1,0,1,1,1,4,0,10.2,11.2,32,29.2,137,132,97.5,97.5,5.6,7.4,1.71,2.72,1,1,0,0,0,0,0,0
2730,76,2,2,1,2,1,58,0,0,0,1,1,1,3,0,23.2,20.4,66.6,61.8,180,159.5,78,87,7.7,12.12,4.62,4.21,0,0,0,0,0,1,0,0
2731,77,1,1,2,1,1,67,1,1,0,1,1,1,3,0,13.8,7.1,32.5,13.8,138,107.5,74,68,6.6,11.1,1.28,0.9,0,0,1,1,1,0,0,1
2732,77,1,1,2,1,1,57,0,1,0,1,1,1,3,0,10.5,14,36,46.7,133.5,153.5,73,86.5,9,10.6,2.44,5.81,0,0,0,0,0,0,0,0
2733,77,1,1,2,1,1,61,1,1,0,1,1,1,4,0,23.3,14,47.9,29.6,150.5,134.5,97.5,79,9.9,8.7,3.42,3.01,1,1,0,0,1,1,0,0
2734,77,1,1,2,1,1,69,1,0,0,1,1,1,2,0,18,12.8,32.4,16.3,143.5,129,79.5,76.5,8,6.7,2.65,2.21,0,0,0,0,0,0,0,0
2735,77,1,1,2,1,1,79,1,0,0,1,1,1,3,0,19.5,30.4,9.34,14.4,148.5,151,95,80.5,4.9,7.7,1.73,3.99,0,0,0,0,0,1,1,0
2736,77,1,1,2,1,1,64,0,0,0,1,1,1,3,0,11,11.5,28.6,24.6,138.5,109.5,91.5,73,6.6,10.4,1.95,3.21,0,0,0,0,1,0,0,0
2737,77,1,1,2,1,1,62,0,1,0,1,1,1,2,0,11.4,7.83,34.6,23,155.5,132.5,95.5,87,4.7,5.8,3.41,1.92,0,0,0,0,0,0,0,0
2738,77,1,1,2,1,1,57,1,1,0,1,1,1,4,0,28.4,24.6,69.6,63.6,157.5,157.5,89,90,8.3,11.3,2.97,2.89,1,1,0,0,0,1,0,1
2739,77,1,1,2,1,1,66,1,0,1,1,1,1,3,0,12,5.47,34.6,14.6,165,137,101,87.5,4.8,5.8,1.32,0.13,0,1,0,0,0,0,0,0
2740,77,1,1,2,1,1,72,0,0,0,1,1,1,2,0,15.2,20.1,27.8,25.5,165,150,81,71.5,5.1,7.1,2.31,2.18,0,0,0,0,1,0,1,0
2741,77,1,1,2,1,1,61,1,0,0,1,1,1,4,0,13.8,9.47,28.2,20.7,129,136,80.5,83.5,7,7.61,2.34,0.66,1,0,0,0,1,0,0,0
2742,77,1,1,2,1,1,64,0,1,0,1,1,1,3,0,20.4,14.3,48,32.5,146,123,87,71,5.8,10.1,2.23,2.65,0,0,0,0,0,0,1,0
2743,77,1,1,2,1,1,56,0,0,0,0,1,1,2,0,22.1,13.4,68.1,47.9,174,145,99.5,85,13.9,13.5,4.63,5.73,0,0,0,0,1,0,0,0
2744,77,1,1,2,1,1,57,0,1,0,0,1,1,3,0,11.6,13.2,40,45.1,132,145,95,93,7.2,9.3,1.5,4.06,0,0,0,0,0,0,1,0
2745,77,1,1,2,1,1,70,1,0,0,1,1,1,3,0,23.7,26.7,43.5,35.5,175,142,111.5,98.5,6.4,7.4,1.79,3.05,0,1,1,1,0,1,0,0
2746,77,1,1,2,1,1,47,1,1,0,0,1,1,3,0,10.3,4.97,44.6,27.1,149.5,132.5,108,81,5.6,5.9,2.61,1.88,0,0,0,0,0,0,1,0
2747,77,1,1,2,1,1,56,1,0,1,0,1,1,3,0,18.7,12,52.9,36.5,171.5,143,114,95,5.4,5.1,1.47,1.61,0,0,1,1,0,0,0,0
2748,77,1,1,2,1,1,65,0,0,0,0,1,1,3,0,16.1,10.1,42.5,23.9,172,132.5,73.5,72,6.1,6.7,4.05,3.69,0,0,0,0,1,1,1,1
2749,77,1,1,2,1,1,55,0,0,0,0,1,1,3,0,15.6,7.87,55.8,32.5,152,114,93,70.5,5.4,8.6,4.02,4.12,0,0,0,0,0,0,0,0
2750,77,1,1,2,1,1,57,1,0,0,0,1,1,2,1,11,23.7,30.6,53.9,147,144,101,98,5.2,7.2,2.17,4.54,0,0,0,0,0,0,0,0
2751,77,1,1,2,1,1,54,0,0,0,0,1,1,3,0,14.1,14.9,55.5,56.2,183.5,147.5,85.5,81.5,5.1,8.3,3.86,4.31,0,0,0,0,0,0,1,0
2752,77,1,1,2,1,1,59,1,1,0,0,1,1,2,1,11.2,14.4,29.3,31.7,155,132,99.5,94,5,7.6,2.28,4.32,0,0,0,0,0,0,0,0
2753,77,1,1,2,1,1,62,0,1,0,0,1,1,3,0,12.9,11,31.3,26.5,129.5,121,88.5,84,5.9,6.9,5.72,8.84,0,0,0,0,0,0,0,0
2754,77,1,1,2,1,1,63,1,0,0,0,1,1,2,0,17,12.2,34.9,23.5,155.5,133.5,98.5,88,4.2,6.8,3.75,3.86,0,0,1,1,0,0,0,0
2755,77,1,1,2,1,1,71,0,0,0,0,1,1,3,0,14.9,17.1,25.4,21.8,145.5,115,85.5,68.5,5.6,9.2,1.76,2.02,0,0,0,0,0,0,1,0
2756,77,1,1,2,1,1,67,0,1,0,1,1,1,3,0,16.5,19.6,39.6,38.2,170.5,140,95.5,79,5.3,6.2,4.27,5.46,0,0,0,0,1,0,1,0
2757,77,1,1,2,1,1,69,1,0,0,0,1,1,4,0,18.5,19.3,28.6,29.8,129,129,90.5,87,4.6,7.7,2.98,4.55,1,1,1,1,0,0,1,0
2758,77,1,1,2,1,1,56,1,0,0,0,1,1,2,1,11.8,11.5,35.7,31.1,172,133.5,91,80,5.7,5.9,1.05,1.43,0,0,1,1,0,0,0,0
2759,77,1,1,2,1,1,44,0,0,0,0,1,1,3,1,12.8,3.22,62.8,30.5,175.5,135,82.5,80,5.3,4.8,2.91,2.45,0,0,0,0,0,0,1,1
2760,77,1,1,2,1,1,51,1,0,0,0,1,1,3,0,12.3,6.32,46,30.2,140.5,135,92,81,5.6,5.8,3.74,4.06,0,0,0,0,0,0,0,0
2761,77,1,1,2,1,1,49,0,1,0,0,1,1,2,0,12.8,8.75,60.4,47.9,144.5,132.5,96.5,87.5,5.6,7.3,3.18,4.48,0,0,0,0,0,0,0,0
2762,77,1,1,2,1,1,49,0,1,0,0,1,1,3,0,13.2,9.86,61.6,51.7,144.5,136.5,88,85.5,6.6,9.1,4.53,4.64,0,0,0,0,0,1,0,0
2763,77,1,1,2,1,1,47,0,1,0,0,1,1,4,0,14.2,5.19,66.7,36.8,144.5,142,97.5,84.5,5.6,6.1,3.84,1.9,1,0,0,0,0,0,0,0
2764,77,1,1,2,1,1,71,0,1,0,0,0,1,2,1,20.6,15.5,37.6,23.6,166,134.5,89.5,79.5,7.7,9.7,2.72,2.96,0,0,0,0,0,0,0,0
2765,77,1,1,2,1,1,49,0,0,0,0,1,1,4,0,12.2,2.64,58,20.8,147.5,102,92.5,71.5,6.7,8.1,3.52,2.53,1,1,0,0,1,1,1,0
2766,77,1,1,2,1,1,51,1,0,1,0,1,1,3,0,19.8,5.78,59.6,26.8,145,115.5,82.5,78.5,18.2,7.1,2.88,3.25,0,0,0,0,0,0,1,0
2767,77,1,1,2,1,1,44,1,0,0,0,1,1,4,0,12.6,8.78,50,42.9,138.5,123,92,87,6.3,11.3,1.87,3.92,1,1,1,1,0,0,1,0
2768,77,1,1,2,1,1,51,0,1,0,0,1,1,3,0,14.9,4.53,61.7,27.6,150,111.5,88.5,77,5.7,7.8,3.35,4.37,0,0,0,0,0,0,0,0
2769,77,1,1,2,1,1,65,0,1,0,1,1,1,4,0,15.6,17.4,38.4,35.7,147,121,68.5,68,5.4,7.9,3.95,3.33,1,1,0,0,0,0,0,0
2770,77,1,1,2,1,1,59,0,1,0,0,1,1,4,0,13.1,14.6,44.3,44.9,154,137.5,91,88.5,6.6,7.8,3.02,2.95,1,1,0,0,0,0,0,0
2771,78,1,1,2,2,2,57,0,0,1,0,1,1,3,0,21,9.81,63.9,34.4,194,142.5,97,91,10.8,9.6,3.83,2.48,0,0,0,0,0,0,1,1
2772,78,1,1,2,2,2,55,0,0,1,0,1,1,4,0,13.5,12.8,50.3,48.3,146.5,138.5,79.5,76.5,4.5,11.7,3.62,2.99,1,1,0,0,0,0,1,1
2773,78,1,1,2,2,2,56,1,0,1,0,1,1,4,0,16.8,18.9,53.3,54.6,159.5,142.5,98,85,5.4,5.8,2.27,3.87,1,1,0,0,0,0,1,1
2774,78,1,1,2,2,2,51,1,0,1,1,1,1,3,0,10.1,8.99,40,35.9,132.5,135.5,98,82.5,6.3,5.4,2.65,1.62,0,0,0,0,0,0,1,1
2775,78,1,1,2,2,2,53,0,0,1,1,1,1,4,0,23.3,12.3,74.9,50.5,177,141,100.5,84.5,7.7,9,3.83,3.39,1,1,0,0,0,0,1,1
2776,78,1,1,2,2,2,59,0,0,1,1,1,1,4,0,12.4,13,42.5,40.6,153.5,128.5,77.5,67.5,6.7,7.7,4.05,4.65,1,1,0,0,0,0,1,1
2777,78,1,1,2,2,2,54,0,1,1,0,1,1,3,0,17.3,10.6,61.3,43.5,163.5,136.5,102.5,85.5,9.1,9.4,2.31,4,0,0,0,0,0,0,1,1
2778,78,1,1,2,2,2,61,1,1,1,1,1,1,4,0,22.5,18.3,52.6,37.6,173,139.5,93,84.5,6.2,6.4,1.9,2.55,1,1,0,0,0,0,1,1
2779,78,1,1,2,2,2,65,0,0,1,1,1,1,4,0,28.7,18.5,62.9,37.6,165,122,95,69,13.4,8.5,3.16,3.33,1,1,0,0,0,0,1,1
2780,78,1,1,2,2,2,66,1,1,1,0,1,1,3,0,24.7,16,47.6,28,169,137,101.5,70.5,9.2,8.6,4.18,2.9,0,0,0,0,0,0,1,0
2781,78,1,1,2,2,2,41,1,0,1,0,1,1,4,0,13.6,7.63,51.5,44.3,135,138.5,88,90,5.5,6.1,3.09,2.73,1,1,1,1,0,0,1,1
2782,78,1,1,2,2,2,63,1,0,1,1,1,1,4,0,21.5,16.7,55.9,47.1,162.5,164,101.5,91.5,5.7,6.2,3.46,2.81,1,0,0,0,0,0,1,1
2783,78,1,1,2,2,2,63,0,0,1,1,1,1,3,0,14,13,34.8,33.4,133.5,137.5,73.5,75,16.9,6.8,2.02,2.67,0,0,0,0,0,0,1,1
2784,78,1,1,2,2,2,55,0,0,1,1,1,1,4,0,16,16.5,56.9,58,139.5,145,89,83.5,8.3,7.2,4.03,5.11,1,1,0,0,0,0,1,1
2785,78,1,1,2,2,2,54,1,0,1,1,1,1,3,0,18.4,11,58.7,40.5,164.5,139.5,102,85,6.3,5.7,2.75,3.01,0,0,1,1,0,0,1,1
2786,78,1,1,2,2,2,55,1,0,1,1,1,1,3,0,12.3,16.4,36.8,46.2,138,145.5,84.5,86.5,7.6,6,1.87,2.26,0,0,1,1,0,0,1,1
2787,78,1,1,2,2,2,66,0,0,1,0,1,1,2,0,12.1,16.7,29.7,35.5,157.5,146,82,85.5,5.2,5.3,2.65,2.87,0,0,0,0,0,0,1,1
2788,78,1,1,2,2,2,54,0,0,1,0,1,1,4,0,14.9,7.78,56.4,34.6,147,114.5,91.5,76,5.6,6.4,4.53,2.35,1,1,0,0,0,0,1,1
2789,78,1,1,2,2,2,46,0,0,1,0,1,1,4,0,12,11.4,65,62.1,140,144,100,85.5,9.5,5.7,4.26,4.22,1,1,0,0,0,0,1,1
2790,78,1,1,2,2,2,41,1,0,1,0,1,1,2,0,10.7,2.25,47.4,19.5,161.5,121,93,82,4.3,5.2,2.94,2.18,0,0,1,1,0,0,1,1
2791,78,1,1,2,2,2,50,0,0,1,0,1,1,3,0,24.1,6.36,79.7,36.3,183.5,140.5,99.5,82.5,9.5,6.6,4.83,5,0,0,0,0,0,0,1,1
2792,78,1,1,2,2,2,53,1,0,1,0,1,1,4,0,15.8,12.5,52.9,44.5,154,142.5,86,86,8.9,6.8,2.41,2.63,1,1,0,0,0,0,1,1
2793,78,1,1,2,2,2,55,1,0,1,0,1,1,4,0,11.8,9.41,44.4,36,157,138.5,88.5,88.5,6,6.4,3.93,2.58,1,1,0,0,0,0,1,1
2794,78,1,1,2,2,2,53,1,0,1,0,1,1,3,0,26.1,22.1,70.1,64,165,169,105.5,100,5.6,10.2,5.5,4.69,0,0,1,1,0,0,1,1
2795,78,1,1,2,2,2,50,0,0,1,0,1,1,4,0,19.9,11.1,72.7,53.2,203.5,167,111.5,100,4.1,5.2,2.24,2.55,1,1,0,0,0,0,1,1
2796,78,1,1,2,2,2,44,0,1,0,0,1,1,4,0,12.5,2.06,68.2,23.6,150,125.5,99,76,7,5.5,5.32,3.09,1,0,0,0,0,0,1,0
2797,78,1,1,2,2,2,59,1,0,1,0,1,1,4,0,28.1,16,77.2,49.2,214.5,157,121.5,99.5,6.4,5.9,1.9,3.02,1,1,0,0,0,0,1,1
2798,78,1,1,2,2,2,53,0,0,1,0,1,1,4,0,11,10.2,47.6,44.2,160.5,133.5,96.5,86.5,4.4,7.4,1.48,4.59,1,1,0,0,0,0,1,1
2799,78,1,1,2,2,2,49,1,0,1,0,1,1,4,0,13,6.61,52.1,32.5,152.5,138,99,86,6.1,5.9,2.79,1.75,1,1,0,0,0,0,1,1
2800,78,1,1,2,2,2,49,1,0,0,0,1,1,4,0,12.9,11.1,47.3,43.3,138.5,132.5,88.5,85,4.6,4.6,3.56,3.61,1,1,1,1,0,0,1,1
2801,78,1,1,2,2,2,43,1,1,1,0,1,1,4,0,10.9,7.99,56.1,48.3,164.5,142.5,111.5,86,5.2,6,3.93,4.01,1,1,0,0,0,0,1,1
2802,78,1,1,2,2,2,47,1,1,0,0,1,1,4,0,18.9,11.2,65.1,43.8,164,131,98,81,7.1,5.8,4.97,3.03,1,1,0,0,0,0,0,1
2803,78,1,1,2,2,2,52,1,0,1,0,1,1,4,0,15.5,9.89,48.7,35.2,143,128,95,80.5,9.3,5.3,3.64,3.51,1,1,0,0,0,0,1,0
2804,78,1,1,2,2,2,50,1,0,1,0,1,1,4,0,21.3,9.35,61.6,36.7,154,140,102.5,99,8.8,5.3,4.22,2.18,1,1,1,1,0,0,1,0
2805,78,1,1,2,2,2,40,0,1,0,0,1,1,3,0,10.9,1.01,71,19.1,182.5,117,105,71,7,6,4.23,3.47,0,0,0,0,0,0,1,1
2806,79,2,1,1,1,2,59,0,0,1,0,1,1,3,0,14.3,9.09,43.1,27.1,126,115,70.5,66.5,15,11.3,3.07,3.99,0,0,0,0,0,0,1,0
2807,79,2,1,1,1,2,55,1,0,1,0,1,1,4,0,16.6,7.72,53.8,29.4,156,122,114,86.5,5.6,5.7,2.11,2.65,1,1,0,0,0,0,1,1
2808,79,2,1,1,1,2,70,1,0,0,1,1,1,2,0,14.8,20.2,14,22.9,142.5,142,67.5,86.5,5.8,4.8,2.56,2.67,0,0,0,0,0,0,0,0
2809,79,2,1,1,1,2,68,1,0,1,0,1,1,4,0,20,24.3,42.6,38.6,157,150.5,91,86,8,7.6,3.15,3.8,1,0,0,0,1,1,0,0
2810,79,2,1,1,1,2,65,1,1,0,0,1,1,2,0,10.2,12.7,22.7,26.5,150.5,143.5,91,84.5,5.8,6.1,1.03,3.63,0,0,0,0,0,0,0,0
2811,79,2,1,1,1,2,54,1,0,1,0,1,1,4,0,33,13.8,82.1,48.1,197.5,154,132,101.5,5.6,4.8,3.16,2.59,1,0,0,0,0,0,1,1
2812,79,2,1,1,1,2,55,0,0,1,0,1,1,3,0,12,11.3,47.6,45.6,167,162.5,101.5,99.5,5.5,5.8,3.88,2.78,0,0,0,0,0,0,0,1
2813,79,2,1,1,1,2,45,1,0,1,0,1,1,4,0,18.5,18.1,60.8,58.9,149,154.5,105.5,108.5,12.6,7.2,1.85,1.84,1,1,0,0,0,0,1,1
2814,79,2,1,1,1,2,62,0,0,0,0,1,1,3,0,17.3,11.1,45.1,28.1,141.5,115,79,71.5,6.2,6.7,1.75,2.45,0,0,0,0,0,1,1,1
2815,79,2,1,1,1,2,49,1,0,0,0,1,1,4,0,16.1,13,56.8,48.7,158,156,109.5,102,5.1,4.4,2.74,2.31,1,0,0,0,1,0,1,1
2816,79,2,1,1,1,2,52,0,0,0,0,1,1,3,0,15.4,3.41,60.5,20.3,152,120.5,99,83.5,8.5,4.7,2.2,3.25,0,0,0,0,0,0,1,0
2817,79,2,1,1,1,2,54,1,0,0,0,1,1,4,0,24.6,5.38,66.7,21.2,150,115,99.5,82.5,7.9,10.8,3.41,1.94,1,0,0,0,0,0,0,0
2818,79,2,1,1,1,2,50,1,0,1,0,1,1,3,0,21.5,31.7,63.6,77.2,149.5,172,97.5,112.5,5.9,4.9,3.16,3.17,0,0,1,1,0,0,1,1
2819,79,2,1,1,1,2,50,1,0,0,0,1,1,4,0,21.6,6.18,66,29.4,167,119.5,111,87,5.4,4.7,2.65,2.89,1,1,0,0,0,0,0,0
2820,79,2,1,1,1,2,64,1,0,0,0,1,1,4,0,14.2,14.2,41.4,35.7,164.5,135.5,91,86.5,5.3,5,1.55,3.84,1,1,0,0,0,0,1,1
2821,79,2,1,1,1,2,57,0,0,0,0,0,1,4,0,12.1,6.09,44.9,24.2,155.5,112,101,83,6.9,5.4,2.89,4.82,1,1,0,0,0,0,1,1
2822,79,2,1,1,1,2,64,1,1,0,0,1,1,3,0,20,27.5,41.4,50.7,168.5,173.5,101,102,5.8,12.6,3.4,3.63,0,0,0,0,0,1,0,1
2823,79,2,1,1,1,2,59,0,0,0,0,1,1,2,0,11.8,20.3,40.3,59.2,161.5,164,103,102,4.7,5.3,1.69,1.8,0,0,0,0,0,0,0,0
2824,79,2,1,1,1,2,64,1,0,0,0,1,1,2,1,16.7,11,41.8,30,129.5,135,87,78.5,4.8,4.5,4.59,1.94,0,0,1,1,0,0,1,1
2825,79,2,1,1,1,2,55,1,0,0,0,1,1,3,0,13.8,15.2,43.2,47.3,137,145.5,98,96,7.4,4.9,2.52,3.15,0,0,0,0,0,0,0,0
2826,79,2,1,1,1,2,46,1,0,1,0,1,1,4,0,12.1,4.88,54.6,30.2,159.5,141.5,102,90,5.6,4.8,4.09,2.15,1,1,0,0,1,1,0,1
2827,79,2,1,1,1,2,54,0,0,0,0,1,1,2,1,13.3,8.29,50.4,35.4,157.5,124,103,76.5,6,3.4,2.71,4.51,0,0,0,0,0,0,0,1
2828,79,2,1,1,1,2,53,1,0,0,0,1,1,3,0,20.7,9.86,62.5,37,159.5,132,105.5,78,5.4,4.8,3.32,2.35,0,0,0,0,0,0,0,0
2829,79,2,1,1,1,2,54,1,0,0,0,1,1,4,0,13.8,14,43.8,44.4,162,153.5,106.5,102,5.9,5.6,1.61,3.64,1,1,0,0,0,0,1,1
2830,79,2,1,1,1,2,50,0,0,0,0,1,1,4,0,11,7.96,54.9,44.9,147,132,87,81.5,9.4,8.9,3.98,4.01,1,1,0,0,0,0,1,1
2831,79,2,1,1,1,2,58,0,0,0,0,1,1,4,0,15.8,7.52,48.5,28.2,143.5,132.5,92,91.5,8.4,5,4.68,4.71,1,1,0,0,0,0,1,1
2832,79,2,1,1,1,2,52,0,0,0,0,1,1,3,0,17.2,6.79,64.8,34.5,157.5,128,99,75.5,11.6,7.3,3.21,3.13,0,0,0,0,0,1,0,1
2833,79,2,1,1,1,2,50,1,0,0,0,1,1,4,0,26.3,13.6,69.9,48.2,164,138,104.5,74.5,10.1,5.8,1.86,1.95,1,1,0,0,0,1,0,1
2834,79,2,1,1,1,2,54,1,0,0,0,1,1,3,0,21.2,16.3,59.4,50.7,165.5,174.5,108,127.5,5.8,4.8,2.44,3.06,0,0,1,1,0,0,1,1
2835,79,2,1,1,1,2,58,0,0,0,0,1,1,3,0,10,5.87,32.5,21.4,128,129.5,70,81.5,7.9,4.6,2.62,3,0,0,0,0,1,1,1,1
2836,79,2,1,1,1,2,60,0,0,0,0,1,1,3,0,11,7.32,37.1,23.4,156,140.5,103,78,4.2,5.2,3.12,2.64,0,0,0,0,0,0,1,1
2837,79,2,1,1,1,2,44,1,0,0,0,1,1,4,0,14.5,4.43,57.6,32.9,143.5,132.5,98.5,95.5,5.6,4.6,3.82,3.1,1,1,0,0,0,0,0,0
2838,80,2,2,1,1,2,59,0,0,1,0,1,1,3,0,17,13.6,49.3,40.4,156.5,143.5,92,89,6.8,7,2.5,2.47,0,0,0,0,0,0,1,1
2839,80,2,2,1,1,2,65,1,1,1,0,1,1,3,0,39.2,28.9,62.8,47.6,179,137.5,104,83,7.8,6,4.45,4.89,0,0,1,1,1,1,1,1
2840,80,2,2,1,1,2,69,1,0,1,1,1,1,2,0,22.8,22.6,33.1,33.8,146.5,152,83,85.5,5.3,5.6,1.89,1.75,0,0,0,0,0,0,1,1
2841,80,2,2,1,1,2,71,0,0,1,0,0,1,3,0,13.7,13.7,26.5,26.3,161,159.5,91,80,4.1,5.4,1.54,1.57,0,0,0,0,0,0,1,1
2842,80,2,2,1,1,2,72,1,0,1,0,1,1,4,0,20.6,16.2,26.5,17.2,169.5,146.5,106,107.5,4.9,4.5,1.54,1.52,1,1,0,0,0,0,1,1
2843,80,2,2,1,1,2,71,0,0,1,0,1,1,3,0,19.6,28,40,47.2,177.5,159.5,97,88,5.2,7.8,3.6,2.85,0,0,0,0,0,0,1,1
2844,80,2,2,1,1,2,63,1,0,1,1,1,1,4,0,16.3,18,35.3,39.5,156,165,95.5,95.5,5.5,6.3,3.12,3.52,1,1,0,0,0,0,0,0
2845,80,2,2,1,1,2,59,1,0,1,0,1,1,4,0,10.7,23.5,34.5,61.2,131.5,157.5,85.5,94,5.6,8.3,4.1,3.15,1,1,0,0,0,0,1,1
2846,80,2,2,1,1,2,62,0,0,1,1,1,1,2,0,15.2,18.3,38.2,46.3,147,162.5,83.5,88.5,8.2,9.3,3.39,3.24,0,0,0,0,0,0,1,0
2847,80,2,2,1,1,2,50,0,0,1,0,1,1,4,0,12.7,4.93,59.2,31.4,161.5,119.5,104,84,6.1,6.7,3.73,3.3,1,1,0,0,0,0,1,1
2848,80,2,2,1,1,2,54,0,0,1,0,1,1,4,0,10.9,10.1,44.8,42.3,125,121,88,78.5,8.7,10.7,2.78,2.69,1,1,0,0,0,0,1,1
2849,80,2,2,1,1,2,67,0,0,1,1,0,1,2,1,11.8,15.1,19.4,27.7,110,130,64.5,69.5,7.4,7.3,1.83,1.74,0,0,0,0,0,0,1,1
2850,80,2,2,1,1,2,59,0,0,1,0,1,1,3,0,25.6,20.2,70,58.8,181,160.5,96,93.5,9.2,10.3,2.38,2.32,0,0,0,0,0,0,1,1
2851,80,2,2,1,1,2,57,0,0,1,0,1,1,3,1,10.5,8,36.4,28.5,130.5,117,84,73,6.5,6.9,1.72,2.03,0,0,0,0,0,0,1,0
2852,80,2,2,1,1,2,53,0,0,1,0,1,1,3,0,12,8.15,49.7,38.4,153,162.5,100.5,102.5,8.4,5.3,2.46,2.92,0,0,0,0,0,0,1,1
2853,80,2,2,1,1,2,50,0,0,1,0,1,1,4,0,14.7,10.3,61.7,50.8,161.5,159.5,103.5,100,10.3,9.2,2.21,2.2,1,1,0,0,0,0,1,1
2854,80,2,2,1,1,2,54,0,0,0,0,1,1,4,0,14.7,14.9,55.5,58,140,181.5,89.5,104.5,7.1,6.1,4.14,3.85,1,1,0,0,0,0,1,1
2855,80,2,2,1,1,2,57,0,0,1,0,1,1,4,0,13.5,18.3,48.3,58.3,173,147.5,99.5,94,5.2,7.2,3.07,3.12,1,1,0,0,0,0,1,1
2856,80,2,2,1,1,2,57,1,0,1,0,1,1,3,0,29.3,28,65.3,63.2,164.5,161.5,105,94.5,6.8,6.4,2.69,2.67,0,0,1,1,0,0,1,1
2857,80,2,2,1,1,2,58,0,0,1,0,1,1,2,0,13,15.2,41.7,48.9,153,151,100.5,94,8.7,6.6,2.6,2.38,0,0,0,0,0,0,1,1
2858,80,2,2,1,1,2,50,0,0,1,0,1,1,4,0,10.6,6.1,51.2,35.3,168.5,141,108,87.5,5.2,4.4,3.8,3.2,1,1,0,0,0,0,1,1
2859,80,2,2,1,1,2,60,0,0,1,0,1,1,4,0,12.1,25.9,39.7,68.8,155,170.5,91.5,96,6.4,6.7,1.46,2.71,1,1,0,0,0,0,1,1
2860,80,2,2,1,1,2,48,0,1,0,0,1,1,4,0,10.9,4.68,56.1,32.3,169.5,151.5,101,85,7.6,4.6,2.49,1.89,1,1,0,0,0,0,0,1
2861,80,2,2,1,1,2,58,1,0,1,0,1,1,4,0,12.2,14.2,34.8,34.9,160.5,136,93.5,93.5,5.4,6.2,1.27,2.86,1,1,0,0,0,0,1,1
2862,80,2,2,1,1,2,53,0,0,1,0,1,1,4,0,15.1,6.97,59.8,34.2,176,130,106,89.5,4.7,5.3,3.1,3.05,1,1,0,0,0,0,1,1
2863,80,2,2,1,1,2,51,1,0,1,1,1,1,3,0,13.7,10.6,49.1,39.3,128,130,89,95,4.6,5.3,4.48,1.71,0,0,1,1,0,0,0,1
2864,80,2,2,1,1,2,59,0,0,1,0,1,1,3,0,15.8,10.6,46.6,32.1,156.5,130,101,80,8.5,5.4,3.54,2.54,0,0,0,0,0,0,1,1
2865,80,2,2,1,1,2,70,1,0,1,0,1,1,3,0,15.7,12.6,36.2,28.2,165.5,157,90.5,94.5,4.8,5.2,1.69,1.69,0,0,0,0,0,0,1,1
2866,80,2,2,1,1,2,59,0,0,1,0,1,1,3,0,14.2,11.6,42.4,35.3,148.5,135.5,91.5,78,9.6,12.5,3.34,2.96,0,0,0,0,0,0,0,0
2867,80,2,2,1,1,2,59,0,0,1,0,1,1,2,0,16.3,11.8,50.1,37.3,150,135.5,100.5,82,7.5,6,3.22,3.09,0,0,0,0,0,0,1,1
2868,80,2,2,1,1,2,78,1,0,0,0,1,1,4,0,22.7,16.7,29,16.8,168.5,146,99.5,83.5,5.6,5.3,3.33,3.55,1,1,0,0,1,1,0,0
2869,80,2,2,1,1,2,58,1,0,1,0,1,1,3,0,20.7,9.55,52.7,26.5,176,159.5,105,89,5.6,5.4,2.37,2.14,0,0,0,0,0,0,1,1
2870,80,2,2,1,1,2,64,0,0,1,0,1,1,3,0,10,8.72,27.2,21.4,141,143,92,90,4.3,6.2,3.51,2.15,0,0,0,0,0,0,1,1
2871,80,2,2,1,1,2,66,0,0,1,0,1,1,2,0,27.2,26.9,59.8,58.9,180.5,177,91,89.5,6.3,6.4,1.96,2.34,0,0,0,0,0,0,0,1
2872,80,2,2,1,1,2,64,1,1,1,0,1,1,3,0,15,8.1,46.7,23.5,160.5,127.5,111.5,91.5,5.7,6.8,2.05,1.51,0,0,1,1,0,0,1,1
2873,81,2,2,1,2,1,71,1,0,1,1,1,1,3,1,18.3,22,30.2,24.5,155.5,138.5,94,84.5,4.9,4.4,2.88,3.18,0,0,0,0,0,0,1,1
2874,81,2,2,1,2,1,71,0,0,1,0,1,1,3,0,15,14.9,21.1,27.3,143,153.5,75.5,85,4.1,4.4,3.87,3.08,0,0,0,0,1,0,1,1
2875,81,2,2,1,2,1,64,1,1,1,1,1,1,3,0,24,27.5,48.6,64.2,162.5,177.5,94.5,97.5,6.6,7.2,3.44,2.39,0,0,0,0,0,0,1,1
2876,81,2,2,1,2,1,68,1,0,1,1,1,1,3,0,18.5,18.1,51.6,52.3,165.5,168.5,102.5,93.5,5.5,4.4,2.69,3.67,0,0,1,1,0,0,1,1
2877,81,2,2,1,2,1,67,0,0,1,1,1,1,2,0,15.8,18.4,36.2,35.9,160,142,84.5,83,4.7,5,3.5,3.02,0,0,0,0,0,0,1,1
2878,81,2,2,1,2,1,71,0,0,1,0,1,1,3,0,17.9,15.8,26.9,28.6,155,153,83.5,87.5,5.4,4.8,3.87,2.93,0,0,0,0,0,0,1,0
2879,81,2,2,1,2,1,49,1,0,1,0,1,1,4,0,27.7,20.3,74.1,66.7,155.5,165,112.5,104,4.9,4.3,4.42,3.81,1,0,1,1,0,0,1,1
2880,81,2,2,1,2,1,67,0,1,0,0,1,1,4,0,20.1,21.2,46.7,47.1,170,196.5,84,97.5,5.8,4.9,4.61,2.25,1,1,0,0,0,1,1,1
2881,81,2,2,1,2,1,65,0,0,1,0,1,1,3,0,13.8,9.09,35,21.3,151,127,82.5,67.5,5.5,4.3,4.45,1.74,0,0,0,0,0,0,1,1
2882,81,2,2,1,2,1,67,0,0,1,1,1,1,2,0,11,22.1,24.3,47.3,146,168,75.5,86.5,4.6,4.2,1.79,2.01,0,0,0,0,0,0,1,1
2883,81,2,2,1,2,1,58,0,0,1,1,1,1,3,0,12,12.4,39.3,40.6,126,131.5,82.5,78.5,7,6.3,2.12,1.37,0,0,0,0,0,0,1,1
2884,81,2,2,1,2,1,64,0,0,1,1,1,1,3,0,13.2,12.2,37.3,34.3,165,161,91,82,4.8,4.3,3.72,3.05,0,0,0,0,0,0,1,1
2885,81,2,2,1,2,1,69,1,0,1,0,1,1,2,1,11.9,10.6,22.7,19.5,137,132,71.5,80,5.3,4.8,1.75,1.51,0,0,0,0,0,0,1,1
2886,81,2,2,1,2,1,52,1,1,1,0,1,1,4,0,16.5,11.3,51.5,39.7,156.5,137,105,89,8.2,8.2,3.2,3.33,1,0,1,1,0,0,1,1
2887,81,2,2,1,2,1,55,0,0,0,0,1,1,3,0,12.5,3.13,46.7,14.7,162.5,114,100,76,7.4,4.6,2.52,2.61,0,0,0,0,0,0,1,1
2888,81,2,2,1,2,1,49,1,0,1,0,1,1,4,0,19.5,16.3,67.2,59.4,159,161.5,95,90,5.8,4.8,4.18,2.27,1,1,0,1,0,0,1,1
2889,81,2,2,1,2,1,56,1,0,1,0,1,1,4,0,17.3,6.51,55.7,25,162,131.5,113,99,5.9,5.3,3.43,1.26,1,1,0,0,0,0,1,0
2890,81,2,2,1,2,1,53,0,0,1,0,1,1,2,1,11.2,13.2,46.8,52.2,164.5,157.5,106,100.5,7,4.3,2.24,1.92,0,0,0,0,0,0,1,1
2891,81,2,2,1,2,1,56,1,0,1,0,1,1,3,0,12.4,7.28,37.7,24.1,145,128.5,108.5,92,5.1,4.5,3.11,2.62,0,0,1,1,0,0,1,1
2892,81,2,2,1,2,1,72,1,0,0,0,1,1,3,0,21.4,21.6,27.2,22.5,146,134.5,98,89,5.2,5.1,3.02,2.31,0,0,1,0,1,1,1,1
2893,81,2,2,1,2,1,48,1,0,1,0,1,1,4,0,21.4,5.27,64.9,26.9,153,110.5,102.5,83.5,7.4,7.3,3.22,2.22,1,1,1,1,0,0,1,1
2894,81,2,2,1,2,1,50,0,0,1,0,1,1,3,1,14.8,4.2,60.9,25.6,167,130.5,89,81,7.4,4.5,2.33,1.95,0,0,0,0,0,0,1,1
2895,81,2,2,1,2,1,51,1,0,1,0,1,1,4,0,18.5,9.52,61.1,39,158.5,141.5,106,85.5,5.5,4.7,3.64,2.53,1,1,0,0,0,0,1,1
2896,81,2,2,1,2,1,75,1,0,1,1,1,1,3,0,26.7,27.9,15.3,12.2,160,145,91.5,83.5,5.1,4.4,4.22,2.61,0,0,0,0,0,0,1,1
2897,81,2,2,1,2,1,64,0,1,1,0,1,1,3,0,21,20.3,49.4,47.2,151.5,144.5,99,77,5.5,5.3,2.12,1.96,0,0,0,0,0,0,1,1
2898,81,2,2,1,2,1,67,1,0,1,1,1,1,4,0,17.9,16.9,20.7,16.9,143,124.5,88.5,81.5,6.8,6.1,1.53,2.49,1,1,0,0,0,0,0,0
2899,81,2,2,1,2,1,58,0,0,1,0,1,1,4,0,15.9,13.5,49,43.7,149,134,86.5,80,3.9,3.9,1.77,1.99,1,1,0,0,0,0,1,1
2900,81,2,2,1,2,1,53,0,0,1,0,1,1,4,0,17.1,11.5,62.1,48.3,164.5,153.5,100,93.5,8.7,6.2,2.86,1.9,1,1,0,0,0,0,1,0
2901,81,2,2,1,2,1,52,0,0,1,0,1,1,4,0,23.2,14.5,77,59.3,164,139.5,86,71,8.4,7.6,2.92,2.51,1,1,0,0,0,0,1,1
2902,81,2,2,1,2,1,66,0,1,1,0,1,1,2,0,10.6,12.7,23.1,28.5,131.5,169,89.5,90.5,4.6,4.3,3.49,3.66,0,0,0,0,0,0,1,1
2903,81,2,2,1,2,1,58,1,1,1,0,1,1,4,0,10.3,8.76,33.7,26.6,141.5,130.5,99,91.5,4.4,4.4,3.26,3.34,1,1,0,0,0,0,1,1
2904,81,2,2,1,2,1,56,1,1,1,0,1,1,3,1,10.7,6.04,30,19.9,142.5,147,96.5,98,7.1,5.1,2.96,1.63,0,0,0,0,0,0,1,0
2905,81,2,2,1,2,1,56,0,0,1,0,1,1,4,0,29.6,18.6,80.6,60.7,185.5,163.5,110,103,6.5,8.1,3.29,2.96,1,1,0,0,0,0,1,1
2906,81,2,2,1,2,1,70,1,0,1,0,1,1,3,0,15.6,15.1,20.9,22.8,133,147,90.5,86,4.4,5.5,4.08,3.2,0,0,0,0,1,1,0,0
2907,82,1,2,2,2,2,55,1,0,1,0,1,1,4,0,44.3,20.8,91.6,64.2,220,160.5,150,115,4.4,5.9,3.21,3.75,1,1,0,0,0,0,0,1
2908,82,1,2,2,2,2,60,1,0,1,0,1,1,2,0,10.8,18.3,35.1,54.3,132,145,87.5,88.5,4.4,4.2,2.77,4.86,0,0,1,0,0,0,1,0
2909,82,1,2,2,2,2,58,0,0,1,1,1,1,4,0,14.8,12.3,47.9,41.1,140,133.5,71.5,63,7.9,7.3,3.21,2.3,1,0,0,0,0,0,1,1
2910,82,1,2,2,2,2,63,1,1,1,0,1,1,4,0,21.9,15.1,36.4,23.9,153.5,133.5,92,83.5,8.4,6.7,2.78,4,1,0,0,0,0,0,0,0
2911,82,1,2,2,2,2,64,1,0,1,0,1,1,3,0,33.4,14.6,66.6,27.8,196.5,143.5,99.5,79.5,4.6,6.62,3.87,3.69,0,0,0,0,0,0,1,1
2912,82,1,2,2,2,2,60,1,1,1,1,1,1,2,1,17.5,21.3,41.4,45.7,168.5,144,97,91,4.2,8.7,1.96,2.11,0,0,1,1,0,0,1,1
2913,82,1,2,2,2,2,56,0,0,1,0,1,1,2,0,27.1,12,76.5,43.7,186.5,142,91,80.5,17.2,6.3,4.53,1.75,0,0,0,0,0,0,1,1
2914,82,1,2,2,2,2,55,1,1,0,0,1,1,4,0,15,11.9,51.5,43,161.5,144.5,106.5,92.5,4.7,6.3,2.08,3.71,1,1,1,0,0,0,1,0
2915,82,1,2,2,2,2,60,1,0,1,0,1,1,3,0,18,8.85,58.6,28.8,184.5,133,112,89,4.1,5.3,1.23,1.69,0,0,1,1,0,0,1,1
2916,82,1,2,2,2,2,47,1,0,1,0,1,1,4,0,12.6,10.4,48.8,44.1,155,145,112.5,103.5,5.1,5.6,1.65,2.43,1,1,0,0,0,0,1,1
2917,82,1,2,2,2,2,58,0,0,1,0,1,1,4,0,13.3,15.7,42.5,50,140.5,138,87,87,5.3,6.4,3.03,3.91,1,1,0,0,0,0,1,1
2918,82,1,2,2,2,2,57,0,0,1,0,1,1,4,0,20.3,12.2,62.9,42.1,161,126,109.5,95,10.6,13.6,2.06,2.69,1,1,0,0,0,0,1,0
2919,82,1,2,2,2,2,59,1,1,1,0,1,1,3,0,14.6,15,36.8,39.4,172,158,103,92.5,4.9,5.4,2.25,3.65,0,0,0,0,0,0,1,1
2920,82,1,2,2,2,2,43,0,0,1,0,1,1,4,0,20.8,7.7,81.2,54.6,197.5,149,108.5,101.5,4.9,6.8,3.81,3.51,1,1,0,0,0,0,1,1
2921,82,1,2,2,2,2,53,1,0,1,0,1,1,3,0,17.1,7.09,52.3,26.5,162,136,104.5,91,5.6,5.2,3.2,1.86,0,0,0,0,0,0,1,0
2922,82,1,2,2,2,2,61,1,0,1,0,1,1,3,0,21.5,13.6,60.9,39.4,180.5,144,108.5,95.5,4.5,5.4,2.15,3.07,0,0,0,0,0,0,1,1
2923,82,1,2,2,2,2,65,1,0,1,0,1,1,4,0,24.1,29.6,56.3,63.5,179.5,174.5,105.5,104.5,8.3,7.1,2.15,3.07,1,1,1,1,0,0,1,1
2924,82,1,2,2,2,2,48,0,0,1,0,1,1,2,0,11.5,7.59,56.9,44.4,148.5,131.5,101,86,9.9,9.9,1.69,4.86,0,0,0,0,0,0,1,0
2925,82,1,2,2,2,2,60,0,0,1,0,1,1,4,0,13,10.8,41.9,35.4,148.5,137,86,83.5,4.1,5.2,4.37,4.04,1,1,0,0,0,0,1,1
2926,82,1,2,2,2,2,57,0,0,1,0,1,1,4,0,15.2,16.4,50,53.5,133,139,80.5,81,7.7,14.2,2.87,4.59,1,1,0,0,0,0,1,1
2927,82,1,2,2,2,2,63,0,0,1,0,1,1,3,0,19.1,11.8,54.2,32.5,178,137,91,83.5,5.6,6.1,3.97,4.81,0,1,0,0,0,0,1,0
2928,82,1,2,2,2,2,51,0,0,0,0,1,1,4,0,11.6,15.4,52.2,62.4,141,157,59.5,58.5,6.8,8.1,2.6,3.06,1,1,0,0,0,0,1,0
2929,82,1,2,2,2,2,58,0,0,1,0,1,1,4,0,10.4,8.78,36.8,31.2,155.5,139.5,93,89,5.1,5.4,3,4.9,1,1,0,0,0,0,1,0
2930,82,1,2,2,2,2,71,1,0,1,0,1,1,3,0,18.3,17.3,30.2,27.6,147,142,88.5,94.5,7.8,7.8,1.64,1.82,0,0,0,0,0,0,1,0
2931,82,1,2,2,2,2,56,0,0,1,0,1,1,2,0,20.4,9.9,64.2,36.8,165.5,130,103.5,79.5,14.5,7.1,4.79,2.72,0,0,0,0,0,0,0,1
2932,82,1,2,2,2,2,59,0,0,1,0,1,1,4,0,12.8,7.68,43.3,25.8,152.5,137.5,88.5,82.5,5.8,6.4,4.1,3.22,1,1,0,0,0,0,1,0
2933,82,1,2,2,2,2,49,0,0,1,0,1,1,4,0,10.5,5.68,51.9,35.3,166.5,133.5,107.5,80.5,4.6,5.5,1.57,2.47,1,1,0,0,0,0,1,1
2934,82,1,2,2,2,2,69,1,1,1,1,1,1,3,0,38.2,21.2,52.9,25,175.5,140,96.5,76.5,7.7,6.4,3.09,2.22,0,0,0,0,0,0,1,0
2935,82,1,2,2,2,2,59,0,0,1,0,1,1,4,0,12.9,8.79,44.6,30.8,166.5,135,106,85.5,4.2,5.9,2.56,3.7,1,1,0,0,0,0,1,1
2936,82,1,2,2,2,2,69,1,1,0,0,1,1,3,0,17.7,14.9,26.1,20,155.5,142.5,99.5,85,4.3,4.9,1.65,1.84,0,0,0,0,1,0,1,1
2937,82,1,2,2,2,2,52,0,0,1,0,1,1,3,0,11.1,10.9,49.2,48.6,132,129.5,87,76,8.6,9.8,3.03,2.7,0,0,0,0,0,0,1,0
2938,82,1,2,2,2,2,59,0,0,0,0,1,1,3,0,19.6,13.8,55.9,41.2,164,138,100.5,83,6.2,7.3,2.17,2.73,0,0,0,0,0,0,1,0
2939,82,1,2,2,2,2,49,1,0,1,0,1,1,2,1,14.2,7.14,50,32.1,161.5,135.5,97.5,81,4.4,5.4,2.36,3.15,0,0,0,0,0,0,1,1
2940,82,1,2,2,2,2,53,1,0,1,0,1,1,4,0,18.1,11.9,57.7,43.1,157,138.5,99.5,97.5,6.2,5.7,2.22,2.2,1,1,0,1,0,0,1,1
2941,83,2,1,1,1,2,59,0,0,1,0,1,1,4,0,12.5,11.6,43,39.6,158,148,86.5,79.5,4.5,5.6,1.35,2.94,1,1,0,0,0,0,1,0
2942,83,2,1,1,1,2,49,1,0,0,0,1,1,4,0,13.8,12.7,49.9,47.5,136.5,134,100,94,6.6,6.8,2.3,2.27,1,1,0,0,1,0,1,0
2943,83,2,1,1,1,2,64,1,0,0,1,1,1,3,0,48.7,33.6,79.8,54.3,198.5,156,102.5,91.5,10.2,7.87,3.31,3.84,0,0,0,0,1,1,0,0
2944,83,2,1,1,1,2,60,1,1,1,1,1,1,4,0,20.1,14.2,42.1,29.3,166,143.5,101,83,10,7.7,1.93,2.25,1,0,0,0,0,0,0,1
2945,83,2,1,1,1,2,59,1,0,0,0,1,1,4,0,18.8,12.6,53.9,36.6,162,153.5,89.5,97.5,9.3,7.6,3.56,2.32,1,1,0,0,1,1,0,0
2946,83,2,1,1,1,2,55,1,0,1,1,1,1,3,0,11.9,13.9,35.9,40,136.5,136,82.5,78,13.3,9.7,2.57,2.62,0,0,1,1,0,0,0,1
2947,83,2,1,1,1,2,65,0,0,0,0,1,1,3,0,18.5,17.7,41,36.7,143,125,89,81,6.6,7.9,1.76,2.8,0,0,0,0,0,1,0,1
2948,83,2,1,1,1,2,65,1,0,0,0,1,1,3,0,12.9,11.7,17.7,20.5,142.5,137.5,95.5,86.5,7.5,6.3,1.05,1.82,0,0,0,0,0,0,0,0
2949,83,2,1,1,1,2,64,1,1,1,1,1,1,4,0,16.9,15,34.4,30.7,152,151.5,103.5,86.5,5.8,5.7,2.66,2.09,1,1,0,0,0,0,1,1
2950,83,2,1,1,1,2,60,0,0,1,1,1,1,4,0,22.2,19.2,58.7,54.1,160.5,142.5,89,85.5,8.3,12.1,4,3.91,1,1,0,0,0,0,0,1
2951,83,2,1,1,1,2,57,0,0,1,1,1,1,3,0,14.5,14.8,48.3,48.8,140,139.5,87.5,87,7.1,8.3,4.21,2.93,0,0,0,0,0,0,0,1
2952,83,2,1,1,1,2,62,0,0,0,0,1,1,3,0,21.3,17.8,54.1,45.1,149,134.5,95,83,10.8,8.5,2.42,2.05,0,0,0,0,0,1,0,1
2953,83,2,1,1,1,2,54,1,0,1,1,1,1,4,0,17.8,8.29,53.7,30,165.5,143.5,102.5,92,7.2,7.1,5.56,3.16,1,1,0,0,0,0,0,0
2954,83,2,1,1,1,2,51,1,0,1,0,1,1,3,1,10,9.19,38.5,36.2,139,135,86,76.5,5.3,5.9,1.95,2.19,0,0,0,0,0,0,1,1
2955,83,2,1,1,1,2,48,0,0,1,0,1,1,3,1,10.1,4.86,49.4,31.3,186,142,98,84,4.2,5.9,3.25,2.74,0,0,0,0,0,0,1,1
2956,83,2,1,1,1,2,49,1,0,1,0,1,1,4,0,11.1,10.9,44.3,43.7,137,137,107.5,96,5.8,5.74,3.25,3.24,1,1,1,1,0,0,1,1
2957,83,2,1,1,1,2,54,1,1,1,0,1,1,4,0,21.9,24.8,64.9,69.7,164.5,171,96.5,101,5,6.3,3.64,3.67,1,1,0,0,0,0,0,1
2958,83,2,1,1,1,2,35,1,1,0,0,1,1,4,0,17.9,7.55,58.8,47.9,140,144,99.5,97.5,5.7,6.1,4.16,3.7,1,1,1,1,0,0,1,1
2959,83,2,1,1,1,2,44,1,0,1,0,1,1,3,0,10.4,17.2,52.7,60.8,148.5,144,97.5,86,14.6,7.53,2.5,2.42,0,0,1,1,0,0,1,1
2960,83,2,1,1,1,2,48,1,1,0,0,1,1,4,0,13.2,12.4,50.5,48.9,148,144,91.5,86,6.1,5.94,2.29,2.39,1,1,0,0,0,0,0,1
2961,83,2,1,1,1,2,53,1,0,1,1,1,1,3,0,14.8,8.02,52.7,33.9,149.5,136.5,93,87,5.6,5.7,3.86,3.98,0,0,0,0,0,0,0,0
2962,83,2,1,1,1,2,59,1,1,1,0,1,1,3,0,24.2,15.9,52.2,35.3,161.5,137,95,86,7.8,7.2,2.37,3.53,0,0,1,1,0,0,1,0
2963,83,2,1,1,1,2,63,0,0,1,0,1,1,2,0,17.7,17.9,45.3,45,150.5,144,94.5,83.5,8,7.6,2.24,2.95,0,0,0,0,0,0,0,1
2964,83,2,1,1,1,2,57,0,0,0,1,1,1,3,0,15.1,8.9,50.2,31.9,145.5,121.5,80.5,76.5,7.9,6.9,2.46,2.4,0,0,0,0,0,0,1,0
2965,83,2,1,1,1,2,65,0,0,0,0,1,1,3,0,14.6,11.2,37.9,27,163,136.5,102,80.5,4.8,6.1,2.7,4.19,0,1,0,0,0,0,1,1
2966,83,2,1,1,1,2,56,1,0,1,0,1,1,3,0,11.8,8.04,36.6,26.3,140,136.5,95,86,5.3,5.47,2.77,2.62,0,0,1,1,0,0,1,1
2967,83,2,1,1,1,2,55,0,0,1,0,1,1,4,0,12.1,9.65,45.6,37.9,148,136.5,97.5,85.5,7.3,6.9,4.43,4.03,1,0,0,0,0,0,0,1
2968,83,2,1,1,1,2,63,1,0,1,0,1,1,3,0,10.4,10.5,19.7,20.7,129.5,137,89.5,86,5.1,4.9,1.78,1.67,0,0,1,1,0,0,1,1
2969,83,2,1,1,1,2,54,0,0,0,0,1,1,3,0,15.3,6.91,56.8,32.2,153,139,97.5,83,7.6,5.5,2.23,3.28,0,0,0,0,0,0,1,1
2970,83,2,1,1,1,2,48,0,0,1,0,1,1,3,0,12.5,12.7,59.4,60.1,154,153.5,107,100,7,6.1,2.63,2.76,0,1,0,0,0,0,1,1
2971,83,2,1,1,1,2,59,0,0,0,0,1,1,4,0,31.6,16.8,79,49.2,179.5,132.5,92,77.5,8.2,7,3.07,1.73,1,1,0,0,0,0,1,0
2972,83,2,1,1,1,2,62,0,0,0,0,1,1,3,0,10.4,8.46,29.2,23.5,153,142.5,87,84.5,6,6.1,4.68,3.86,0,0,0,0,0,0,0,0
2973,83,2,1,1,1,2,61,1,1,0,0,1,1,3,0,17.8,12.6,44,31.2,158,135.5,99,85,4.7,6.4,2.37,3.56,0,0,0,0,0,1,1,1
2974,83,2,1,1,1,2,54,1,0,0,0,1,1,4,0,12.8,11.7,47.6,43.1,176.5,154.5,120,97,5.7,5.3,1.97,1.62,1,1,0,0,0,0,1,1
2975,84,1,1,2,2,1,69,0,0,1,1,1,1,4,0,36.2,21.2,67.3,33.4,177,123,82,78,6,5.4,3.43,1.46,1,1,0,0,0,1,1,1
2976,84,1,1,2,2,1,70,0,0,0,0,1,1,3,0,12.2,10,22.1,14.4,141.5,133,90.5,82.5,5.6,5,3.24,3.31,0,0,0,0,0,0,1,1
2977,84,1,1,2,2,1,61,0,0,0,0,1,1,2,1,12.6,15.3,34.7,41.4,131,132.5,77,86.5,8.6,8.2,1.98,3.03,0,0,0,0,0,1,1,1
2978,84,1,1,2,2,1,60,1,0,1,0,1,1,4,0,38.5,9.75,75.9,25.5,172,124,109,82.5,8.3,6.9,2.54,2.67,1,1,1,1,0,0,1,0
2979,84,1,1,2,2,1,74,1,0,0,0,1,1,3,0,13.8,12.1,21.2,14,156,130.5,89.5,82,6.1,6.4,1.74,2.38,0,0,0,0,0,1,1,1
2980,84,1,1,2,2,1,46,1,0,0,0,1,1,4,0,13.2,19.3,53.6,61.8,158,144.5,89.5,87.5,6.3,5.8,2.49,3.69,1,1,1,1,1,0,1,0
2981,84,1,1,2,2,1,54,1,0,0,1,1,1,3,0,15.2,9.21,44.5,30.9,148.5,135,87,80,7.3,6.2,3.23,3.7,0,0,0,0,1,1,1,1
2982,84,1,1,2,2,1,53,0,0,1,0,1,1,4,0,11,12.3,48.2,51.1,161,140.5,95.5,75.5,5.3,5.7,3.73,2.79,1,1,0,0,0,0,0,1
2983,84,1,1,2,2,1,53,1,0,0,0,1,1,3,1,19.9,9.68,59.9,35.9,167.5,132.5,102.5,76,5.8,4.9,2.82,2.75,0,0,0,0,0,0,1,1
2984,84,1,1,2,2,1,50,0,0,1,0,1,1,3,0,11.5,7.1,53.6,40.2,146,134,89,82.5,6.6,6.3,2.41,2.62,0,0,0,0,0,0,1,1
2985,84,1,1,2,2,1,51,0,0,0,0,1,1,2,1,10,7.07,46.4,35.6,147,136.5,97.5,86,6.6,6.4,2.86,1.72,0,0,0,0,0,0,1,1
2986,84,1,1,2,2,1,47,1,1,1,0,1,1,4,0,24.9,21.1,68,62.3,162.5,136.5,101,80.5,5.9,5.4,2.16,2.69,1,1,1,1,0,0,1,1
2987,84,1,1,2,2,1,58,1,0,1,0,1,1,3,0,16.1,7.97,44,22.8,153,129,103,81.5,4.8,5.4,1.7,2.9,0,1,1,1,1,1,1,1
2988,84,1,1,2,2,1,51,0,0,1,0,1,1,4,0,14,12.1,58.8,53.8,148,148.5,94,91.5,7,6.1,3.37,2.7,1,0,0,0,0,0,1,1
2989,84,1,1,2,2,1,50,1,0,0,0,1,1,4,0,24,14.5,66.4,50.8,176.5,143.5,118.5,86.5,6.2,5.1,1.8,4.12,1,1,1,1,0,0,1,1
2990,84,1,1,2,2,1,36,1,1,0,0,1,1,4,0,17.9,4.7,67.6,42.6,184.5,134.5,97.5,86.5,6,5.1,2.05,2.95,1,1,0,0,0,0,1,1
2991,84,1,1,2,2,1,67,1,1,0,0,1,1,3,0,26.1,25,44.9,33.7,152.5,136.5,87.5,74.5,7.4,6,2.52,3.27,0,0,0,0,0,0,1,1
2992,84,1,1,2,2,1,66,1,1,0,0,1,1,3,0,24.6,13.7,65.8,33.3,169,143.5,87.5,82.5,4.9,5.7,3.87,2.86,0,0,0,0,1,1,1,1
2993,84,1,1,2,2,1,53,1,0,0,0,1,1,3,0,13.4,6.95,44.9,26.2,162,120,96.5,80.5,6.4,5.1,2.88,3.46,0,0,1,0,0,0,1,1
2994,84,1,1,2,2,1,71,1,0,0,0,1,1,4,0,13.1,10.7,19.1,18,150.5,134,79.5,71,5.9,6.2,1.68,1.59,1,0,0,0,0,1,1,1
2995,84,1,1,2,2,1,58,1,1,0,0,1,1,4,0,15.1,6.46,48.9,22,173,114,87.5,82,5.8,6.1,1.25,2.74,1,1,0,0,0,1,1,0
2996,84,1,1,2,2,1,52,1,0,0,0,1,1,4,0,15.8,16.7,50.5,50.8,158.5,140.5,91,82.5,6.7,5.6,1.86,3.02,1,1,1,1,0,0,1,1
2997,84,1,1,2,2,1,48,0,0,0,0,1,1,4,0,12.3,6.82,56.9,42.1,185,123.5,83.5,85.5,5.8,6.3,3.07,1.78,1,1,0,0,0,0,1,1
2998,84,1,1,2,2,1,51,1,0,1,0,0,1,2,0,25.5,23.7,65.4,62.7,155.5,148.5,104.5,90.5,7.4,6,3.47,3.56,0,0,1,1,0,0,1,1
2999,84,1,1,2,2,1,51,0,0,0,0,1,1,4,0,10.4,10.5,48.8,49.6,162,131.5,75,77,6.7,5.4,3.02,3.84,1,1,0,0,0,0,1,1
3000,84,1,1,2,2,1,49,1,0,1,0,1,1,3,0,14.5,11.6,49,41.8,157,130.5,106,80.5,6.8,5.1,2.1,3.25,0,0,1,1,0,0,1,1
3001,84,1,1,2,2,1,50,0,0,0,0,1,1,3,0,11.2,5.73,52.7,33.7,171.5,136.5,90.5,83.5,6.9,6.3,3.99,3.8,0,0,0,0,0,0,1,1
3002,84,1,1,2,2,1,44,0,0,1,0,1,1,4,0,20.6,6,79.9,44.6,186,134.5,103.5,85.5,7.2,6.5,2.23,2.74,1,1,0,0,0,0,1,1
3003,84,1,1,2,2,1,62,0,0,0,0,1,1,2,0,12.4,14.5,39.1,39.1,172.5,142.5,102,91,5.8,5.4,3.28,3.85,0,0,0,0,1,1,0,0
3004,84,1,1,2,2,1,59,1,0,0,0,1,1,3,0,15.3,,40.9,,156,,83.5,,7.3,,1.6,,0,,0,,0,,1,
3005,84,1,1,2,2,1,66,0,1,1,0,1,1,3,0,20.9,16.9,44.7,34.5,153.5,136,83,85.5,6.2,5.7,3.71,1.81,0,0,0,0,0,0,0,0
3006,84,1,1,2,2,1,57,1,0,0,0,1,1,3,0,30.2,7.76,66,22.8,176.5,136.5,96.5,76,7.2,5.7,2.6,2.52,0,0,0,0,1,1,1,1
3007,84,1,1,2,2,1,54,0,0,0,0,1,1,4,0,22,6.82,71,31.2,170.5,139,93,90.5,7.6,5.8,3.16,3.15,1,0,0,0,0,0,1,1
3008,84,1,1,2,2,1,49,0,0,1,0,1,1,4,0,18.9,6.71,74,39.6,161,142.5,99.5,82.5,7,5.1,3.56,3.47,1,1,0,0,0,0,1,1
3009,84,1,1,2,2,1,64,0,0,0,0,1,1,2,1,10.2,5.08,29.7,11.1,166.5,117.5,95,67.5,5.2,5.6,1.26,2.59,0,0,0,0,0,0,1,1
3010,85,2,2,1,2,2,65,1,0,0,0,1,1,4,0,16.7,18.3,28.1,36.9,132.5,145,78.5,90,5.2,4.3,3.12,3.08,1,1,0,1,0,0,1,1
3011,85,2,2,1,2,2,66,1,0,1,0,1,1,3,0,23.8,24.3,40.8,42.4,152.5,155.5,88.5,90.5,5.9,5.9,4.94,4.51,0,0,0,0,0,0,1,1
3012,85,2,2,1,2,2,69,0,0,1,0,1,1,3,0,21.7,18.7,35.9,28.3,132.5,117,69.5,71,7.8,7.4,3.03,3.58,0,0,0,0,0,0,1,1
3013,85,2,2,1,2,2,62,0,0,1,1,1,1,3,0,13.1,8.42,39.8,25.3,161,140.5,92.5,95,4.5,4.7,1.37,1.37,0,0,0,0,0,0,1,0
3014,85,2,2,1,2,2,71,1,0,1,1,1,1,3,0,18.4,16.7,25.5,27.2,145,161.5,96,101,5.1,4.4,2.04,1.42,0,0,1,1,0,0,1,1
3015,85,2,2,1,2,2,59,0,0,0,0,1,1,4,0,17.3,7.75,50.7,26.5,135.5,123,87,77,8.3,6.4,2.5,1.63,1,1,0,0,0,0,0,0
3016,85,2,2,1,2,2,57,1,0,1,0,1,1,4,0,15.4,7.27,45.8,26.4,150,130.5,102.5,97,9.1,4.4,1.58,1.63,1,1,0,0,0,0,1,1
3017,85,2,2,1,2,2,66,1,1,1,0,1,1,3,0,16,10.5,45.7,24.4,154.5,135,93.5,83,6.4,4.8,3.09,3.16,0,0,1,1,0,0,1,1
3018,85,2,2,1,2,2,51,0,0,1,0,1,1,4,0,18.7,4.25,68.9,25.3,173,122,96,82.5,7.9,5.6,1.42,1.23,1,0,0,0,0,0,1,1
3019,85,2,2,1,2,2,57,0,0,1,0,1,1,3,0,10.4,12.8,39.7,47.3,154.5,165,94.5,96.5,6.6,5.1,2.48,2.62,0,0,0,0,0,0,1,1
3020,85,2,2,1,2,2,46,0,0,0,0,1,1,4,0,14.3,5.47,68.9,43.8,155,127,96.5,77,6.6,8.3,2.4,2.61,1,1,0,0,0,0,1,1
3021,85,2,2,1,2,2,70,0,0,0,0,1,1,2,0,34.9,28.5,64.7,51.1,183.5,164,92.5,90,10.3,7.7,5.02,4.94,0,0,0,0,0,0,1,1
3022,85,2,2,1,2,2,56,0,0,1,0,1,1,3,0,12.5,6.95,44.5,28.5,133.5,145.5,84,85.5,8.5,5.2,4.47,3.31,0,0,0,0,0,0,1,1
3023,85,2,2,1,2,2,51,1,0,0,0,0,1,2,0,13.6,5.08,44.3,22.8,168,144.5,101.5,89.5,4.8,4.6,1.6,1.58,0,0,1,1,0,0,1,1
3024,85,2,2,1,2,2,53,1,0,1,0,1,1,3,0,20.8,6.89,57.8,25.4,161.5,128.5,93.5,83,13.7,4.8,3.11,2.64,0,0,0,0,1,1,1,1
3025,85,2,2,1,2,2,48,1,0,0,0,1,1,4,0,10.8,8,42.8,37.2,147,141.5,108,99.5,9.7,5.5,1.88,3.21,1,1,0,0,0,0,0,1
3026,85,2,2,1,2,2,66,0,0,1,1,1,1,4,0,11.1,9.68,21.8,17.5,136.5,122,88.5,76.5,5,6,1.86,2.1,1,1,0,0,0,0,1,1
3027,85,2,2,1,2,2,56,0,0,1,0,1,1,4,0,11.4,11.3,44.2,43.6,159.5,148.5,102.5,91,5.7,6.4,1.39,2.07,1,1,0,0,0,0,1,1
3028,85,2,2,1,2,2,51,0,0,1,0,1,1,4,0,19.8,13.6,73.2,59.8,149.5,132.5,94.5,75,17.7,13,2.95,3.28,1,1,0,0,0,0,1,1
3029,85,2,2,1,2,2,59,0,0,0,0,1,1,3,0,11.7,10.4,39.7,35.3,148.5,134.5,94.5,83.5,4.6,4.6,3.32,3.47,0,0,0,0,0,1,1,1
3030,85,2,2,1,2,2,73,1,0,0,1,1,1,3,0,23.7,21.6,35.6,24.4,176.5,166,86,88,4.9,4.2,2.27,1.95,0,0,1,0,0,1,1,1
3031,85,2,2,1,2,2,51,0,0,1,0,1,1,3,0,11.6,9.42,51.3,44.9,147.5,137,100,92.5,8.3,6.7,2.33,2.29,0,0,0,0,0,0,0,1
3032,85,2,2,1,2,2,74,0,0,1,0,0,1,3,0,17.5,15.3,22,17.9,134.5,126,83,86.5,5.6,4.6,3.77,3.39,0,0,0,0,1,0,1,1
3033,85,2,2,1,2,2,45,1,0,1,0,0,1,4,0,10.8,16.3,50.9,57.9,167,142,113.5,83.5,6.6,8.7,1.87,2.22,1,0,1,1,0,0,1,1
3034,85,2,2,1,2,2,58,1,0,0,0,1,1,3,0,22.9,10.5,59,33.9,145.5,132,94,81,7.4,4.3,4.19,3.62,0,0,0,0,0,0,1,1
3035,85,2,2,1,2,2,53,0,0,0,0,1,1,3,0,16.8,11.1,61.9,46.7,163,155,96.5,89,7.9,6,2.81,3.09,0,0,0,0,0,0,1,1
3036,85,2,2,1,2,2,52,1,0,0,0,1,1,4,0,12.7,13.8,45.9,45.8,138,133.5,102.5,91,7.2,10,2.23,1.84,1,1,1,1,0,0,1,1
3037,85,2,2,1,2,2,55,0,0,1,0,1,1,4,0,10.5,7.65,43,33.3,158.5,138.5,106,84.5,4.9,4.8,4.48,4.05,1,1,0,0,0,0,1,1
3038,85,2,2,1,2,2,59,1,0,1,0,1,1,3,0,22.5,14.6,49.8,34.1,164,132.5,98.5,73,6.2,4.8,1.55,1.44,0,0,0,1,0,1,0,1
3039,85,2,2,1,2,2,63,0,0,1,0,1,0,2,0,11.2,7.89,29.7,21.1,161,125,101,82.5,6.7,5.1,1.98,2,0,0,0,0,0,0,1,1
3040,85,2,2,1,2,2,47,1,0,0,0,1,1,3,0,20.5,12,64.6,49.7,160.5,136.5,98,98,6.6,5.2,3.33,3.95,0,0,0,0,0,0,1,0
3041,85,2,2,1,2,2,47,1,0,0,0,1,1,4,0,26.7,9.55,74.4,45.4,166,120.5,103,90.5,7.7,8.8,2.67,3.53,1,1,0,0,0,0,0,1
3042,85,2,2,1,2,2,49,0,0,1,0,1,1,3,0,12,2.75,56.2,21,157.5,121,98.5,72.5,7.2,4.23,2.9,3.15,0,0,0,0,0,0,1,1
3043,85,2,2,1,2,2,51,1,1,0,0,1,1,3,0,26.4,23.1,69.1,65.8,157.5,132,100.5,82,8.9,8,3.92,5.7,0,0,1,1,0,0,1,1
3044,85,2,2,1,2,2,53,1,1,0,0,1,1,3,0,10.6,10.5,39,38.8,156,149.5,101,94.5,4.9,6.8,4.42,4.2,0,0,0,0,0,0,1,1
3045,86,1,2,2,1,2,60,0,0,0,1,1,1,4,0,11.4,9.87,35.6,30.8,152.5,143.5,99.5,97,6.3,5.6,2.14,2.39,1,1,0,0,0,0,1,1
3046,86,1,2,2,1,2,59,1,0,1,1,1,1,3,0,12.7,5.43,34.1,14,141,106.5,87.5,77,7.8,6.6,2.21,1.79,0,0,0,0,0,0,1,0
3047,86,1,2,2,1,2,63,1,0,1,0,0,1,4,0,13,12.5,27.1,24.1,163.5,147,104,97,5.4,5.6,2.3,2.86,1,1,0,0,0,0,1,0
3048,86,1,2,2,1,2,59,1,0,1,0,1,1,3,0,17.8,12.9,46.3,33.1,178,147.5,112,101,6.9,5.8,1.4,2.08,0,0,0,0,0,0,1,1
3049,86,1,2,2,1,2,59,1,0,0,1,1,1,3,0,25.6,9.98,53,22.5,141,119.5,95,80,7.3,3.7,6.14,1.69,0,0,0,0,0,0,1,1
3050,86,1,2,2,1,2,65,1,0,1,1,1,1,4,0,13.2,17.2,30.2,38.6,148,150.5,104,108.5,6.9,6.2,3.17,4.06,1,1,0,0,0,0,1,1
3051,86,1,2,2,1,2,65,0,1,0,0,1,1,4,0,19.2,16.6,42.5,33.7,142.5,143.5,74.5,80,5.9,4.5,3.26,5.09,1,1,0,0,0,0,0,0
3052,86,1,2,2,1,2,59,0,0,1,0,1,1,2,0,28.8,15.2,76.2,46.6,198,152.5,101.5,93,8.4,5.9,1.81,1.85,0,0,0,0,0,0,1,1
3053,86,1,2,2,1,2,59,1,1,0,1,1,1,3,0,15.5,18.7,46.5,55,167,160.5,105,100,5.9,4.7,2.89,2.85,0,0,0,0,0,0,1,1
3054,86,1,2,2,1,2,59,0,0,0,0,1,1,3,0,16.6,12.6,50.5,38.2,153,144,100.5,98,8.4,6.2,2.91,3.74,0,0,0,0,0,0,1,1
3055,86,1,2,2,1,2,63,0,0,1,0,1,1,4,0,13.2,10.4,34.7,26.3,159,140.5,98.5,97,5.8,4.8,3.59,2.93,1,1,0,0,0,0,1,1
3056,86,1,2,2,1,2,54,0,0,0,0,1,1,3,1,13.7,4.23,51.6,20.9,157,126,100.5,77.5,8.2,4.7,1.89,1.46,0,0,0,0,0,0,0,1
3057,86,1,2,2,1,2,53,0,0,1,0,1,1,4,0,10.3,5.88,46.2,29.6,151,129.5,94,87,6.7,5.6,4.71,1.29,1,1,0,0,0,0,0,1
3058,86,1,2,2,1,2,52,1,0,1,0,1,1,4,0,10.5,11.6,36.5,39.1,137,143.5,92,96.5,6.3,4.7,1.65,1.55,1,1,0,0,0,0,0,1
3059,86,1,2,2,1,2,53,1,0,1,0,1,1,2,0,18,24.3,54.2,64.6,149,157,88.5,100,7.2,6.4,1.72,2.29,0,0,0,0,0,0,0,0
3060,86,1,2,2,1,2,36,1,0,0,0,1,1,4,0,31.8,12.8,74.7,61.7,147.5,144.5,103.5,99,11.1,7.3,3.33,3.91,1,1,1,1,0,0,1,1
3061,86,1,2,2,1,2,60,0,0,0,0,1,1,3,0,12,11.8,40.2,39.4,166.5,160.5,84,80.5,6.2,4.6,2.34,1.72,0,1,0,0,0,1,1,1
3062,86,1,2,2,1,2,52,1,0,0,0,1,1,4,0,14.7,7.98,49.1,33,163,154.5,95,96.5,7.9,6.1,3.07,2.82,1,1,1,1,0,0,1,0
3063,86,1,2,2,1,2,52,0,0,1,0,1,1,3,0,15.4,9.13,60,42,157,135,91.5,79.5,5.7,4.9,2.65,2.26,0,0,0,0,0,1,1,1
3064,86,1,2,2,1,2,52,1,0,0,0,1,1,4,0,10.3,4.85,36.7,20.6,173.5,127.5,114.5,91.5,5.8,4.7,0.48,1.8,1,1,0,0,0,0,1,1
3065,86,1,2,2,1,2,63,0,0,1,0,1,1,3,0,14.2,17.7,33.1,44.2,141.5,143.5,87,91,12.8,11.8,1.13,1.52,0,1,0,0,0,0,0,0
3066,86,1,2,2,1,2,66,0,0,1,0,1,1,4,0,12,10.1,25.2,19.5,148.5,130.5,85,92.5,5.4,4.7,2.82,3.18,1,1,0,0,0,0,1,1
3067,86,1,2,2,1,2,52,0,0,0,0,1,1,4,0,10.9,5.94,48.8,31.5,169.5,155,97,100.5,5.3,4.4,4.45,3.57,1,1,0,0,0,0,1,1
3068,86,1,2,2,1,2,56,0,0,0,0,1,1,4,0,15.7,5.92,53.8,24.9,139,114.5,90.5,77.5,7.1,4.8,2.83,3.35,1,1,0,0,0,0,1,1
3069,86,1,2,2,1,2,58,1,0,0,0,1,1,4,0,29.3,20.1,73.8,55.4,188.5,154,102.5,102.5,8.8,8.7,1.72,2.63,1,1,0,0,0,0,1,0
3070,86,1,2,2,1,2,52,1,0,1,0,1,1,3,0,10.9,3.82,38.9,17.1,161,122.5,123,90.5,5.3,4.8,1.29,1.14,0,0,0,0,0,0,0,0
3071,86,1,2,2,1,2,59,0,0,1,0,1,1,3,0,16.1,19.3,49.5,57.2,152.5,157,103.5,103.5,8.4,6.6,2.76,2.68,0,0,0,0,0,0,1,1
3072,86,1,2,2,1,2,57,1,0,0,1,0,1,2,1,10.6,9.85,31.9,28.6,165.5,145,81,84,5.8,4.2,1.53,3.29,0,0,1,1,1,1,1,1
3073,86,1,2,2,1,2,65,1,1,0,0,1,1,4,0,20.4,7.35,53.5,17.2,168.5,119.5,102,83.5,5.2,4.1,2.26,1.57,1,0,0,0,0,1,1,1
3074,86,1,2,2,1,2,45,1,0,0,0,1,1,3,0,11.6,6.22,51.9,35.1,144,132,101.5,86.5,5.2,4.7,3.47,3.35,0,0,1,1,0,0,1,1
3075,86,1,2,2,1,2,64,1,0,1,0,1,1,2,1,12.2,8.31,31.5,21.2,137,140.5,79,82,7.6,4.1,1.14,1.15,0,0,1,1,0,0,1,1
3076,86,1,2,2,1,2,64,0,0,1,0,1,1,3,1,18,19.5,45.9,45.7,170,144.5,100,105,8.6,7.8,2.62,2.69,0,0,0,0,0,0,1,1
3077,86,1,2,2,1,2,65,0,0,0,0,1,1,2,0,24.1,14.9,51.3,30.7,176.5,148,86.5,87,7.6,7.4,3.29,1.71,0,0,0,0,0,0,0,1
3078,86,1,2,2,1,2,57,0,0,0,0,1,1,3,0,17.5,9.69,55.7,33.8,172.5,141.5,100,92.5,8,4.7,2.39,1.99,0,0,0,0,0,0,1,1
3079,86,1,2,2,1,2,45,1,0,1,0,1,1,3,0,15.1,6.73,55.2,40,157,130.5,97,96,6.1,5.9,3.93,3.36,0,0,0,0,0,0,1,1
3080,87,1,1,2,1,1,65,1,0,0,0,1,1,4,0,14.8,15.5,37.1,34.7,135.5,135.5,82.5,82,9,7.7,2.36,3.5,1,1,1,0,1,1,0,0
3081,87,1,1,2,1,1,60,1,0,1,0,1,1,4,0,31.2,10,80,32,204.5,139,132.5,87.5,4.3,3.5,2.73,2.65,1,1,0,0,0,0,1,1
3082,87,1,1,2,1,1,71,0,0,1,1,1,1,3,0,28.5,25,50.3,37.8,169.5,139,87.5,77.5,7.3,5.9,3.27,3.62,0,0,0,0,0,0,1,0
3083,87,1,1,2,1,1,53,1,0,1,0,1,1,3,1,18.5,9.56,52.1,33.3,168.5,139,92,86,5.2,5.6,1.65,3.1,0,0,1,0,0,0,1,0
3084,87,1,1,2,1,1,54,0,0,1,0,1,1,4,0,12.8,7.34,52.1,33.9,167.5,133,101,86,5.6,5.6,2.26,2.23,1,1,0,0,0,0,0,0
3085,87,1,1,2,1,1,52,0,0,1,0,1,1,4,0,20.1,16.4,71.6,63.7,203,151,120.5,88.5,5.7,7.2,3.15,1.68,1,1,0,0,0,0,0,0
3086,87,1,1,2,1,1,55,0,0,1,0,1,1,3,0,18.2,13.9,61.9,51.2,159.5,139.5,93.5,90,6.3,6,3.05,2.66,0,0,0,0,0,0,1,0
3087,87,1,1,2,1,1,54,0,0,1,0,1,1,2,0,17.7,11.7,62.1,46.6,159,150,97.5,88,8.1,7.9,2.68,1.75,0,0,0,0,0,0,1,1
3088,87,1,1,2,1,1,59,0,0,1,0,1,1,4,0,10.5,8.18,34.6,27.7,142.5,137.5,83,87,6.3,6,3.6,2.83,1,1,0,0,0,0,1,1
3089,87,1,1,2,1,1,61,1,1,0,0,1,1,2,0,11.4,10,27,22.6,125,118.5,76,77.5,5.4,5.1,3.52,2.86,0,0,1,1,1,0,0,0
3090,87,1,1,2,1,1,44,0,0,1,0,1,1,2,0,10.2,4.06,59.8,37.2,151,136.5,98.5,86.5,7.9,8.2,2.89,3.99,0,0,0,0,0,0,1,1
3091,87,1,1,2,1,1,56,1,0,1,0,1,1,4,0,15.1,12.8,47.9,39.7,165.5,139.5,111.5,86,8.3,8.1,2.71,2.41,1,0,0,0,0,0,1,1
3092,87,1,1,2,1,1,53,0,0,1,0,1,1,2,1,10.3,6.82,43.7,31.7,162.5,140,97,83,5.1,8.2,2.81,3.44,0,0,0,0,0,0,1,1
3093,87,1,1,2,1,1,44,0,0,1,0,1,1,4,0,11.8,8.11,65.8,57.9,163.5,127.5,101.5,76.5,6.6,4.7,2.38,1.73,1,1,0,0,0,0,1,0
3094,87,1,1,2,1,1,56,0,0,1,0,1,1,4,0,13.1,14.6,46.2,50.8,139,133,90.5,84,8.3,8.9,2.21,3.36,1,1,0,0,0,0,1,1
3095,87,1,1,2,1,1,58,0,1,0,0,1,1,3,0,10,6.79,36.5,25.2,143,121.5,97,80.5,6.7,6.1,3.13,2.76,0,1,0,0,0,0,1,0
3096,87,1,1,2,1,1,53,0,0,1,0,1,1,4,0,16.8,10.5,61.7,44.8,166,137.5,114,97.5,6.3,6.7,3.78,2.7,1,1,0,0,0,0,1,1
3097,87,1,1,2,1,1,62,0,0,1,0,1,1,3,0,15.7,8.97,38.9,25.3,145,149.5,93,94.5,7.4,4.9,3.6,3.96,0,0,0,0,0,0,1,1
3098,87,1,1,2,1,1,58,1,0,1,0,1,1,3,0,15.4,18.3,42.2,44.1,164.5,150,103.5,99,5.3,6.1,2.93,3.35,0,1,1,1,0,0,0,1
3099,87,1,1,2,1,1,46,1,0,1,0,1,1,4,0,11.4,4.96,47.9,31.7,149,142.5,100.5,86,7.7,5.7,1.73,1.68,1,1,0,0,0,0,0,0
3100,87,1,1,2,1,1,60,1,0,1,0,1,1,3,1,11.1,12.9,23.1,25.9,147.5,138.5,90,83,8.6,7.6,1.13,2.89,0,0,0,0,0,0,1,1
3101,87,1,1,2,1,1,61,1,0,0,0,1,1,3,0,29.1,12.2,62.3,24.2,193,123,100,77.5,6.6,6.7,1.42,1.98,0,0,0,0,0,1,1,1
3102,87,1,1,2,1,1,61,1,0,0,0,1,1,4,0,21.8,19.9,54.5,50.5,143,141,97.5,86.5,9.1,11.2,5.71,4.44,1,1,0,0,0,0,1,1
3103,87,1,1,2,1,1,52,0,0,0,0,1,1,4,0,15.8,15.2,60.7,59.4,165,162.5,102.5,88.5,7.1,4.8,4.01,4.1,1,0,0,0,0,0,0,0
3104,87,1,1,2,1,1,56,1,0,0,0,1,1,3,0,11.4,9.81,35.3,31,135,123.5,85.5,87,5.3,5.8,2.78,3.86,0,0,1,1,0,1,1,1
3105,87,1,1,2,1,1,43,1,0,0,0,1,1,3,0,17.6,10.7,65.1,45.3,190,146.5,117,89.5,5.1,5.4,2.61,1.37,0,0,1,1,0,0,1,1
3106,87,1,1,2,1,1,58,1,0,1,0,1,1,3,0,13.3,6.05,37.2,17.4,144.5,130.5,92,77.5,5.7,5.1,2.13,0.99,0,0,1,1,0,0,1,1
3107,87,1,1,2,1,1,49,0,0,1,0,1,1,3,0,12.5,9.67,58.4,49.6,147,140,100,91,6.8,8.1,2.02,3.76,0,0,0,0,0,0,0,0
3108,87,1,1,2,1,1,44,1,0,0,0,1,1,3,0,12.8,8.64,46.8,37.2,139.5,129.5,104,78,6.2,5.41,1.89,1.65,0,0,1,1,0,0,1,1
3109,87,1,1,2,1,1,65,1,0,1,0,1,1,3,0,21.2,19.2,41,30.1,166.5,136,108,87.5,5.8,5.7,1.79,2.46,0,0,0,0,0,0,1,1
3110,87,1,1,2,1,1,50,0,0,1,0,1,1,4,0,16.6,13,67.3,58.5,157.5,148.5,109.5,88,7.4,6,4.16,4.69,1,1,0,0,0,0,1,1
3111,87,1,1,2,1,1,65,0,0,1,0,1,1,2,0,11.1,6.97,28.2,15.2,148,113,89.5,72,6.1,5.7,2.45,3.98,0,0,0,0,0,0,1,1
3112,87,1,1,2,1,1,52,1,0,1,0,1,1,3,0,16.4,18,52.7,56.3,151,145.5,77.5,86,5.4,4.6,2.04,2.72,0,0,1,1,0,0,1,1
3113,87,1,1,2,1,1,58,0,0,1,0,1,1,2,1,28.7,16.7,77.6,52.8,210,148.5,125.5,83.5,12.8,13.8,4.59,3.64,0,0,0,0,0,0,0,0
3114,87,1,1,2,1,1,59,0,0,1,0,1,1,3,0,13,9.11,38.7,27.8,141,132.5,81,86.5,16.3,9.1,4.2,3.95,0,0,0,0,0,1,1,1
3115,88,2,1,2,1,1,67,0,0,1,0,1,1,4,0,20.7,12.9,50.5,27.4,187.5,138.5,101,82,4.6,5.3,1.32,1.15,1,1,0,0,0,0,1,0
3116,88,2,1,2,1,1,63,0,0,1,0,1,1,3,0,10.7,9.83,29.8,28.3,141.5,147,85.5,85.5,5.2,6.3,2.48,3.07,0,0,0,0,0,0,1,0
3117,88,2,1,2,1,1,62,0,0,1,0,1,1,3,0,13.7,14.3,35.5,38,126.5,135.5,87.5,85.5,6.3,8.9,3.34,3.42,0,0,0,0,0,0,0,0
3118,88,2,1,2,1,1,68,0,0,0,0,1,1,4,0,31.3,19.5,72.2,41.6,213.5,154.5,101,85,5.3,6,4.54,4.45,1,1,0,0,0,1,1,1
3119,88,2,1,2,1,1,67,1,0,1,0,1,1,4,0,20.6,21.3,28,33.1,137.5,128.5,94.5,87,8.3,9.4,4.76,5.62,1,1,1,0,0,1,1,1
3120,88,2,1,2,1,1,65,0,0,1,0,1,1,3,0,10.2,8.38,21.1,13,130,91,85.5,63.5,5.9,7.4,1.4,1.33,0,0,0,0,0,1,0,0
3121,88,2,1,2,1,1,60,0,1,0,0,1,1,4,0,15.6,10.6,50.5,35.4,171,145,113,105.5,4.8,6.1,2.66,2.19,1,0,0,0,0,0,1,0
3122,88,2,1,2,1,1,59,1,0,1,0,1,1,3,0,12.9,12.8,41.2,40.4,157.5,136.5,106.5,93,5.5,6,2.96,2.82,0,0,0,0,0,0,0,0
3123,88,2,1,2,1,1,61,1,1,0,0,1,1,3,0,19.9,12.8,43.4,28.9,169,157.5,91,99.5,4.7,5.6,4.4,3.2,0,0,0,0,0,0,1,1
3124,88,2,1,2,1,1,62,0,0,0,0,1,1,2,0,10.4,9.96,25.4,24.9,124,128,65,70.5,7.8,10,1.69,1.7,0,0,0,0,0,0,1,1
3125,88,2,1,2,1,1,60,0,0,0,0,1,1,2,0,12.2,13.7,42,40.8,176.5,141.5,94.5,88,5.8,6.2,2.51,3.15,0,0,0,0,0,0,1,0
3126,88,2,1,2,1,1,61,0,0,0,0,1,1,4,0,12.4,10.9,39.1,34.5,150.5,144.5,89.5,94,5.6,5.9,3.02,3.78,1,0,0,0,1,1,1,0
3127,88,2,1,2,1,1,57,0,0,0,0,0,1,4,0,10.6,6.18,40.1,24.2,142,137,84,83,4.8,5.7,3.59,1.34,1,1,0,0,1,0,1,0
3128,88,2,1,2,1,1,59,1,1,0,0,1,1,3,0,12.3,9.66,39.2,31.8,141,136,93,95,5.1,5.8,3.41,2.79,0,0,0,0,0,0,0,0
3129,88,2,1,2,1,1,58,0,0,0,0,1,1,3,0,13.4,17,47.6,53.4,161.5,139.5,112,96,5.1,7.2,3.45,3.74,0,0,0,0,0,0,0,0
3130,88,2,1,2,1,1,51,0,0,0,0,1,1,4,0,10.5,4.81,49.3,28.5,165,140,98.5,91,5.2,6.1,3.38,2.56,1,1,0,0,0,0,1,1
3131,88,2,1,2,1,1,57,0,0,1,0,1,1,3,0,11.1,6.14,38.1,21.9,136.5,107,90,76.5,11.2,8.1,3.9,2.59,0,0,0,0,0,0,1,0
3132,88,2,1,2,1,1,52,0,0,1,0,1,1,3,0,10.2,6.83,46.2,35,169,142.5,107,99.5,5.3,5.3,2.31,2.63,0,0,0,0,0,0,1,1
3133,88,2,1,2,1,1,53,1,0,1,0,1,1,3,0,11.2,3.19,39,13.9,144.5,103,97,70,6.7,6.5,2.68,3.44,0,0,0,0,0,0,1,0
3134,88,2,1,2,1,1,56,1,0,1,0,1,1,3,0,17.5,15.5,48.9,40.8,155.5,135,92.5,85.5,5.1,6.7,3.55,3.73,0,0,0,0,0,1,0,1
3135,88,2,1,2,1,1,58,1,0,1,0,1,1,3,0,10.6,8.84,36.1,31.2,138.5,140,93.5,95,5,6.4,2.01,1.29,0,0,0,0,0,0,1,1
3136,88,2,1,2,1,1,59,0,0,0,0,1,1,3,0,16,11.9,53.3,41.4,180,162,85,83.5,6.4,6.4,4.91,4.3,0,0,0,0,0,0,1,1
3137,88,2,1,2,1,1,57,1,0,1,0,1,1,4,0,20.5,11.2,62,37.5,156,149,111.5,92,5.2,5.7,4.02,3.82,1,0,1,0,0,0,0,0
3138,88,2,1,2,1,1,58,1,0,1,0,1,1,2,0,10.6,8.87,30.1,25.2,149,154.5,98.5,101.5,5.3,6.4,3.21,3.25,0,0,1,0,0,0,1,0
3139,88,2,1,2,1,1,59,0,0,1,0,1,1,3,0,10.6,9.79,36.8,34.2,156,150,72,79.5,5.1,6.9,3.01,1.77,0,0,0,0,0,0,0,0
3140,88,2,1,2,1,1,65,1,1,1,0,1,1,3,0,26,15.1,57.4,32,180,149,112.5,98.5,5.5,6.1,3.46,2.05,0,0,1,0,0,0,0,0
3141,88,2,1,2,1,1,66,0,0,0,0,1,1,3,0,21.1,20.3,43.4,42,143,141,77.5,77.5,5.2,12.1,1.53,2.18,0,0,0,0,1,0,1,0
3142,88,2,1,2,1,1,37,1,1,0,0,1,1,2,1,18.3,4.8,56,35.8,144,132,99,88.5,4.6,5.6,2.66,2.81,0,0,1,1,0,0,1,0
3143,88,2,1,2,1,1,59,0,0,1,0,1,1,3,0,12.1,10.1,41.7,35.5,163,152.5,90,94,5.1,5.8,2.44,3.18,0,0,0,0,0,0,1,0
3144,88,2,1,2,1,1,59,0,0,0,0,1,1,3,0,11.5,11,40.2,39,159.5,161.5,91.5,91,5.6,6.4,2.56,1.6,0,0,0,0,1,1,1,0
3145,88,2,1,2,1,1,59,1,0,1,0,1,1,3,0,15.6,19,42.3,45.9,155.5,150,93,90,5.6,6.2,2.34,2.62,0,0,0,0,0,0,0,0
3146,88,2,1,2,1,1,59,0,0,1,0,1,1,3,0,10.6,10.6,36.3,36.9,138,144.5,92,99.5,6.4,6.6,4.76,4.9,0,0,0,0,0,1,1,0
3147,88,2,1,2,1,1,55,1,0,1,0,1,1,3,0,21.9,12.4,60.1,39.5,172.5,144.5,105.5,92.5,4.5,6,3.64,4.53,0,0,0,0,0,0,1,1
3148,88,2,1,2,1,1,60,0,0,0,0,1,1,3,0,21.8,15.2,60.1,44.2,151.5,130.5,98.5,90.5,6.4,7.6,3.17,2.33,0,0,0,0,0,0,0,0
3149,88,2,1,2,1,1,60,1,1,0,0,1,1,4,0,10.8,11.4,21.9,23.4,128.5,134,81,90,5.6,7.5,2.87,3.1,1,0,0,0,0,0,1,1
3150,88,2,1,2,1,1,54,0,0,0,0,1,1,4,0,13.3,11.7,52.5,48.1,140,138,92,98,7.1,8.1,4.18,2.52,1,1,0,0,0,0,1,1
3151,88,2,1,2,1,1,61,0,0,1,0,1,1,4,0,12.8,10.5,39.8,32.5,144.5,133.5,79.5,83,4.9,5.6,4.96,4.07,1,1,0,0,0,0,1,1
3152,89,1,2,1,1,2,55,1,0,1,0,1,1,2,0,14.3,10.7,49.1,38.3,164,132,109.5,82,5.3,5.6,2.07,2.59,0,0,1,1,0,0,1,0
3153,89,1,2,1,1,2,66,0,0,1,0,1,1,4,0,26.9,20.3,57.2,42,163.5,139,90.5,86.5,8.1,9,3.12,3.37,1,1,0,0,0,0,1,0
3154,89,1,2,1,1,2,70,1,0,0,0,1,1,3,0,18.6,12.2,19.2,15,154.5,141,74.5,70.5,4.8,5.4,2.32,1.18,0,0,0,0,0,1,0,1
3155,89,1,2,1,1,2,55,0,0,1,0,1,1,4,0,22.2,12.5,70,47,178.5,144.5,108,92,13.2,11,2.57,2.43,1,1,0,0,0,1,0,1
3156,89,1,2,1,1,2,57,1,1,0,0,1,1,4,0,12.9,6.3,34.3,17,133.5,118,92,80.5,7.2,3.24,2.68,2,1,0,0,0,0,0,1,0
3157,89,1,2,1,1,2,66,0,0,0,0,1,1,3,0,14.3,12.4,30.9,28.6,159.5,142,87,72,4.6,5.4,2.33,2.38,0,0,0,0,1,0,0,0
3158,89,1,2,1,1,2,59,1,0,1,0,1,1,4,0,19.4,13.6,52.5,37.8,165,125,104,76,7.7,6.4,2.84,3.49,1,1,0,0,0,0,0,0
3159,89,1,2,1,1,2,65,0,0,1,0,1,1,4,0,15.9,14.6,41.4,36.6,165.5,148.5,92.5,83,5,5.5,2.39,2.24,1,1,0,0,0,0,1,0
3160,89,1,2,1,1,2,58,0,0,0,0,0,1,3,0,14.1,9.45,49.9,35.2,162.5,138.5,104,80,6.1,6.3,4.18,3.12,0,0,0,0,0,1,0,0
3161,89,1,2,1,1,2,54,1,0,1,0,1,1,4,0,28,11.3,68.6,36,179,141,117,87,7.6,7.5,2.18,1.8,1,1,0,0,0,0,1,1
3162,89,1,2,1,1,2,65,1,0,1,0,1,1,4,0,17.3,13.7,48.3,41.2,168,151,92.5,89.5,5,5.1,2.29,2.22,1,1,0,0,0,0,0,0
3163,89,1,2,1,1,2,56,1,1,1,0,1,1,3,0,10.1,6.5,31.4,21.1,133,128,93,83.5,4.8,5.8,2.35,1.84,0,0,1,0,0,0,1,1
3164,89,1,2,1,1,2,59,1,0,1,0,1,1,3,0,18.3,14.2,56.3,45.2,155,137,98,87.5,5,5.8,2.22,3.57,0,0,1,1,0,0,1,0
3165,89,1,2,1,1,2,71,1,0,1,0,1,1,4,0,29.8,15.5,32,17.1,157,124,87.5,66,12.3,8.2,3.18,2.24,1,1,1,1,0,0,0,0
3166,89,1,2,1,1,2,53,0,0,0,0,1,1,4,0,10.2,8.58,44.8,39.4,140.5,134,96.5,83,8.3,10.1,3.52,2.4,1,0,0,0,1,0,0,0
3167,89,1,2,1,1,2,56,0,0,0,0,1,1,3,0,11.8,6.29,45.9,26.3,157.5,138,94,85,5.7,5.4,4,3.93,0,0,0,0,0,0,1,0
3168,89,1,2,1,1,2,61,0,1,1,0,1,1,3,0,10.4,7.27,29.9,20.5,139,120,92.5,81.5,4.3,5.2,2.47,2.77,0,0,0,0,0,0,0,0
3169,89,1,2,1,1,2,56,0,0,1,0,1,1,3,0,11.8,8.93,44.9,35.8,174,161.5,106.5,99,5.3,5.3,2.86,2.8,0,0,0,0,0,0,0,1
3170,89,1,2,1,1,2,57,0,0,0,0,1,1,4,0,10,7.53,37.7,29.1,157.5,139,89.5,73.5,5.9,6.5,5.15,3.36,1,1,0,0,0,1,1,1
3171,89,1,2,1,1,2,57,0,0,1,0,1,1,4,0,10.9,7.55,41.3,29.4,144.5,137,80,81.5,5.4,5.6,3.76,2.47,1,1,0,0,0,0,1,0
3172,89,1,2,1,1,2,57,0,0,1,0,1,1,4,0,10.7,9.35,36.8,32.6,125,116,82,77.5,12.8,8.9,3.71,4.15,1,1,0,0,0,0,1,0
3173,89,1,2,1,1,2,49,0,0,0,0,1,1,3,0,10.5,8.34,53.6,45.9,137.5,131.5,92,87,5.4,8.1,2.96,3.46,0,0,0,0,0,0,1,1
3174,89,1,2,1,1,2,65,0,0,0,0,1,1,2,0,11.3,13,26.1,24.3,155,123,74,68,5.2,6.7,3.59,3.45,0,0,0,0,1,1,0,0
3175,89,1,2,1,1,2,56,0,0,1,0,1,1,2,0,11.1,7.29,43.5,30.5,158.5,140,97,96,5.1,6.1,4.03,3.94,0,0,0,0,0,0,0,0
3176,89,1,2,1,1,2,61,1,0,1,0,1,1,3,0,10.9,5.22,26.8,11.2,129,109,95.5,78.5,5.1,6.1,3.07,2.97,0,0,1,1,1,0,0,0
3177,89,1,2,1,1,2,64,1,0,1,0,1,1,3,0,12.8,5.87,33.1,12.3,150.5,120.5,99,93.5,5.2,6,1.71,1.35,0,0,1,0,0,0,1,0
3178,89,1,2,1,1,2,55,0,0,0,0,1,1,4,0,14.5,7.47,55.2,32.9,164,126.5,109,87.5,5,5.9,3.48,2.21,1,1,0,0,0,0,0,0
3179,89,1,2,1,1,2,51,0,1,0,0,1,1,3,0,13.7,6.75,57.3,35.5,158.5,123.5,97.5,76,8.6,5.8,3.8,3.2,0,0,0,0,0,0,0,0
3180,89,1,2,1,1,2,71,1,1,0,0,1,1,3,0,14.3,9.67,33.3,17.6,152,123,86.5,74.5,4.3,5.7,1.89,2.21,0,0,1,0,1,1,1,0
3181,89,1,2,1,1,2,53,1,1,0,0,1,1,3,0,15,,44.7,,135,,89,,7.2,,3.09,,0,,1,,0,,0,
3182,89,1,2,1,1,2,55,1,1,0,0,1,1,3,0,16.9,9.7,54.3,34.7,153.5,128.5,98.5,77.5,5.4,5.8,2.04,2.26,0,0,1,1,0,0,0,0
3183,89,1,2,1,1,2,58,1,0,1,0,1,1,3,0,10.2,8.01,33.2,26.3,140,126,91.5,75.5,5.4,5.5,1.66,1.8,0,0,0,0,0,0,0,0
3184,89,1,2,1,1,2,63,0,1,0,0,1,1,3,0,19,13.9,46.4,33.9,140.5,126,93,76.5,6.2,6.8,3.68,4.22,0,0,0,0,0,0,0,0
3185,89,1,2,1,1,2,59,0,0,0,0,1,1,4,0,12.6,6.34,43,21,153.5,119,100.5,79,5.6,6.4,5.36,3.18,1,1,0,0,0,0,1,0
3186,89,1,2,1,1,2,70,0,0,0,0,1,1,3,0,13.5,10.4,25.2,16.7,148,125,85.5,72,5.4,6.3,2.06,1.87,0,0,0,0,0,0,1,0
3187,89,1,2,1,1,2,51,1,1,0,0,1,1,4,0,13.7,8.1,47.5,32.6,158.5,136.5,94,82.5,5.7,5.8,1.63,1.8,1,1,1,1,0,0,1,0
3188,89,1,2,1,1,2,55,0,0,0,0,1,1,2,1,13.3,7.41,49,30,157,136.5,96,85,4.9,5.1,3.77,1.87,0,0,0,0,0,0,0,0
3189,90,2,2,1,2,2,70,1,0,0,0,1,1,2,1,14.6,10.4,25,14.7,165,138,108.5,87.5,4.8,6.2,2.73,2.3,0,0,0,0,0,0,0,0
3190,90,2,2,1,2,2,55,1,0,0,0,1,1,3,0,26.5,23,73.2,64,175,158,117.5,101.5,5.3,5.7,3.23,4.03,0,1,0,0,0,0,0,0
3191,90,2,2,1,2,2,71,0,0,0,0,0,1,3,0,15.2,15.5,25.8,26.4,142.5,141,86,87,5.8,6.2,2.67,3.28,0,0,0,0,0,0,0,0
3192,90,2,2,1,2,2,60,0,0,1,0,1,1,3,0,20.2,19.4,57.8,56.4,165,163,93.5,88,7.4,7.1,2.39,2.58,0,0,0,0,0,0,1,1
3193,90,2,2,1,2,2,66,0,0,0,0,1,1,3,0,16.9,11.3,41.3,24.8,164,130.5,102,74.5,5.5,6.4,2.44,1.58,0,0,0,0,0,0,0,0
3194,90,2,2,1,2,2,69,1,0,0,0,1,1,3,0,18.7,20.5,23.4,30,138.5,158,90,90.5,5.1,6.1,2.77,2.19,0,0,0,0,0,0,0,0
3195,90,2,2,1,2,2,64,1,0,0,0,1,1,3,0,29.4,15.7,50.7,26.2,161,137.5,90,76.5,4.9,6,3.23,1.68,0,0,0,0,1,1,0,0
3196,90,2,2,1,2,2,63,0,0,0,0,1,1,2,0,14.2,15.3,42,46.2,168,180,81.5,91,5.7,6.2,3.37,3.84,0,0,0,0,0,0,0,0
3197,90,2,2,1,2,2,59,0,0,0,1,1,1,4,0,13.5,12.5,45.1,42.2,147.5,144.5,102.5,97.5,4.8,5.9,5.08,4.03,1,1,0,0,0,1,1,1
3198,90,2,2,1,2,2,43,1,0,0,0,1,1,4,0,24.8,13,70,50.9,149,132.5,112.5,85.5,4.9,6,4.47,4.03,1,0,0,0,0,0,1,1
3199,90,2,2,1,2,2,69,1,0,0,0,1,1,3,0,13.9,10.8,34.8,25.8,148,135.5,85.5,84.5,5.6,6.2,2.83,2.88,0,0,1,1,0,0,0,0
3200,90,2,2,1,2,2,59,1,1,0,0,1,1,2,1,15.8,20.2,47.8,59.2,144,157,106.5,102,4.2,5.6,2.52,3.52,0,0,1,1,0,0,1,1
3201,90,2,2,1,2,2,62,1,1,0,0,1,1,2,0,18,7.42,46.4,19.4,133.5,108,80,72,7.9,9.6,3.75,1.72,0,0,1,1,0,0,1,1
3202,90,2,2,1,2,2,59,1,0,0,0,1,1,3,0,20.7,18.6,49.1,42.7,149,151,97.5,86.5,7.7,9.6,2.61,2.77,0,0,0,0,1,1,0,0
3203,90,2,2,1,2,2,58,0,1,0,0,1,1,3,0,19.5,15.2,59.4,49.4,150.5,140.5,90,91,7.2,9.2,2.92,3.35,0,0,0,0,0,0,0,1
3204,90,2,2,1,2,2,62,0,1,0,0,1,1,4,0,11.7,11.9,34.4,35.9,140,149,96.5,98.5,5.3,5.1,2.87,2.41,1,0,0,0,1,0,1,0
3205,90,2,2,1,2,2,58,1,0,0,0,1,1,3,0,32.5,27.9,71,64.1,179.5,168.5,114.5,110,8.4,10.7,2.48,2.82,0,0,1,1,0,0,0,1
3206,90,2,2,1,2,2,64,1,0,0,0,1,1,3,0,10.5,10,27.2,26.1,137,136.5,84.5,83.5,4.7,5.3,1.61,1.84,0,0,0,0,0,0,0,0
3207,90,2,2,1,2,2,69,1,0,0,0,1,1,3,0,42.7,33.4,57.7,44.4,171,159,98,102,13.4,16,3.91,4.56,0,0,0,0,0,0,1,0
3208,90,2,2,1,2,2,35,1,1,0,0,0,1,3,0,10.7,5.7,56.5,42,150.5,137.5,94,91,4.8,6.6,4.58,3.82,0,0,1,1,0,0,0,0
3209,90,2,2,1,2,2,60,0,0,0,0,1,1,3,0,15.2,14.1,43.7,41,134,130.5,86.5,86.5,5.9,6.5,3.86,4.09,0,0,0,0,0,0,0,0
3210,90,2,2,1,2,2,67,0,1,0,0,1,1,3,0,18.8,13.8,30.7,21,136,120,67,57.5,7.8,5.8,1.75,1.34,0,0,0,0,0,0,1,0
3211,90,2,2,1,2,2,57,0,0,0,0,1,1,2,0,17.3,10.2,56.3,36.6,163.5,135.5,71.5,75.5,4.8,6.5,3.18,4.66,0,0,0,0,0,0,0,0
3212,90,2,2,1,2,2,48,1,1,0,0,1,1,3,0,17.7,19.4,62,61.2,161.5,144,109,96,5.4,6.4,3,3.75,0,0,1,1,0,0,0,0
3213,90,2,2,1,2,2,57,0,0,0,0,1,1,4,0,21.7,11.6,66,39.5,156.5,137,81.5,78,8.2,7.8,4.31,2.73,1,0,0,0,0,0,0,1
3214,90,2,2,1,2,2,58,1,1,0,0,1,1,4,0,12.1,12.6,31.5,32.7,140,121,94.5,80.5,6.2,4.5,2.21,3.26,1,1,0,1,0,0,0,0
3215,90,2,2,1,2,2,57,0,0,0,0,1,1,4,0,15.7,15,51.6,49.1,137.5,144.5,90,89,6.3,5.9,3.1,2.97,1,1,0,0,0,0,0,0
3216,90,2,2,1,2,2,67,0,1,0,0,1,1,3,0,13,15.8,28.1,37.5,143.5,166,78.5,80.5,5.4,5.8,3.45,2.15,0,0,0,0,0,1,0,1
3217,90,2,2,1,2,2,59,0,0,0,0,1,1,3,0,17.6,21.3,52.7,62.1,147.5,170,77.5,100,7.2,6.4,2.18,4.11,0,0,0,0,0,0,1,0
3218,90,2,2,1,2,2,68,1,0,0,0,1,1,4,0,13.1,11.4,19.1,14.3,135,117,91.5,80,5.9,6.3,2.08,3.13,1,1,0,0,1,0,0,0
3219,90,2,2,1,2,2,58,1,0,0,0,1,1,3,1,11,8.59,26.2,20.7,136.5,127,74,76.5,6.4,7.8,2.41,2.84,0,0,0,0,0,0,1,0
3220,90,2,2,1,2,2,71,1,0,0,0,1,1,3,0,14.4,15.2,14.3,14,113,130.5,77.5,77,4.9,6.1,4.89,4.62,0,0,1,1,0,0,1,0
3221,90,2,2,1,2,2,60,0,0,0,0,1,1,3,0,12.8,15.7,37.2,46.1,126,143.5,83,86,6.1,6.3,2.31,3.2,0,0,0,0,0,0,0,0
3222,90,2,2,1,2,2,60,1,1,0,0,1,1,4,0,13.7,11.2,44.8,38.7,139.5,142.5,102,102.5,5.6,6,4.16,3.05,1,1,1,1,0,0,1,1
3223,90,2,2,1,2,2,63,0,1,0,0,1,1,2,0,10.2,9.47,28.1,26.1,139,134,82.5,80.5,4.6,5.8,3.72,4.45,0,0,0,0,0,0,0,0
3224,90,2,2,1,2,2,64,0,1,0,0,1,1,3,0,10.5,8.81,26.6,21.9,131.5,123,89,80.5,5.4,6.7,1.81,1.6,0,0,0,0,0,0,0,0
3225,90,2,2,1,2,2,68,0,1,0,0,1,1,3,0,12.8,12.4,26.8,25.5,146,142,81,88,4.9,5.6,3.5,3.66,0,0,0,0,0,0,0,1
3226,91,2,1,2,1,2,68,0,0,0,0,1,1,4,0,21.8,30,51.2,58.7,185.5,166.5,94,96.5,6.8,9.6,2.83,2.39,1,1,0,0,0,1,0,0
3227,91,2,1,2,1,2,71,0,1,0,1,1,1,3,0,26.5,17.9,41.6,23.3,146,117.5,72,67,10.4,10.4,2.97,2.77,0,0,0,0,0,0,0,0
3228,91,2,1,2,1,2,60,0,0,0,0,1,1,4,0,22.2,16,60.3,46.3,148,137.5,88,86,6.6,5.4,2.99,1.68,1,1,0,0,0,1,0,0
3229,91,2,1,2,1,2,52,0,0,0,0,1,1,3,0,18.3,12.6,67.7,54,154.5,138,92,80.5,6.6,8.9,1.59,3.52,0,0,0,0,0,0,0,0
3230,91,2,1,2,1,2,61,0,0,0,0,1,1,3,0,12.7,11.1,40.2,35.1,156.5,146.5,94.5,94,5.7,6.1,1.33,1.21,0,0,0,0,1,0,0,0
3231,91,2,1,2,1,2,57,0,0,0,1,1,1,4,0,18.8,25.9,62.7,73.7,178.5,172,110,112,6.1,7.1,2.21,1.82,1,1,0,0,1,1,0,0
3232,91,2,1,2,1,2,68,1,1,0,0,1,1,4,0,14.6,12.9,30.2,26.3,144.5,142.5,82.5,87.5,6.7,7.5,2.36,1.71,1,0,0,0,1,0,0,0
3233,91,2,1,2,1,2,60,0,0,0,0,1,1,4,0,14.6,9.62,47.5,32,161.5,138.5,86,81.5,5.9,6,2.3,1.75,1,1,0,0,0,0,0,0
3234,91,2,1,2,1,2,63,1,0,0,0,1,1,3,0,15.2,9.41,23.7,13.6,132,115,90,80.5,6.4,6.6,2.86,1.95,0,0,0,0,0,0,1,0
3235,91,2,1,2,1,2,64,0,0,0,0,1,1,3,0,12.5,19.4,31.5,46.5,161,148,96.5,81.5,6.2,6.4,4.25,3.76,0,0,0,0,1,1,1,0
3236,91,2,1,2,1,2,47,1,0,0,0,1,1,4,0,26.8,16.2,70.9,54.7,164,148.5,122,106.5,6,6.1,3.06,3.28,1,1,1,1,0,0,0,0
3237,91,2,1,2,1,2,57,0,0,0,0,1,1,3,0,15.8,13.4,51.5,45.9,156.5,138,86,84,8.6,6.3,3.17,2.78,0,0,0,0,1,1,1,1
3238,91,2,1,2,1,2,62,1,1,0,0,1,1,3,0,24,19.3,52.1,41.9,169.5,152,108.5,95,5.2,6.3,3.41,4.6,0,0,0,0,1,1,0,0
3239,91,2,1,2,1,2,55,1,1,0,0,1,1,2,1,11,6.37,38.9,24.6,155,137,107,86.5,5,4.6,1.38,1.27,0,0,1,1,0,0,0,0
3240,91,2,1,2,1,2,54,1,0,0,0,1,1,3,0,11.3,12.9,40,42.1,126,130,89.5,86.5,5.3,7.4,2.26,2.83,0,0,1,1,0,0,1,1
3241,91,2,1,2,1,2,61,1,1,0,0,1,1,3,0,11.4,8.73,35.9,22.6,154.5,117,82.5,84.5,5.9,6.4,1.76,2.29,0,0,0,0,1,1,0,0
3242,91,2,1,2,1,2,51,0,0,0,0,1,1,4,0,16.6,9.29,65.2,45.5,189.5,154.5,103.5,99,5.6,6,2.18,2.69,1,0,0,0,0,1,1,1
3243,91,2,1,2,1,2,48,0,0,0,0,0,1,4,0,17.5,19.5,75.8,76.4,169.5,165.5,116,111,6.1,6.2,4.21,2.27,1,1,0,0,0,0,0,0
3244,91,2,1,2,1,2,69,1,0,0,0,1,1,4,0,20.7,31.1,29.1,36.5,149.5,141,96,89.5,6.3,7.8,3.84,5.71,1,1,0,0,1,0,0,0
3245,91,2,1,2,1,2,49,1,0,0,0,1,1,3,0,16,14.2,52.9,48.5,131.5,132.5,93.5,98.5,8.3,9.6,2.67,2.81,0,0,0,1,0,0,0,0
3246,91,2,1,2,1,2,50,0,0,0,0,1,1,4,0,10.9,6.86,52.8,38.5,163,144.5,100.5,87.5,4.6,5.8,2.43,3.63,1,1,0,0,0,0,0,1
3247,91,2,1,2,1,2,56,1,0,0,0,1,1,4,0,10.8,11.3,31.5,32,141,138,93.5,94.5,11.8,10.9,1.32,1.82,1,0,0,0,0,1,0,0
3248,91,2,1,2,1,2,55,0,0,0,0,1,1,3,0,10.1,13.9,41.6,51.4,155,144,83,89,5.9,7.2,4.19,5.47,0,0,0,0,0,1,0,0
3249,91,2,1,2,1,2,54,0,0,0,0,1,1,4,0,11,6.3,46.6,30,173,143,96,87.5,4.9,5.7,4.32,2.78,1,1,0,0,0,0,1,1
3250,91,2,1,2,1,2,60,0,1,0,0,1,1,2,0,12.7,8.06,40.6,25.7,177,143,100,97.5,5.3,6.8,2.82,4.9,0,0,0,0,0,0,0,0
3251,91,2,1,2,1,2,43,1,0,1,0,1,1,4,0,12.1,7.58,49.4,41,153.5,130.5,104.5,97.5,5.2,5.6,2.43,4.09,1,1,0,0,0,0,1,0
3252,91,2,1,2,1,2,58,0,0,0,0,1,1,4,0,13.8,8.99,48.8,33.4,161.5,133.5,98.5,90.5,4.6,6.4,2.71,1.9,1,1,0,0,1,0,0,0
3253,91,2,1,2,1,2,51,1,0,0,0,1,1,4,0,29.8,18,73.7,56,163.5,142,102,94,5.6,7.6,2.17,2.63,1,1,1,1,0,0,0,0
3254,91,2,1,2,1,2,50,0,0,0,0,1,1,4,0,10.6,10.8,53.4,53.7,150,155,89.5,91,7.3,9.6,2.13,2.3,1,1,0,0,0,0,0,1
3255,91,2,1,2,1,2,58,0,0,0,0,1,1,4,0,19,16.4,58.3,51.8,141.5,137.5,84,85,7.2,8.2,3.09,3.46,1,1,0,0,1,1,1,1
3256,91,2,1,2,1,2,58,0,0,0,0,1,1,4,0,13.4,9.12,47.5,34,153,131,93,82.5,4.9,6.1,4.54,4.53,1,1,0,0,0,1,0,0
3257,91,2,1,2,1,2,59,0,0,0,0,1,1,2,0,20,11.4,58,34.9,183,142,97,82.5,9.8,6.3,5.81,3.25,0,0,0,0,0,1,1,1
3258,91,2,1,2,1,2,57,0,0,0,0,1,1,3,0,15.9,15.9,51.5,51.6,167.5,162,81.5,87.5,9.2,8.6,2.02,3.44,0,0,0,0,0,0,0,1
3259,91,2,1,2,1,2,56,0,0,0,0,1,1,3,0,17,15.8,57.1,54.8,149.5,147,98,96,6.5,7.5,2.22,3.27,0,1,0,0,1,1,1,0
3260,91,2,1,2,1,2,60,0,0,0,0,1,1,2,0,11.4,11.5,38.5,38.3,165.5,187,91,95.5,5,6.3,2.54,3.37,0,0,0,0,1,0,0,0
3261,92,1,1,2,1,2,68,0,0,0,0,1,1,3,0,14.4,12.8,25.6,25.6,145.5,136,73.5,78.5,5.9,5.7,1.37,1.71,0,0,0,0,0,0,0,0
3262,92,1,1,2,1,2,70,0,0,0,0,1,1,3,0,27.8,24.3,50.9,42.3,169,154.5,87,90.5,6.8,8.1,2.46,2.41,0,0,0,0,0,0,0,0
3263,92,1,1,2,1,2,65,0,0,0,1,1,1,3,0,16,19,29.5,36.6,122.5,135,73.5,76,13.1,8.5,4.9,4.87,0,0,0,0,0,1,0,0
3264,92,1,1,2,1,2,72,1,0,1,0,0,1,4,0,22.1,17.2,17.1,17.9,145,142,96,80.5,4.7,4.7,4.26,3.62,1,1,0,0,0,0,1,0
3265,92,1,1,2,1,2,51,1,0,0,0,1,1,3,0,20.5,7.05,60.1,28.3,174.5,127,109,78.5,5.8,6.5,2.29,2.28,0,0,1,0,0,0,1,0
3266,92,1,1,2,1,2,58,1,0,1,1,1,1,2,0,21.3,12.3,63.9,41.3,170,139.5,113,89.5,5.7,5.7,2.77,3.97,0,0,1,1,0,0,1,1
3267,92,1,1,2,1,2,70,1,1,0,1,0,1,4,0,15.4,12.6,19.3,19.8,139.5,143.5,85,77,5,5,2.6,1.72,1,0,0,0,0,0,1,0
3268,92,1,1,2,1,2,66,0,0,1,0,1,1,3,0,15.7,12,39.3,29,168,152,88.5,76,5.6,6.4,4.81,3.67,0,0,0,0,0,0,0,0
3269,92,1,1,2,1,2,55,1,1,0,0,1,1,3,0,10.9,8.57,40.8,32.2,154.5,126,100,75.5,6.2,6.3,3.55,3.65,0,0,0,0,0,0,1,0
3270,92,1,1,2,1,2,53,1,1,0,0,1,1,2,1,23,18.3,64.7,52.8,168,144,113.5,95,5.3,7.1,2.81,2.03,0,0,1,1,0,0,1,1
3271,92,1,1,2,1,2,45,1,1,1,0,1,1,3,0,21.2,7.13,65.9,34.7,153,123.5,96,79.5,7.2,4.48,3.19,2.71,0,0,0,0,0,0,0,0
3272,92,1,1,2,1,2,59,0,0,1,0,1,1,3,0,10.1,6.17,35.9,22.5,156.5,138.5,87,89.5,5.4,5.5,1.2,1.92,0,0,0,0,0,0,1,0
3273,92,1,1,2,1,2,59,0,0,1,0,1,1,3,0,10.6,7.34,36.9,25.9,152.5,131.5,107,89.5,4.9,6.1,2.66,1.61,0,0,0,0,0,0,1,1
3274,92,1,1,2,1,2,54,1,0,1,0,1,1,3,0,16.6,16.2,50.5,45.4,155,136,96,76.5,5.8,7,3.34,3.43,0,0,1,1,0,0,1,0
3275,92,1,1,2,1,2,59,0,0,0,0,1,1,3,0,13.5,13.2,39.6,39.2,133.5,132.5,75,82.5,10,8.1,3.91,3.38,0,0,0,0,1,1,0,0
3276,92,1,1,2,1,2,51,0,0,0,0,1,1,3,0,11.3,6.52,53.4,34.5,158.5,150.5,88,91.5,5.1,5.5,5.17,4.45,0,0,0,0,0,0,1,1
3277,92,1,1,2,1,2,60,0,0,1,0,1,1,3,0,10.5,6.93,35.1,22.8,152,123,96,71,5.8,6.2,3.33,3.43,0,0,0,0,0,0,1,0
3278,92,1,1,2,1,2,51,1,1,0,0,1,1,2,1,12.7,8.61,41.4,33.7,122,128.5,81.5,76.5,8.3,4.4,1.87,2.16,0,0,0,0,0,0,1,0
3279,92,1,1,2,1,2,54,1,1,1,0,1,1,3,0,22.1,11.4,64.1,39.7,154,137,103,87.5,5.3,5.5,3.69,2.17,0,0,1,1,0,0,1,1
3280,92,1,1,2,1,2,56,1,0,1,0,1,1,3,0,16,10.3,46.5,31.9,165.5,138.5,112,88,5.6,6.3,4.42,2.64,0,0,0,0,1,0,1,0
3281,92,1,1,2,1,2,55,1,1,0,0,1,1,4,0,28.7,15.4,73.5,48.6,160,137.5,101,82,7.9,9.2,4.74,4.63,1,0,0,0,0,0,0,0
3282,92,1,1,2,1,2,57,1,0,1,0,1,1,4,0,14.4,8.56,42.1,27.4,160.5,132.5,104,85.5,5.2,5.6,2.16,2.54,1,1,0,0,0,0,1,0
3283,92,1,1,2,1,2,54,1,0,1,0,1,1,4,0,10.2,6.6,34.8,24.4,131.5,122,81.5,81.5,15.3,15.6,5.1,4.07,1,1,0,0,0,1,1,0
3284,92,1,1,2,1,2,56,1,0,1,0,1,1,4,0,12,5.96,43.9,24.1,155,126.5,94.5,77,5.4,5.3,1.3,1.71,1,1,1,1,0,0,0,0
3285,92,1,1,2,1,2,55,1,0,1,0,1,1,3,0,13,18.9,45.2,59.4,141.5,148.5,91.5,100.5,5.1,5.9,2.12,5.01,0,0,1,1,1,0,1,0
3286,92,1,1,2,1,2,56,0,0,1,0,1,1,3,0,13.7,10.1,47.9,37.1,151.5,130.5,78,74,7.2,7.4,3.37,3.95,0,0,0,0,0,0,1,0
3287,92,1,1,2,1,2,53,1,0,0,0,0,0,3,0,13.5,7.95,43.7,28.8,151.5,129.5,112.5,76.5,4.8,5.5,2.13,3.06,0,0,1,1,0,0,1,0
3288,92,1,1,2,1,2,72,1,0,1,0,1,1,3,0,23.6,16.7,36.1,22.9,147.5,133.5,75,74.5,13.5,8.5,4.49,3.97,0,0,0,0,0,1,0,1
3289,92,1,1,2,1,2,59,0,0,1,0,1,1,3,0,11.7,6.75,40.1,22.6,148.5,129.5,83.5,81,5.8,5.7,4.13,2.62,0,0,0,0,0,1,1,1
3290,92,1,1,2,1,2,53,0,0,1,0,1,1,4,0,11.7,12.1,52,51.7,159.5,136.5,90.5,90,6.9,9.8,4.78,5.25,1,1,0,0,0,0,0,0
3291,92,1,1,2,1,2,52,0,0,0,0,1,1,3,0,12,4.1,52,22.5,171.5,125,95,81,4.8,5.2,4.04,2.75,0,0,0,0,0,0,1,0
3292,92,1,1,2,1,2,66,0,0,0,0,1,1,3,0,13.7,8.72,29.3,15.8,131,122,84,76.5,5.9,5.4,2.61,2.41,0,0,0,0,0,0,0,0
3293,92,1,1,2,1,2,58,0,0,1,0,1,1,4,0,10.8,10.3,38.6,36.8,148,147,97.5,90,5.1,6.9,3.2,3.05,1,1,0,0,0,0,1,0
3294,92,1,1,2,1,2,52,0,0,0,0,1,1,4,0,15.8,10.1,62.8,45.7,143,130,96.5,85.5,6.1,5.2,2.92,2.41,1,0,0,0,0,0,1,0
3295,92,1,1,2,1,2,69,1,0,0,0,1,1,3,0,16.4,9.41,21.7,9.38,151,135.5,87,81.5,5.4,5.8,2.84,2,0,0,1,0,1,0,1,0
3296,92,1,1,2,1,2,57,0,0,0,0,1,1,2,1,16.1,11.2,57,42.4,213,180.5,118.5,94,6.9,6.5,3.13,3.15,0,0,0,0,0,0,0,0
3297,93,1,2,1,2,2,65,0,1,0,0,1,1,4,0,14.6,10,35.7,22.1,145,116.5,89.5,78.5,5.8,6.7,3.09,2.76,1,1,0,0,0,1,0,1
3298,93,1,2,1,2,2,58,0,0,1,0,0,1,4,0,12.6,16.9,44.9,53.5,146,140,98.5,85.5,6.8,7.6,5.56,3.13,1,1,0,0,0,0,0,0
3299,93,1,2,1,2,2,68,0,0,0,1,1,1,3,0,14.7,16.6,20.5,24.4,117,125,82.5,68.5,8.7,11.4,3.67,3.02,0,0,0,0,0,0,0,0
3300,93,1,2,1,2,2,77,1,0,1,0,1,1,4,0,19.5,15.7,12.7,10.3,150,150,87.5,85,5,5.7,2.33,1.56,1,0,0,0,0,0,1,1
3301,93,1,2,1,2,2,55,1,0,0,1,1,1,4,0,27.4,10.4,66.6,31.5,167,126.5,109.5,77.5,20.8,9.6,2.64,1.87,1,0,1,1,1,0,0,0
3302,93,1,2,1,2,2,60,0,0,1,0,1,1,4,0,17.3,13.8,54.8,44.6,175.5,149.5,101,88.5,5.3,6.7,4.75,3.07,1,1,0,0,0,0,0,1
3303,93,1,2,1,2,2,56,1,0,1,0,1,1,2,1,12.5,9.33,36.8,29.3,137.5,138,84.5,80.5,5.3,5.6,2.49,2.02,0,0,1,1,1,0,1,0
3304,93,1,2,1,2,2,67,0,1,0,0,1,1,4,0,13.2,17.1,25.8,27,153.5,125,90,76.5,5.9,7.9,1.3,1.95,1,1,0,0,0,1,0,0
3305,93,1,2,1,2,2,65,1,0,1,1,1,1,2,0,17.2,12.7,30.9,22.8,152.5,146,94,79,5.6,5.7,3.54,3.05,0,0,1,1,0,0,0,0
3306,93,1,2,1,2,2,67,0,0,0,0,1,1,1,1,14.8,10.7,28.4,19.5,136,125.5,86.5,71,4.7,5.7,4.18,3.43,0,0,0,0,0,0,0,0
3307,93,1,2,1,2,2,58,1,1,0,0,1,1,3,0,30.7,9.86,73,29.3,174,124.5,105.5,83,9.9,6.4,2.57,2.05,0,0,0,0,1,1,0,0
3308,93,1,2,1,2,2,60,1,1,1,0,1,1,2,1,24.8,11.2,60.4,29.1,179.5,135.5,110,80.5,4.8,5.2,2.92,2.54,0,0,1,1,0,0,1,1
3309,93,1,2,1,2,2,65,1,0,0,0,1,1,4,0,13.5,11.9,40.2,27.8,148.5,126.5,94,83.5,5.1,5.4,2,3.45,1,1,1,0,1,1,0,0
3310,93,1,2,1,2,2,58,0,0,1,0,1,1,3,0,18.9,12.9,57.8,42.1,148,127.5,95.5,84.5,8.6,6.5,3.14,1.31,0,0,0,0,0,0,1,0
3311,93,1,2,1,2,2,57,0,0,0,0,1,1,3,0,14.9,14.7,53.2,49.2,185.5,145,87.5,69,5,6.1,1.35,1.06,0,0,0,0,0,0,0,0
3312,93,1,2,1,2,2,69,0,0,1,0,1,1,3,0,29.4,19.2,51.9,33.3,186,138,94,77,8,18.9,4.18,2.96,0,0,0,0,0,0,0,0
3313,93,1,2,1,2,2,63,0,1,0,0,1,1,4,0,10.7,16,30.2,38.4,140.5,126,72,63,6.6,7.8,3,2.69,1,1,0,0,0,0,0,0
3314,93,1,2,1,2,2,71,1,0,0,0,1,1,3,0,18.5,25.8,18.3,27.3,139,155.5,80.5,77.5,5.4,6.7,4.38,7.25,0,0,1,1,1,0,0,0
3315,93,1,2,1,2,2,56,1,0,1,0,1,1,3,0,19.8,13.6,53.4,40.2,158,146.5,94.5,85.5,4.6,5.8,1.82,2.21,0,0,1,1,0,0,1,1
3316,93,1,2,1,2,2,65,1,0,0,0,1,1,4,0,18.4,11.3,49.6,25.6,159.5,134,96.5,76,10.3,8.4,1.76,1.53,1,0,1,0,0,0,0,0
3317,93,1,2,1,2,2,56,1,0,0,0,1,1,4,0,24.8,15.8,64.5,43,167,135,131,98.5,5.3,6.9,3.23,3.13,1,1,1,0,0,0,0,0
3318,93,1,2,1,2,2,77,1,0,1,0,1,1,4,0,24.4,16.4,16.9,7.91,154.5,127.5,92,77.5,5.5,6.6,3.3,2.91,1,0,0,0,0,0,0,0
3319,93,1,2,1,2,2,63,0,0,1,0,1,1,2,0,14.8,12.1,35.8,26.6,126.5,120,83.5,70.5,5.6,5.4,2.66,2.9,0,0,0,0,0,0,0,1
3320,93,1,2,1,2,2,64,1,0,0,0,1,1,3,0,13.7,11.1,26,18.7,139.5,118.5,91,75.5,5.2,5.3,2.08,3.26,0,0,0,0,0,1,0,1
3321,93,1,2,1,2,2,58,1,0,1,0,1,1,3,0,15,11.5,47.3,36.4,153,132,96,81.5,4.9,5.2,2.74,3.26,0,0,0,0,0,0,1,0
3322,93,1,2,1,2,2,65,1,1,0,0,1,1,3,1,23,12.6,54.3,29.9,151,129.5,103,79.5,7.6,7.6,1.79,1.34,0,0,1,1,0,1,0,1
3323,93,1,2,1,2,2,69,0,0,0,0,1,1,3,0,18.2,17.7,25.4,24,129,122.5,76.5,76,7,7,1.95,4.16,0,0,0,0,0,0,0,0
3324,93,1,2,1,2,2,57,0,0,1,0,1,1,4,0,11,15.3,41.1,50.8,146,132,85,81,6.7,9.1,3.41,4.02,1,1,0,0,0,0,0,1
3325,93,1,2,1,2,2,63,0,0,0,0,1,1,2,1,12.2,12.7,28,29.2,134.5,134.5,89.5,88.5,10.7,10.2,2.17,3.55,0,0,0,0,0,1,0,1
3326,93,1,2,1,2,2,59,0,0,0,0,1,1,4,0,19.8,12.5,57.5,38.2,147.5,116,97,70.5,6.8,6.6,3.85,2.88,1,1,0,0,1,0,1,0
3327,93,1,2,1,2,2,69,1,1,1,0,1,1,4,0,17.6,9.81,35.8,17,156,127,84,70.5,7.6,9,1.51,1.17,1,1,0,0,0,0,0,1
3328,93,1,2,1,2,2,52,0,1,0,0,1,1,4,0,10,3.3,46.3,19,158.5,116,93.5,73.5,4.7,5.5,4.67,3.15,1,0,0,0,0,0,0,0
3329,93,1,2,1,2,2,65,1,1,0,0,1,1,3,0,14.4,11.4,29.3,21,124.5,116,83,78,7.1,5.9,3.34,1.78,0,0,0,0,1,0,0,0
3330,93,1,2,1,2,2,62,0,0,1,0,1,1,2,1,14,9.75,37.3,25.1,139,118,76.5,66.5,8.4,5.1,3.82,3.21,0,0,0,0,0,0,1,0
3331,93,1,2,1,2,2,54,1,1,0,0,1,1,4,0,11.4,8.22,41.1,32.1,135.5,128,100,79.5,5,5.5,2.05,2.54,1,1,1,1,0,0,0,0
3332,93,1,2,1,2,2,54,1,1,0,0,1,1,3,0,12.3,13.5,44.6,45.3,138,128,95.5,87,4.8,5.4,3.85,3.45,0,0,1,1,0,0,0,0
3333,94,2,2,1,2,2,62,1,1,1,0,0,1,3,0,23.8,14.4,57.1,35.2,174,144,85.5,89,4.9,6.8,3.05,3.9,0,0,1,1,0,0,1,0
3334,94,2,2,1,2,2,58,1,0,1,0,1,1,4,0,19.7,12.9,56.2,40.6,143.5,138,105,97,12.4,9.2,2.71,1.72,1,1,1,1,0,0,1,0
3335,94,2,2,1,2,2,54,1,0,0,0,1,1,4,0,29,23.1,73.3,64,154,156,105,104,7.9,8.8,3.59,2.59,1,1,1,1,0,0,1,0
3336,94,2,2,1,2,2,58,0,0,0,0,1,1,3,0,13.9,11.3,49.4,41.5,174.5,158,110,100.5,4.8,5.1,1.72,1.35,0,0,0,0,0,0,1,0
3337,94,2,2,1,2,2,59,0,0,1,0,1,1,4,0,21.6,17.1,61.6,51.5,157.5,145.5,84.5,83,11.8,7.9,2.84,2.94,1,1,0,0,0,0,1,1
3338,94,2,2,1,2,2,58,0,0,1,1,1,1,3,0,17.8,16.2,55,51.6,147,146,85,85.5,6.1,6.3,2.71,2.54,0,0,0,0,0,0,1,1
3339,94,2,2,1,2,2,71,1,0,1,0,1,1,3,0,12.2,13.2,19.5,16.2,138,132.5,83.5,85.5,5.6,6.6,2.92,4.84,0,0,1,0,0,0,1,1
3340,94,2,2,1,2,2,65,1,1,1,0,1,1,3,0,20.5,17.8,44,38.1,159,153,98.5,91.5,4.9,5.6,3.16,3.44,0,0,1,1,0,0,1,0
3341,94,2,2,1,2,2,58,1,0,1,0,1,1,3,0,12.6,13.1,42.4,43.4,145,139,81,85.5,5.4,6.7,1.56,2.66,0,0,1,1,0,0,1,0
3342,94,2,2,1,2,2,73,0,0,0,0,0,1,2,1,17,15.2,24.3,20.4,174,161.5,84.5,78.5,5.4,6,2.64,3.37,0,0,0,0,1,1,0,0
3343,94,2,2,1,2,2,64,0,0,1,0,1,1,3,0,23.8,17.9,56.2,42.4,157,139,96.5,83,8.3,9.1,4.44,1.83,0,0,0,0,0,0,1,0
3344,94,2,2,1,2,2,62,1,1,1,1,1,1,2,0,15.1,12.9,39.1,35.7,160.5,140,107,96,5.2,5.6,3.46,2.84,0,0,0,0,0,0,1,0
3345,94,2,2,1,2,2,79,1,1,0,0,1,1,3,0,32,30.7,14.7,12.1,148.5,138.5,103.5,87.5,5.3,6.2,2.52,2.86,0,0,0,0,0,0,0,0
3346,94,2,2,1,2,2,56,0,1,0,0,1,1,3,0,14.4,7.32,50.3,28.7,151,107.5,93,75,6.4,8.4,3.99,3.6,0,0,0,0,0,0,0,1
3347,94,2,2,1,2,2,53,0,0,1,0,1,1,4,0,12.1,12.7,50.8,52.9,127,128,84,84,7.3,10.4,2.82,2.25,1,1,0,0,0,0,1,0
3348,94,2,2,1,2,2,53,1,0,1,1,1,1,3,0,16.2,17.1,50.3,52.6,131,128,99,91.5,5.2,5.7,3.14,4.75,0,0,1,1,0,0,1,0
3349,94,2,2,1,2,2,57,0,1,0,0,1,1,4,0,11.2,10.4,41.7,39.6,148.5,142.5,92,89,5.4,6.4,1.82,2.38,1,1,0,0,1,0,0,0
3350,94,2,2,1,2,2,58,0,0,0,0,1,1,3,0,15.3,17.6,52.8,59,166.5,177.5,92.5,97.5,4.8,6.6,2.49,3.32,0,0,0,0,0,0,1,0
3351,94,2,2,1,2,2,55,0,0,1,0,1,1,4,0,17.7,15.1,60.9,54.9,151.5,145,85,86,7.5,8.4,2.75,2.56,1,1,0,0,0,0,1,0
3352,94,2,2,1,2,2,67,0,0,0,0,1,1,2,0,21,18.9,37.7,33.4,156.5,150,82,83,10.1,10.3,3.17,3.17,0,0,0,0,0,1,0,0
3353,94,2,2,1,2,2,57,0,0,1,0,1,1,3,0,12.7,11.1,42.7,38.1,143,137.5,89.5,87,10.6,10.2,3.44,2.44,0,1,0,0,0,0,0,0
3354,94,2,2,1,2,2,65,0,0,1,0,1,1,2,1,16.3,19.6,35.7,43.7,139.5,147,89,87,7.6,7.9,3.09,2.38,0,0,0,0,0,0,1,0
3355,94,2,2,1,2,2,58,0,0,0,0,1,1,4,0,24.5,16.2,69.7,51.4,163,135.5,109,94,7.4,10.3,3.93,3.37,1,1,0,0,0,0,1,0
3356,94,2,2,1,2,2,59,0,1,1,0,1,1,3,0,18.9,13.1,60.1,44.3,180.5,155,88.5,89.5,5,5.6,2.8,3.1,0,0,0,0,0,0,1,0
3357,94,2,2,1,2,2,52,1,0,1,0,1,1,3,0,10.8,6.45,39.5,28.4,133.5,137,96,92,4.5,5.6,2.26,1.85,0,0,1,1,0,0,1,0
3358,94,2,2,1,2,2,59,1,0,1,0,1,1,2,1,21.3,15.3,45.8,34.6,147,143.5,96,93.5,7.3,6.8,2.74,1.76,0,0,0,0,0,0,1,0
3359,94,2,2,1,2,2,69,0,0,1,0,0,1,4,0,30.4,29.4,54.6,53.4,155.5,157.5,97.5,99,10.3,11.9,1.43,1.49,1,1,0,0,0,1,1,0
3360,94,2,2,1,2,2,65,0,1,0,0,1,1,3,0,11.6,8.04,26.4,17.3,150,131,76.5,72,5.3,5.8,4.03,2.64,0,0,0,0,0,0,1,0
3361,94,2,2,1,2,2,66,1,0,1,0,1,1,3,0,19.6,10.7,37.7,17.9,161,128.5,80.5,73,7.9,8.7,2.21,2.6,0,0,0,0,0,0,1,0
3362,94,2,2,1,2,2,66,0,0,1,1,1,1,3,0,10.1,10.7,22.9,24.8,138,141,82.5,85,4.8,5.6,1.17,2.92,0,0,0,0,0,0,1,0
3363,94,2,2,1,2,2,60,1,1,0,0,1,1,3,0,23.8,15.7,70.6,51.4,184.5,162.5,111.5,101.5,4.8,5.6,3.03,2.54,0,0,1,1,0,0,1,0
3364,94,2,2,1,2,2,73,0,0,1,0,1,1,4,0,28.2,28.1,29.7,29.4,136,135,66,64.5,6.7,7.6,2.34,2.02,1,1,0,0,0,0,1,0
3365,94,2,2,1,2,2,69,0,0,0,1,1,1,3,0,11.8,11.1,20.3,15.7,124.5,121,82,78,5.1,6.2,2.24,3.17,0,0,0,0,0,0,0,0
3366,94,2,2,1,2,2,59,0,0,0,0,1,1,4,0,13.7,9.75,46.8,34.1,160,135.5,90,86,5.8,6.6,3.09,2.59,1,1,0,0,1,0,1,0
3367,94,2,2,1,2,2,62,0,1,1,0,1,1,3,0,14,5.9,43.6,15.9,171.5,123.5,74.5,72.5,5.2,5.8,4.64,4.82,0,0,0,0,0,0,1,1
3368,94,2,2,1,2,2,59,0,1,1,0,1,1,4,0,10.4,10.5,35.6,36,134.5,133,89.5,85.5,5.3,6.1,5.37,3.8,1,1,0,0,0,0,1,0
3369,94,2,2,1,2,2,61,1,0,1,0,1,1,4,0,13.5,13.1,36,32.1,136,133.5,103.5,97,5.1,6.1,1.95,2.84,1,1,1,0,0,0,1,1
3370,94,2,2,1,2,2,60,0,1,1,0,1,1,4,0,10.6,13.9,34.3,39.8,136.5,121,93,74,6.6,7.1,2.16,2.09,1,0,0,0,0,0,1,1
3371,95,1,1,1,1,1,64,0,0,0,1,1,1,3,0,15.3,13.3,41.3,34.4,158.5,140,90.5,79,5.4,6.6,2.25,2.59,0,1,0,0,1,0,1,0
3372,95,1,1,1,1,1,64,1,1,1,0,1,1,2,1,15,15.5,38.9,34.7,158,138,84.5,77,6.4,8.4,3.02,3.1,0,0,1,0,0,0,1,0
3373,95,1,1,1,1,1,67,0,0,0,0,1,1,3,0,16.2,11.4,38,24.6,167,140,95.5,87,5.8,6.9,2.16,1.63,0,0,0,0,1,1,1,1
3374,95,1,1,1,1,1,65,1,0,1,1,1,1,4,0,11.6,12.6,21.3,22.9,121,137.5,86,87.5,5.8,6.5,3.42,3.19,1,0,1,0,0,0,1,1
3375,95,1,1,1,1,1,55,1,1,1,0,1,1,4,0,14.3,7.86,42.4,25.7,137,122.5,89.5,75,10.9,12.7,2.69,2.44,1,1,1,0,0,0,1,1
3376,95,1,1,1,1,1,57,1,0,0,0,1,1,2,1,16.9,14.2,46.4,39.7,157.5,144,113,96.5,4.8,5.6,2.13,3.53,0,0,1,0,0,0,1,0
3377,95,1,1,1,1,1,73,1,1,0,1,1,1,3,0,17.1,9.29,44.7,12.8,185,130,97,75,5.6,6.6,2.21,2.21,0,0,1,0,0,1,1,0
3378,95,1,1,1,1,1,49,0,0,0,0,1,1,4,0,10.9,9.13,54.9,49.4,139,133,86.5,82.5,9.7,8.2,4.2,4.25,1,1,0,0,0,0,1,0
3379,95,1,1,1,1,1,64,0,0,0,0,1,1,3,0,26.5,14.7,63,33.5,169,123,103.5,84.5,9.8,8.7,3.39,2.16,0,0,0,0,0,0,1,0
3380,95,1,1,1,1,1,62,1,0,1,0,1,1,3,0,24.8,10.9,65.1,29.9,170,129.5,91,74,6.6,7.4,2.7,1.37,0,0,1,0,0,0,1,1
3381,95,1,1,1,1,1,63,0,0,0,0,1,1,3,0,26.9,14.5,64.2,34.9,164,124.5,87,84.5,8.5,6.4,3.19,1.28,0,0,0,0,0,0,1,0
3382,95,1,1,1,1,1,57,0,0,1,0,1,1,3,0,19.3,11.6,61.2,41.4,169.5,134.5,104.5,76,5.6,7.3,2.97,7.25,0,0,0,0,1,0,1,0
3383,95,1,1,1,1,1,67,1,0,1,0,1,1,4,0,13,7.02,35.5,16.3,161.5,127.5,90.5,79,4.9,5.9,1.77,1.96,1,1,0,0,0,0,1,0
3384,95,1,1,1,1,1,57,1,0,1,0,1,1,4,0,14.6,9.87,38.7,27.1,147.5,126,98.5,83,14.6,16.2,1.57,2.01,1,1,0,0,0,0,1,0
3385,95,1,1,1,1,1,37,1,0,0,0,1,1,4,0,12.1,7.01,61.2,45.2,133.5,127,95,84,14.8,13.5,4.17,3.14,1,0,1,1,0,0,1,1
3386,95,1,1,1,1,1,58,0,1,1,0,1,1,3,0,13.9,9.9,45.1,37,142.5,164,92.5,88.5,8.7,6.3,2.7,1.73,0,0,0,0,0,0,1,1
3387,95,1,1,1,1,1,57,0,0,1,0,1,1,3,0,11.2,13.9,38,46,131.5,138.5,79,79,14.1,14.3,2.77,3.87,0,1,0,0,1,1,1,1
3388,95,1,1,1,1,1,55,1,0,1,0,1,1,4,0,22.3,9.45,67.5,35.8,158,127,110.5,74.5,5.1,5.8,3.54,2.84,1,1,1,1,0,0,1,1
3389,95,1,1,1,1,1,40,0,0,0,0,1,1,4,0,14.5,4.49,77.8,49.6,163.5,120.5,100.5,83.5,7.1,7.9,1.97,2.55,1,1,0,0,1,0,1,0
3390,95,1,1,1,1,1,59,0,0,0,0,0,1,3,0,12.9,9.08,38.2,27,128.5,109.5,85,70,7.9,8.7,4.4,4.65,0,0,0,0,0,0,1,0
3391,95,1,1,1,1,1,60,1,0,1,0,1,1,4,0,19.3,11.1,41.2,22.8,138.5,128,95,86,7.1,7.7,3.69,3.63,1,0,1,0,0,0,1,0
3392,95,1,1,1,1,1,50,0,0,0,0,1,1,3,0,10.1,3.73,48.8,24,169.5,123.5,93.5,80,5.2,6.2,2.3,0.93,0,0,0,0,0,0,1,1
3393,95,1,1,1,1,1,57,0,0,0,0,1,1,3,0,16.7,10.1,54.4,35.7,150.5,124,98.5,77,5.2,6.7,2.83,3.02,0,0,0,0,1,0,1,0
3394,95,1,1,1,1,1,52,1,0,0,0,1,1,3,0,13.6,7.22,48,29.8,141,117,97.5,75,5.3,5.1,3.81,2.79,0,0,1,0,0,1,1,0
3395,95,1,1,1,1,1,51,0,0,0,0,1,1,3,0,10.3,5.37,49.3,30.6,159,132,105,93,4.9,6.6,2.92,4.8,0,0,0,0,0,0,1,1
3396,95,1,1,1,1,1,62,1,1,1,0,1,1,3,0,11,7.12,23.4,15.4,132.5,124.5,81,74.5,6.2,6.4,1.7,1.28,0,0,0,0,0,0,1,1
3397,95,1,1,1,1,1,50,1,0,0,0,1,1,4,0,16.3,5.7,52.6,23.9,135.5,117,92.5,75,12.4,6.1,3.07,1.28,1,0,1,1,0,0,1,0
3398,95,1,1,1,1,1,64,1,0,1,0,1,1,3,0,11.4,8.77,25.5,18.6,137.5,126.5,85,77,5,6.5,4.3,3.54,0,0,0,0,1,1,1,0
3399,95,1,1,1,1,1,63,1,0,1,0,1,1,4,0,15.5,12.3,24.5,18.5,136,123.5,92,88,11,8,2.7,3.21,1,0,0,0,0,0,1,1
3400,95,1,1,1,1,1,52,1,0,0,0,1,1,3,0,18.9,6.46,59.9,26.9,153.5,119.5,113,83,5.1,4.9,3.87,2.21,0,0,1,1,0,0,1,0
3401,95,1,1,1,1,1,55,0,0,0,0,1,1,3,0,15.3,9.88,54.8,39.5,149,123.5,106,79,6.9,6.6,2.5,4.99,0,0,0,0,1,1,1,1
3402,95,1,1,1,1,1,64,1,1,1,0,1,1,4,0,13.9,9.78,25.3,17.9,126,121,89.5,79.5,5.3,6.5,4.6,3.47,1,1,0,0,0,0,1,0
3403,95,1,1,1,1,1,59,0,0,1,0,1,1,3,0,13.3,11.4,45.6,39.3,170,151.5,95.5,79.5,4.6,5.9,3.08,2.85,0,0,0,0,1,0,1,0
3404,95,1,1,1,1,1,62,0,0,0,0,1,1,3,0,17.6,11,52.6,33.2,180.5,144,94.5,77.5,5.1,5.5,4.13,2.45,0,0,0,0,0,0,1,0
3405,95,1,1,1,1,1,55,0,0,1,0,1,1,3,0,12.2,8.05,46.3,33.1,135.5,128.5,76,67,4.9,6.8,1.8,1.33,0,0,0,0,0,0,1,0
3406,95,1,1,1,1,1,49,0,0,1,0,1,1,4,0,21.8,24.8,79,83.5,166.5,173.5,103,96.5,7.1,8.8,2.94,2.44,1,1,0,0,0,0,1,0
3407,95,1,1,1,1,1,58,1,0,1,0,1,1,3,0,18.6,9,57.4,30.2,160,132,111,89,5,6.1,2.09,2.1,0,0,1,0,0,0,1,0
3408,95,1,1,1,1,1,56,0,0,0,0,1,1,4,0,16.9,12.4,57,44.6,138.5,138,99,79.5,5.6,5.7,2.8,3.12,1,0,0,0,0,1,1,1
3409,96,1,1,2,2,1,69,1,1,1,1,1,1,4,0,14.8,10.7,43.4,21.1,174.5,139,87,86.5,5.7,5.9,1.35,1.74,1,0,1,0,0,0,0,0
3410,96,1,1,2,2,1,57,1,0,1,0,1,1,4,0,12.1,13.9,36.6,38.5,143.5,141.5,93.5,89,5.8,6.4,1.69,1.54,1,1,1,0,0,1,0,0
3411,96,1,1,2,2,1,68,1,0,1,1,0,1,4,0,25.4,15,37.3,21.9,182,138.5,92.5,87,5.3,6.1,3.4,3.63,1,1,0,0,0,0,1,0
3412,96,1,1,2,2,1,69,0,0,1,1,1,1,3,0,15.3,11.6,30.2,19.7,146.5,120.5,90,70.5,5.1,6.4,3.17,3.06,0,0,0,0,0,0,1,0
3413,96,1,1,2,2,1,59,1,0,1,0,1,1,4,0,18,14.1,49,40,144,139,94.5,91,5.2,5.3,2.76,2.05,1,1,0,0,0,0,1,0
3414,96,1,1,2,2,1,69,1,0,1,1,1,1,3,0,34.4,22.8,44.3,27.9,159.5,145,104,96.5,7.2,7.2,4.48,3.97,0,0,0,0,0,0,0,0
3415,96,1,1,2,2,1,71,0,0,1,1,1,1,3,0,13.1,9.32,19.2,11.5,148.5,125,83.5,73.5,5,5.6,3.84,5.21,0,0,0,0,0,0,0,0
3416,96,1,1,2,2,1,47,1,0,0,0,1,1,4,0,10.1,13.2,45.7,47.2,148,130,100.5,80.5,6.1,6.7,3.77,3.15,1,1,1,1,0,0,1,1
3417,96,1,1,2,2,1,39,1,1,0,0,1,1,2,0,12.8,11.2,49.8,48.3,126.5,119,87,78.5,5.4,5.5,2.77,3.6,0,0,0,0,0,0,1,0
3418,96,1,1,2,2,1,63,0,0,1,1,1,1,2,0,12,10.8,27.7,24.2,133,126,71,70.5,8.9,6.3,3.59,3.08,0,0,0,0,0,0,1,0
3419,96,1,1,2,2,1,35,1,0,0,0,1,1,4,0,11,2.38,51.4,25.8,149,114,103,79.5,6.6,6.1,2.6,3.63,1,1,0,0,0,0,1,0
3420,96,1,1,2,2,1,50,1,0,0,0,1,1,4,0,23.9,7.32,67.8,32.5,168.5,131,108.5,92.5,5.3,6.1,2.96,3.15,1,0,0,0,0,0,1,0
3421,96,1,1,2,2,1,50,0,0,1,0,1,1,2,0,15,6.63,62,37.1,168.5,149,104.5,85,7.9,6.8,2.61,3.63,0,0,0,0,0,0,1,0
3422,96,1,1,2,2,1,59,1,0,1,0,1,1,3,0,18,15,54.4,41.9,146.5,126,95.5,82,4.9,7.2,3.25,3.27,0,0,1,1,0,0,1,0
3423,96,1,1,2,2,1,57,0,1,1,0,1,1,3,0,10.9,8.22,41,32.1,147,132.5,84.5,81.5,5.7,6.1,3.76,3.06,0,0,0,0,0,0,1,0
3424,96,1,1,2,2,1,66,0,0,0,0,1,1,2,0,11.4,7.35,26.5,16.1,144,129,72.5,77.5,5.7,5.4,3.03,2.43,0,0,0,0,0,0,1,0
3425,96,1,1,2,2,1,57,0,1,1,0,1,1,4,0,10.2,6.47,39.3,26,153.5,125.5,98.5,78.5,4.8,5.6,4.52,3.66,1,1,0,0,0,0,1,0
3426,96,1,1,2,2,1,56,0,0,1,0,1,1,4,0,10.2,9.45,40.6,38.4,149,146,89,89,5.7,5.5,3.06,3.08,1,1,0,0,0,1,1,0
3427,96,1,1,2,2,1,53,0,1,1,0,1,1,4,0,10.1,7.29,45.2,35.5,157.5,139,98.5,89,5.8,5.5,3.41,2.86,1,1,0,0,0,0,1,0
3428,96,1,1,2,2,1,58,1,0,1,0,1,1,3,0,18.3,14.5,55.1,47.1,166,161,94,99.5,5.6,6.5,2.6,2.62,0,1,0,0,0,0,1,0
3429,96,1,1,2,2,1,58,0,0,1,0,1,1,4,0,12.9,9.63,41.8,31.7,147.5,122,84,76,6.6,6.4,4.91,2.98,1,0,0,0,0,0,1,0
3430,96,1,1,2,2,1,37,1,0,1,0,1,1,3,0,25.6,26.6,69.5,72.2,147.5,139,100.5,99.5,5.7,7.2,4.85,4.89,0,0,1,1,1,0,1,0
3431,96,1,1,2,2,1,53,0,0,1,0,1,1,4,0,10.4,8.92,46.9,41.9,144,140,99,94.5,5.4,6.5,3.97,2.69,1,1,0,0,0,0,1,0
3432,96,1,1,2,2,1,60,0,1,1,0,1,1,3,0,11.3,9.21,36.7,30.1,142,129.5,85,71,5.8,5.9,1.67,2.14,0,0,0,0,0,0,1,0
3433,96,1,1,2,2,1,61,0,0,1,0,1,1,3,0,25.8,13.8,66.8,38.4,167.5,129,106.5,77,4.7,4.6,2.38,1.86,0,0,0,0,0,0,1,0
3434,96,1,1,2,2,1,50,1,0,1,0,1,1,4,0,44.4,10.7,89.1,41.5,195,135.5,129,93.5,8.1,7,3.44,2.82,1,1,0,0,0,0,0,0
3435,96,1,1,2,2,1,70,0,0,1,0,1,1,4,0,31.9,28.3,54,44.9,154.5,137.5,82.5,81.5,7.2,8.1,3.25,3.07,1,1,0,0,1,0,0,0
3436,96,1,1,2,2,1,60,1,0,1,0,1,1,2,1,11,12.8,26.1,30.6,145.5,130.5,91,76,4.8,5.6,1.99,3.05,0,0,1,1,0,0,0,0
3437,96,1,1,2,2,1,60,0,0,1,0,1,1,2,1,15.8,11.7,47.4,36.3,156.5,140.5,87.5,85,7,7.1,3.5,3.74,0,0,0,0,1,0,1,1
3438,96,1,1,2,2,1,60,1,1,1,0,1,1,3,0,15.4,7.96,39.7,19.8,146,129,98.5,90.5,4.7,5.7,2.06,1.45,0,0,1,0,0,0,1,0
3439,96,1,1,2,2,1,59,1,0,1,0,1,1,3,0,21.9,11,65.1,37.4,171.5,143.5,98.5,85.5,6.4,6.5,2.55,2.56,0,0,1,1,0,0,0,0
3440,96,1,1,2,2,1,43,1,1,0,0,1,1,4,0,14.8,9.06,67.7,48.3,194.5,138.5,130.5,96.5,6.7,7.5,3.97,3.59,1,1,0,0,0,0,1,1
3441,96,1,1,2,2,1,51,0,0,0,0,1,1,3,0,12.9,4.95,55.5,29.4,153.5,117.5,100,84.5,15.6,6.2,2.09,3.09,0,0,0,0,0,0,0,0
3442,96,1,1,2,2,1,73,0,0,0,0,0,1,2,0,15,10.5,24.7,12,160,116,91,73,5.6,5.7,1.34,1.65,0,0,0,0,0,0,0,0
3443,96,1,1,2,2,1,49,1,1,0,0,1,1,3,0,18.1,7.11,56.4,30.5,154,123.5,96,74,9.1,5.9,1.91,1.43,0,0,0,0,0,0,0,0
3444,96,1,1,2,2,1,54,1,1,0,0,1,1,3,0,23.2,8.47,63.8,29.8,159.5,123,96,77,11.3,6.4,3.41,2.43,0,0,0,0,0,0,0,0
3445,96,1,1,2,2,1,50,1,1,0,0,1,1,3,0,10.7,3.25,45.5,18.9,160,120,98,73.5,6.4,5.9,3.19,2.56,0,0,0,0,0,0,0,0
3446,97,1,2,1,1,2,65,0,0,1,0,1,1,4,0,13.3,12,31.9,27.8,135,128,83.5,80.5,6.5,5.6,2.98,2.35,1,1,0,0,1,0,1,1
3447,97,1,2,1,1,2,68,1,0,1,0,1,1,3,1,18.4,13.9,48.1,32.6,167.5,141,91,72.5,5.9,4.8,1.46,1.83,0,0,1,1,0,0,0,0
3448,97,1,2,1,1,2,63,1,0,1,1,1,1,4,0,24.4,20,45.8,36.7,155,142.5,85.5,89.5,6.8,7.3,3.36,2.95,1,1,0,0,0,0,1,0
3449,97,1,2,1,1,2,65,0,0,1,1,1,1,3,0,15.3,16.7,30.9,31.8,117.5,130,71.5,76.5,6.3,10.8,3.1,3.29,0,0,0,0,0,0,1,0
3450,97,1,2,1,1,2,72,1,0,0,0,1,1,3,0,19.7,17.5,24.3,15.2,143,118,75.5,67.5,5.4,7.1,5.86,4.76,0,0,0,0,0,0,0,1
3451,97,1,2,1,1,2,65,0,0,1,0,1,1,3,0,16.1,11.9,42.6,28.9,168.5,139,88,84,5.7,5.9,3.3,2.84,0,0,0,0,0,1,1,1
3452,97,1,2,1,1,2,62,1,1,1,0,1,1,3,0,16.3,13.3,38.6,32.2,142,139,98.5,82.5,5.3,5.7,3.14,2.89,0,0,1,1,0,0,0,0
3453,97,1,2,1,1,2,66,0,0,1,0,1,1,3,0,16.7,12.7,39.9,28.3,157.5,136.5,82.5,84.5,5.3,5.6,4.12,2.95,0,0,0,0,0,0,1,1
3454,97,1,2,1,1,2,64,0,1,1,1,1,1,3,0,32.4,24.4,72.9,57,179.5,156,103.5,87.5,6.1,6.1,3.66,3.11,0,0,0,0,0,0,1,0
3455,97,1,2,1,1,2,56,0,0,1,0,0,1,4,0,12.2,9.12,47.2,37.3,170,149,90,84,5,5.4,0.94,2.84,1,1,0,0,0,1,0,1
3456,97,1,2,1,1,2,62,1,0,1,0,1,1,4,0,15.7,15.2,32.6,35.3,132.5,140,96,86.5,8.5,5.4,1.99,2.88,1,1,0,0,1,1,0,1
3457,97,1,2,1,1,2,62,1,0,1,0,1,1,4,0,13.5,10.6,29.2,20.9,136.5,136.5,100.5,91,5.7,6.3,3.38,3.03,1,1,0,0,0,0,1,0
3458,97,1,2,1,1,2,65,0,0,1,0,0,1,4,0,30.6,21.9,66.2,46.7,166.5,137,97.5,81.5,6.2,7,3.61,2.7,1,1,0,0,1,1,1,0
3459,97,1,2,1,1,2,67,1,0,0,0,1,1,4,0,28.5,19.7,49.3,31.2,167,144,101.5,79.5,6.3,5.8,3.99,3.72,1,1,0,0,0,1,1,1
3460,97,1,2,1,1,2,70,1,1,1,1,1,1,3,0,12.2,11.6,19.8,17.3,149.5,139.5,84,88.5,6.4,5.2,2.24,2.81,0,0,0,0,0,0,1,0
3461,97,1,2,1,1,2,59,0,1,1,0,1,1,3,0,11,9.27,37.8,32.1,144.5,133.5,100,82.5,5.4,5.4,2.01,3.98,0,0,0,0,0,0,0,0
3462,97,1,2,1,1,2,65,1,0,0,0,0,1,4,0,26.3,14.2,47.4,20.3,165,141,85.5,71,17.4,7.5,3.89,2.3,1,1,0,0,0,0,0,0
3463,97,1,2,1,1,2,54,0,0,1,0,1,1,4,0,10.7,8.15,45.9,37,156,138.5,97.5,82.5,5.5,5.6,4.25,3.43,1,1,0,0,1,0,1,0
3464,97,1,2,1,1,2,77,1,0,1,1,1,1,3,0,25.4,26.1,21,15.7,155,130.5,82.5,81.5,6.2,6.4,2.09,2.83,0,0,1,1,0,1,1,1
3465,97,1,2,1,1,2,47,0,0,1,0,1,1,2,1,11.6,2.62,57,23.2,163.5,113,66.5,71.5,15.2,5.4,4.33,3.61,0,0,0,0,0,0,1,1
3466,97,1,2,1,1,2,61,0,0,1,0,1,1,3,0,24.2,19.2,63.5,51.6,158.5,140.5,77.5,78,7.9,13.8,5.86,4.41,0,0,0,0,1,0,0,0
3467,97,1,2,1,1,2,75,1,0,1,0,1,1,3,0,28.6,24.1,27,15.4,177,141,84,78.5,6,7.1,2.3,2.24,0,0,0,0,0,0,1,1
3468,97,1,2,1,1,2,58,0,0,1,0,1,1,3,0,11.8,8.04,42.7,30.1,156.5,134.5,77,79.5,5.6,5.3,5.02,3.57,0,0,0,0,0,0,1,0
3469,97,1,2,1,1,2,59,0,0,1,0,1,1,2,0,10.6,12.8,36.8,37.9,149,137,83.5,79.5,6.6,7.2,1.77,2.11,0,0,0,0,0,1,0,1
3470,97,1,2,1,1,2,58,0,0,1,0,1,1,4,0,14.1,10.1,48.9,37.3,172.5,142.5,87,88.5,5.9,5.6,3.43,3.67,1,1,0,0,0,1,0,1
3471,97,1,2,1,1,2,61,1,0,1,0,1,1,3,0,15.6,14,39.4,35.6,144.5,141.5,96,84.5,5.2,5,4.08,2.92,0,0,1,1,0,1,0,1
3472,97,1,2,1,1,2,60,0,0,1,1,0,1,3,0,14,10.3,46.5,33.8,167.5,140.5,74,76.5,5.6,6.6,4.88,2.98,0,0,0,0,1,1,0,1
3473,97,1,2,1,1,2,60,1,1,1,0,1,1,3,0,21,14.2,53.8,38,147.5,134,92,90.5,8.6,6.2,5.09,2.69,0,0,0,0,0,0,0,0
3474,97,1,2,1,1,2,70,0,0,0,0,1,1,1,0,10.6,10.5,14.4,15,126,132,68.5,70,4.9,4.7,2.79,2.96,0,0,0,0,0,1,1,0
3475,97,1,2,1,1,2,54,1,1,1,0,1,1,3,0,13.4,10.2,42.4,33.8,148.5,139.5,86.5,84.5,5.4,5.4,3.39,3.12,0,0,0,0,1,1,0,0
3476,97,1,2,1,1,2,47,0,0,1,0,1,1,3,0,10.9,4.91,55.9,34,175.5,138,107,85.5,5.2,6.1,4.58,2.56,0,0,0,0,0,0,0,0
3477,97,1,2,1,1,2,62,0,0,1,0,0,1,4,0,19.5,10.4,46.9,28.3,143,138.5,73.5,85,7.5,5.1,5.02,4.26,1,1,0,0,0,1,0,1
3478,97,1,2,1,1,2,47,1,0,1,0,1,1,3,0,17.5,8.66,61.3,35.9,169.5,133,95.5,83,8.9,5.6,2.96,2.45,0,0,1,1,0,0,0,1
3479,97,1,2,1,1,2,69,1,0,1,0,1,1,2,0,30.6,21.2,36.1,19.9,178.5,143,84,86.5,8.6,12.9,2.21,2.78,0,0,0,0,0,1,0,1
3480,97,1,2,1,1,2,60,0,0,1,0,1,1,4,0,12.1,16.9,40.3,48.3,154.5,137,66.5,71.5,5.6,8,5.97,4.55,1,1,0,0,0,0,1,0
3481,97,1,2,1,1,2,71,0,0,1,0,1,1,4,0,37.6,34.7,67.3,61.2,186,177.5,85,81,8.2,8.9,4.21,3.36,1,1,0,0,1,1,0,1
3482,97,1,2,1,1,2,60,1,1,1,0,1,1,2,0,19.2,26.2,49.1,55.3,165.5,147.5,88.5,82.5,5.2,6.4,2.19,3.91,0,0,1,0,0,0,1,1
3483,97,1,2,1,1,2,47,1,1,0,0,1,1,3,0,13.5,5.43,53.3,33.1,160.5,136.5,100.5,84.5,5.4,5.5,5.02,4.34,0,0,0,0,0,1,0,1
3484,98,2,2,2,2,2,73,0,0,1,1,1,1,3,0,33.4,21.8,50.6,24.2,163.5,117.5,62.5,48,11.2,9.7,5.23,4.24,0,0,0,0,0,1,1,1
3485,98,2,2,2,2,2,72,1,0,1,0,1,1,2,0,32.6,28.3,47.1,27.7,189.5,172.5,83,88.5,5.7,6.1,6.22,6.17,0,0,0,0,1,0,1,1
3486,98,2,2,2,2,2,65,1,0,1,0,0,1,4,0,16.8,9.63,43.2,20,152.5,131.5,80.5,57.5,5.7,6,3.88,3.14,1,0,0,0,1,0,0,1
3487,98,2,2,2,2,2,61,0,0,1,0,1,1,2,1,18.6,14.9,53,42.6,165.5,148,70,55,5.9,7.1,5.82,3.73,0,0,0,0,0,1,1,1
3488,98,2,2,2,2,2,59,1,0,1,1,1,1,3,0,24.6,21.9,59.8,54.2,187.5,179,98,95,5.6,5.9,2.87,2.78,0,0,0,0,0,0,1,1
3489,98,2,2,2,2,2,55,1,1,0,0,1,1,3,0,22.4,10.1,61.2,33.5,153.5,139.5,85.5,81,4.9,5.7,5.32,2.47,0,0,1,1,0,1,0,1
3490,98,2,2,2,2,2,69,1,0,1,0,1,1,2,0,22,23.9,29.4,27.1,133,142.5,66,79.5,5.3,5.7,3.52,4.59,0,0,0,0,1,1,0,1
3491,98,2,2,2,2,2,77,0,0,1,0,0,1,3,0,25.2,22.1,36.5,27.8,191.5,170.5,90,72.5,5.6,5.9,3.92,3.88,0,0,0,0,1,1,0,1
3492,98,2,2,2,2,2,77,1,0,1,0,1,1,3,0,19,13.4,10.8,7.74,132.5,108,71.5,53.5,9.2,10.3,2.19,1.7,0,0,0,0,1,1,1,1
3493,98,2,2,2,2,2,69,1,0,1,1,1,1,3,0,29.4,17.6,62.5,18.7,208,134.5,104,67.5,6.2,7,2.44,1.91,0,0,1,1,0,0,1,1
3494,98,2,2,2,2,2,69,1,0,1,1,1,1,3,0,25.9,21.4,49.4,33.1,207,166,72.5,75,5.2,5.7,2.63,2.68,0,0,0,0,0,0,0,0
3495,98,2,2,2,2,2,69,0,0,0,0,1,1,2,0,24.1,21.9,48,42.4,169.5,159.5,77,64,7.4,7.8,2.59,3.09,0,0,0,0,1,1,0,1
3496,98,2,2,2,2,2,60,0,0,1,0,1,1,3,0,13.5,12.5,44.6,41.2,166,158,90.5,79.5,5.1,5.4,3.11,2.37,0,0,0,0,0,0,0,1
3497,98,2,2,2,2,2,59,0,0,1,0,1,1,4,0,18.7,19.4,54.7,56.3,137,140,76,71,7.9,6.6,4.09,2.81,1,0,0,0,0,0,1,1
3498,98,2,2,2,2,2,55,0,0,1,0,1,1,4,0,13.4,9.55,52.3,38,174,130,99,82.5,5.2,5.1,2.24,2.04,1,1,0,0,0,1,1,1
3499,98,2,2,2,2,2,70,0,0,0,0,1,1,3,0,16.1,13.7,29.8,22.8,146.5,130,83.5,74.5,5.3,6.3,5.44,5,0,0,0,0,1,1,1,1
3500,98,2,2,2,2,2,59,0,0,1,0,1,1,3,0,20,19.5,59.1,57.1,168,157.5,101.5,91,5.2,5.9,2.47,3.65,0,0,0,0,1,1,1,1
3501,98,2,2,2,2,2,52,0,0,1,0,1,1,4,0,12.2,17.6,53.5,66,161,157.5,91.5,94.5,6.9,5.3,3.8,2.79,1,1,0,0,1,0,0,1
3502,98,2,2,2,2,2,53,0,0,1,0,1,1,2,0,13.5,12.3,52.7,49.6,156.5,151,85,78,11.8,10.3,1.33,1.77,0,0,0,0,0,0,1,0
3503,98,2,2,2,2,2,60,1,1,1,0,1,1,3,0,10.3,16.4,27.4,45.4,118,129.5,82.5,68,9.2,9,2.74,3.04,0,0,0,1,0,0,0,1
3504,98,2,2,2,2,2,55,1,0,1,0,1,1,2,1,14.4,18.9,43.4,49.5,156,152,92,95,5,5.7,4.45,4.54,0,0,0,0,1,1,1,1
3505,98,2,2,2,2,2,65,0,0,0,0,1,1,4,0,31.8,23.9,69.3,52.1,177,147,78,68,6.7,6.6,2.05,3.67,1,0,0,0,0,0,0,1
3506,98,2,2,2,2,2,58,0,0,1,0,1,1,4,0,10,9.15,36.1,34.1,154,138.5,96.5,85.5,5.4,6.7,9.05,7.04,1,1,0,0,0,0,0,1
3507,98,2,2,2,2,2,53,0,0,1,0,1,1,4,0,10.6,9.92,47.4,45.3,146,139.5,85,78.5,5.8,6.3,5.3,7.41,1,1,0,0,1,0,1,1
3508,98,2,2,2,2,2,55,0,0,1,0,1,1,3,0,13.6,17.4,52.8,60.1,195,172,102,87,5.9,6.9,3.71,3.57,0,0,0,0,0,0,1,1
3509,98,2,2,2,2,2,49,1,1,0,0,1,1,3,0,13.1,12.4,47.6,45.1,144,149.5,92,88.5,15.7,5.9,3.56,2.51,0,0,0,0,0,1,1,1
3510,98,2,2,2,2,2,61,1,0,1,0,1,1,3,0,20.2,15.2,48.8,37.8,155,146,94.5,77,5.1,5.4,4.24,3.12,0,0,1,0,0,0,1,1
3511,98,2,2,2,2,2,60,0,0,1,0,1,1,4,0,24.5,21.7,66.2,60.3,156.5,148.5,74,70.5,6.7,6.1,6.21,3.94,1,1,0,0,0,1,1,1
3512,98,2,2,2,2,2,51,0,0,0,0,1,1,3,0,10.4,15.5,48.9,62.4,165.5,161,85.5,87,4.7,5.1,1.67,2.53,0,1,0,0,0,1,1,1
3513,98,2,2,2,2,2,57,1,0,1,0,1,1,3,0,22.6,17.4,60,49.4,155,141.5,93.5,84,8.6,11.6,5.26,2.16,0,0,0,0,0,0,1,1
3514,98,2,2,2,2,2,77,1,0,1,0,0,1,3,0,20.2,22.6,25.7,28.8,166,167,76,73,8.1,9.7,1.78,2.17,0,0,0,0,1,0,0,0
3515,98,2,2,2,2,2,57,1,0,1,0,1,1,3,0,20.5,16.4,52,40.9,187.5,141,100,81.5,6.2,9.8,1.17,2.45,0,0,0,0,0,0,0,1
3516,98,2,2,2,2,2,58,1,1,1,0,1,1,3,0,12.1,9.19,32.9,25.5,160,131,93,82.5,5.4,6.5,2.67,2.86,0,0,0,0,0,1,0,1
3517,98,2,2,2,2,2,49,0,1,0,0,1,1,2,1,11.4,6.72,53.9,38.3,153.5,129,99,79.5,4.6,7.7,5.14,3.72,0,0,0,0,0,0,0,1
3518,98,2,2,2,2,2,60,0,0,0,0,1,1,3,0,12,10.7,35.1,31.2,122.5,118.5,72,63,6.3,7.8,3.41,1.86,0,0,0,0,0,1,1,1
3519,98,2,2,2,2,2,52,0,0,1,0,1,1,3,0,18.4,8.21,66.3,39.6,176.5,141,67,54,5.2,6.9,3.08,5.14,0,0,0,0,0,0,1,1
3520,99,1,1,2,1,1,69,0,0,1,0,1,1,4,0,18.4,17,37.6,33,154.5,144.5,79,79.5,6.2,5.9,2.38,2.13,1,1,0,0,1,1,1,1
3521,99,1,1,2,1,1,60,1,1,1,1,1,1,4,0,19.9,8.92,49.4,22.3,174,129.5,98,77,5.5,5.9,1.72,2.05,1,1,0,0,0,0,1,1
3522,99,1,1,2,1,1,70,0,0,1,0,0,1,2,0,27,18.9,51,29.9,172,133,75.5,66.5,10.7,7.3,5.7,3.19,0,0,0,0,1,1,1,1
3523,99,1,1,2,1,1,60,1,0,1,0,1,1,3,0,22.4,11.3,58,31.4,156.5,128,85.5,71,5.1,6,4.21,2.74,0,0,0,0,0,0,0,1
3524,99,1,1,2,1,1,60,1,1,0,0,1,1,2,1,16.2,13,37.7,30.3,150,139,85,87.5,5.3,5.6,4.02,2.36,0,0,1,0,1,1,1,0
3525,99,1,1,2,1,1,52,0,0,1,0,1,1,4,0,14.4,13,60.5,56.3,163,130,98.5,85,6.4,7,2.31,2.74,1,1,0,0,1,0,1,1
3526,99,1,1,2,1,1,73,1,1,1,1,1,1,3,0,29.6,28.2,31.6,19.8,148,131,64.5,78,8.6,6.7,3.29,3.18,0,0,0,0,0,0,1,1
3527,99,1,1,2,1,1,64,1,1,1,0,1,1,3,0,11,9.29,30.5,21.7,152.5,139,83,78,5.8,6.3,2.9,3.16,0,1,1,0,1,0,1,1
3528,99,1,1,2,1,1,63,0,0,1,0,1,1,4,0,32.9,28.6,73.1,65.7,155.5,147.5,92.5,88.5,7.3,8.7,3.73,2.6,1,1,0,0,1,0,1,1
3529,99,1,1,2,1,1,70,0,0,1,0,1,1,4,0,41.6,29.1,74.6,41.2,190,146,93.5,89,8.6,6.1,6.29,6.34,1,1,0,0,1,0,0,1
3530,99,1,1,2,1,1,52,0,0,1,0,1,1,4,0,11.2,11.2,50.3,50,162,133.5,100,82,5.9,6,3.35,3.84,1,1,0,0,0,0,0,1
3531,99,1,1,2,1,1,44,1,1,0,0,1,1,4,0,24.4,6.86,69.1,40.2,174.5,137.5,109.5,89.5,4.7,6.6,2.81,3.55,1,1,0,0,0,0,1,0
3532,99,1,1,2,1,1,58,1,0,1,0,1,1,2,0,10.6,10.3,34.8,33.8,137.5,134.5,87,88.5,5.2,5.9,3.24,3.1,0,0,1,1,0,0,1,0
3533,99,1,1,2,1,1,71,1,0,1,0,1,1,3,0,17.3,14.3,44.7,37.2,167,162.5,95,88.5,6.6,6.9,3.69,2.52,0,0,0,1,0,0,1,1
3534,99,1,1,2,1,1,54,0,0,1,0,1,1,4,0,13.6,7.36,53,34.1,139,137,88,81.5,7,6.2,4.1,2.33,1,1,0,0,0,0,1,0
3535,99,1,1,2,1,1,51,1,0,1,0,1,1,3,0,10.3,5.32,41.3,23.9,148,123,90,79.5,5.6,5.8,3.27,2.06,0,0,1,0,1,0,1,0
3536,99,1,1,2,1,1,42,0,0,0,0,1,1,2,1,16.9,5.74,74.3,46,184.5,137,90,89.5,13.1,7.6,7.1,3.19,0,0,0,0,0,0,1,0
3537,99,1,1,2,1,1,51,0,0,1,0,1,1,4,0,10.3,9.47,49.2,47.3,157.5,139,98,89,6.9,6.8,3.73,2.35,1,1,0,0,0,0,0,1
3538,99,1,1,2,1,1,44,0,0,1,0,1,1,4,0,15.2,3.4,69.5,33.7,192,138.5,105,88.5,5.3,6.9,3.98,3.42,1,1,0,0,0,0,1,1
3539,99,1,1,2,1,1,70,1,0,1,0,1,1,3,0,13.2,7.92,20.8,14.7,148,132,85.5,79.5,5.9,6.9,2.52,1.2,0,0,0,0,1,0,1,1
3540,99,1,1,2,1,1,51,1,0,1,0,1,1,3,0,34.5,10.3,79,38.3,192.5,134.5,106,88.5,5.8,6.8,3.12,3.41,0,0,1,1,0,0,1,0
3541,99,1,1,2,1,1,53,0,0,1,0,1,1,4,0,13.2,10.8,54,47.1,150,137.5,82,75.5,5.5,5.8,4.8,3.96,1,1,0,0,0,0,1,1
3542,99,1,1,2,1,1,58,1,0,1,0,1,1,2,0,11,12.6,30.1,34.8,144.5,141.5,76,79.5,4.8,6,2.1,1.98,0,0,1,1,0,0,1,1
3543,99,1,1,2,1,1,40,0,0,1,0,1,1,2,0,13.5,2.61,70,36.5,182,128.5,99.5,61.5,15.3,6.9,7.25,3.42,0,0,0,0,0,1,0,1
3544,99,1,1,2,1,1,54,1,0,1,0,1,1,4,0,29.4,14.2,70.2,45,149.5,143.5,90.5,86,7.1,6,4.77,3.04,1,1,1,1,0,1,1,1
3545,99,1,1,2,1,1,52,1,0,1,0,1,1,3,0,13.2,18.5,47.6,57.2,145.5,143,94,89.5,5.6,6.2,3.45,4.43,0,0,0,0,0,0,0,1
3546,99,1,1,2,1,1,68,1,0,0,0,1,1,4,0,19.1,10.4,55.9,21.4,170,125.5,104,81,4.7,6.8,5.13,3.79,1,1,1,0,1,1,1,0
3547,99,1,1,2,1,1,54,0,0,1,0,1,1,3,0,11.5,13,46.7,50.9,149,143,80.5,75,13.6,10.6,4.99,3.75,0,0,0,0,0,0,1,1
3548,99,1,1,2,1,1,57,1,0,1,0,1,1,4,0,16,15.7,48.4,47.3,156.5,149.5,102.5,95,5.1,6.6,2.48,2.89,1,1,0,1,0,0,1,1
3549,99,1,1,2,1,1,59,0,0,1,0,1,1,4,0,19.7,10.8,63,35.9,186,149.5,100.5,93.5,5.3,5.3,5.18,2.79,1,1,0,0,1,0,1,1
3550,99,1,1,2,1,1,39,1,1,1,0,1,1,4,0,14.8,12.5,53.9,50.3,129,124.5,85,86.5,9.2,6.9,2.72,3.08,1,1,1,1,0,0,1,1
3551,99,1,1,2,1,1,59,0,0,1,0,1,1,2,0,10.5,9.77,32.1,29.8,135,130,77.5,74.5,7.6,6.1,4.06,3.53,0,0,0,0,1,0,1,0
3552,99,1,1,2,1,1,41,1,0,1,0,1,1,4,0,20.1,22,72.3,75.5,162,160.5,98,101.5,8.4,7.8,4.8,5.78,1,1,0,0,0,0,1,0
3553,99,1,1,2,1,1,51,0,0,1,0,1,1,3,0,21.9,8.13,74.8,42.1,179.5,139,66.5,69.5,15.1,8.7,5.44,4.19,0,0,0,0,0,0,1,1
3554,99,1,1,2,1,1,50,1,1,1,0,1,1,3,0,21.7,9.9,60.2,37.8,144.5,123.5,91,78.5,5.7,5.7,1.71,1.75,0,0,1,0,0,0,1,0
3555,100,1,2,2,2,1,66,1,0,1,0,0,1,2,0,18,12.3,31,23.4,156,135.5,84,80.5,5.3,6.1,3.39,2.09,0,0,1,1,0,0,0,0
3556,100,1,2,2,2,1,68,0,1,1,0,1,1,4,0,34.8,25.8,58.9,43.6,164,125.5,104.5,75.5,9.2,9.1,3.84,3.51,1,1,0,0,0,1,1,1
3557,100,1,2,2,2,1,77,1,0,1,1,1,1,3,0,31.9,21.9,13.4,11.2,156,140,71,85,13.9,10.2,2.78,1.57,0,0,0,0,0,0,1,0
3558,100,1,2,2,2,1,64,0,0,1,1,1,1,4,0,13.1,9.84,32.8,23.1,158,134,94,86.5,6.2,6.4,5.32,3.83,1,1,0,0,0,1,0,1
3559,100,1,2,2,2,1,64,0,0,1,1,1,1,3,0,32,21,73.1,49.3,185.5,147.5,99.5,84,8.1,12.4,4.69,2.96,0,0,0,0,0,0,1,1
3560,100,1,2,2,2,1,72,1,0,1,1,1,1,3,0,23.9,18.4,25,10.5,142.5,106,85,66.5,5.3,7.1,7.44,5.65,0,0,0,0,0,0,1,1
3561,100,1,2,2,2,1,66,1,0,1,0,1,1,2,0,20.8,9.75,61.4,21.1,177,122.5,103,92,5.1,6.6,4.37,2.68,0,0,0,0,0,0,0,0
3562,100,1,2,2,2,1,60,0,0,1,1,0,1,2,1,10.6,6.12,36.1,20.2,168,128.5,88.5,80.5,5,5.3,1.94,2.65,0,0,0,0,0,0,1,0
3563,100,1,2,2,2,1,67,1,0,1,0,1,1,3,0,27,17.6,51.4,29.3,185.5,149.5,90.5,77,5.6,5.5,3.51,2.49,0,0,0,0,0,0,0,0
3564,100,1,2,2,2,1,60,0,0,1,0,1,1,4,0,18.5,12.9,57.1,41.4,162,140,88.5,84,5.2,5.1,6.26,3.9,1,1,0,0,0,0,0,0
3565,100,1,2,2,2,1,55,1,0,1,1,1,1,4,0,12.7,4.66,37.4,15.8,141,114.5,81,71,6.3,8.2,2.97,2.56,1,0,0,0,0,0,0,0
3566,100,1,2,2,2,1,66,0,0,1,0,1,1,2,0,14.5,12.9,32.1,31.3,167,154.5,97.5,79.5,5.8,5.8,3.38,1.93,0,0,0,0,0,0,1,1
3567,100,1,2,2,2,1,61,0,1,0,0,1,1,2,0,19.5,14.1,52,39.6,177,140.5,75.5,79,6.6,7.1,2.64,1.96,0,0,0,0,1,0,0,0
3568,100,1,2,2,2,1,75,0,0,1,0,0,1,2,0,16.9,15.3,23.6,15,157.5,144,69,71.5,5.1,5.2,2.87,2.22,0,0,0,0,0,1,1,1
3569,100,1,2,2,2,1,68,1,0,1,0,1,1,4,0,19.7,11.1,33.6,13.1,160.5,139,84.5,71.5,5.7,6.6,3.5,1.44,1,1,0,0,0,0,0,1
3570,100,1,2,2,2,1,69,1,0,1,0,1,1,2,0,20.3,14.1,23.1,19.2,157.5,124.5,74,77,4.9,6.2,4.19,4.18,0,0,0,1,0,0,1,1
3571,100,1,2,2,2,1,51,1,0,1,0,1,1,3,1,20.9,8.18,61,31.4,197.5,148,104.5,97,9.7,6.2,1.66,1.15,0,0,0,0,0,0,0,1
3572,100,1,2,2,2,1,60,1,0,1,0,1,1,3,0,12.6,6.04,39.5,18,151.5,111.5,94.5,75,5,5.5,3.57,2.98,0,0,1,1,1,0,0,1
3573,100,1,2,2,2,1,57,0,0,1,0,1,1,3,0,15.3,18.9,54.5,59.4,175,159,95,90,4.3,4.7,4.6,2.54,0,0,0,0,0,0,0,1
3574,100,1,2,2,2,1,47,0,0,1,1,1,1,4,0,24.4,6.08,83.3,41.8,186,120,88,80.5,6.7,7.3,4.52,3.96,1,1,0,0,0,0,1,0
3575,100,1,2,2,2,1,48,1,0,1,0,1,0,3,0,16.5,10.7,57,45.3,142,136,85,81.5,8.5,7.8,3.51,3.05,0,0,0,0,0,0,0,1
3576,100,1,2,2,2,1,63,0,0,1,0,1,1,4,0,20.5,14.4,58.5,40.4,184,149.5,89.5,85,4.9,5.1,4.43,4.03,1,1,0,0,0,0,0,0
3577,100,1,2,2,2,1,64,1,0,1,0,1,1,3,0,23.6,13.2,41.7,25.1,156.5,129,88,72.5,7.8,6.4,4.33,2.05,0,0,1,1,0,0,1,0
3578,100,1,2,2,2,1,64,1,0,1,0,1,1,2,1,20.7,12.6,36.1,20.7,154.5,133,90.5,77,5.9,5,3.52,3.11,0,0,1,0,0,0,1,1
3579,100,1,2,2,2,1,42,1,0,1,0,1,1,4,0,17.6,7.92,61.6,44.1,167.5,133,101.5,89,12.2,5.6,1.97,2.84,1,1,0,0,1,0,1,0
3580,100,1,2,2,2,1,59,1,0,1,0,1,1,3,0,13.9,9.03,40.5,27.2,133,117,69.5,58,5.1,5.6,2.74,1.95,0,0,1,1,1,1,1,1
3581,100,1,2,2,2,1,44,1,1,0,0,1,1,4,0,13.3,15,47.3,51.7,149.5,136,99,88.5,5.3,5.1,2.05,1.96,1,1,1,0,1,0,0,1
3582,100,1,2,2,2,1,52,0,0,1,0,1,1,3,0,11.7,6.04,51.2,31.3,172.5,109.5,67,66.5,5.7,6.9,3.19,3.01,0,0,0,0,0,0,1,1
3583,100,1,2,2,2,1,64,1,1,1,0,1,1,2,0,30.6,23.7,66.3,50.7,166.5,146.5,72,80.5,11,9.8,5.41,3.64,0,0,0,0,0,0,1,1
3584,100,1,2,2,2,1,52,0,0,1,0,1,1,2,0,12.5,6.2,52.2,30.9,154,121.5,101.5,83,5,5.5,3.56,1.97,0,0,0,0,0,0,1,0
3585,100,1,2,2,2,1,58,1,1,1,0,1,1,4,0,11.9,8.66,33.4,24.6,143.5,128.5,80.5,79,5.3,5.4,3.72,3.77,1,0,0,0,0,0,0,0
3586,100,1,2,2,2,1,60,0,0,1,0,1,1,2,0,16.9,9.29,49.4,26.5,150,124,101,87.5,6,5.3,3.57,4.8,0,0,0,0,1,0,1,0
3587,100,1,2,2,2,1,64,0,0,1,0,0,1,3,0,11,9.59,26.2,22.6,139.5,135,94.5,85,6.1,5.5,4.08,3.09,0,0,0,0,0,1,0,1
3588,100,1,2,2,2,1,57,0,1,1,0,1,1,3,0,13.8,8.74,47.2,31.7,143.5,119,90.5,76,9.8,4.8,2.98,3.88,0,0,0,0,1,0,1,0
3589,100,1,2,2,2,1,72,0,0,1,0,0,1,3,0,25.5,17.5,39.8,21.4,176.5,135.5,90.5,80.5,5.8,6.3,5.12,4.5,0,0,0,0,0,0,0,1
3590,101,2,1,1,1,2,51,0,0,1,0,1,1,3,0,10.6,14.4,48.5,58.8,177,169.5,102.5,97,5.7,5.8,5.1,3.62,0,0,0,0,0,0,0,1
3591,101,2,1,1,1,2,74,0,0,1,0,1,1,2,1,11.6,24.1,14.4,27.2,134,159,68.5,64,5.2,7.2,2.65,2.01,0,0,0,0,0,0,0,1
3592,101,2,1,1,1,2,52,1,1,0,0,1,1,3,0,15.6,8.32,50.1,34.2,147.5,128,97.5,91,7.4,9.2,2.28,4.09,0,0,0,0,0,0,0,0
3593,101,2,1,1,1,2,49,1,0,0,1,1,1,4,0,10.7,17.5,41.5,54.4,137.5,143.5,103.5,103,5.9,7.3,2.87,2.2,1,1,1,1,0,0,1,1
3594,101,2,1,1,1,2,61,1,1,0,1,1,1,3,0,28.8,40,58.5,75,152.5,166.5,79.5,88.5,7.7,8.7,3.49,4.26,0,0,0,1,1,1,1,1
3595,101,2,1,1,1,2,55,1,0,1,1,1,1,3,0,17,26.8,51.4,64.9,162.5,156.5,110.5,102,6.4,7.6,4.02,2.85,0,0,1,1,0,0,1,1
3596,101,2,1,1,1,2,53,0,1,0,0,1,1,3,0,12,11.4,49.4,47.3,165.5,143,93,93.5,4.9,5.9,3.89,4.11,0,0,0,0,0,0,0,0
3597,101,2,1,1,1,2,51,1,1,1,0,1,1,4,0,19.5,24.8,58.4,67.6,151.5,154.5,99.5,99.5,6.2,6.5,2.52,3.78,1,1,0,1,1,1,0,1
3598,101,2,1,1,1,2,43,1,0,0,0,1,1,4,0,22.1,10,66.2,43.8,173,152.5,110.5,105.5,5.8,5.7,3.61,4.04,1,1,1,1,0,1,1,1
3599,101,2,1,1,1,2,64,1,1,1,0,1,1,3,0,15.8,9.41,47,23.9,151.5,133.5,95,92,4.9,4.8,3.82,2.44,0,0,1,1,0,1,0,1
3600,101,2,1,1,1,2,45,1,1,1,0,1,1,4,0,32.1,20.6,80.4,73.3,175.5,163.5,101,100,6,7,7.06,6.74,1,1,1,1,1,1,0,1
3601,101,2,1,1,1,2,60,1,1,1,0,1,1,2,0,15.2,18.7,35.5,39.6,140.5,144.5,85.5,83.5,4.9,8.3,3.88,2.5,0,0,0,0,0,0,1,1
3602,101,2,1,1,1,2,63,1,1,1,0,1,1,3,0,12.6,15.8,28.3,34.3,163,156,104.5,99.5,5.3,6.3,1.8,2.27,0,0,1,0,1,1,1,1
3603,101,2,1,1,1,2,70,0,0,1,0,1,1,2,1,11.5,12.2,23.3,23.6,157,153.5,86.5,79.5,6,6.2,3.6,1.89,0,0,0,0,1,1,0,1
3604,101,2,1,1,1,2,56,1,0,1,0,1,1,2,0,12.8,23.1,44.2,66.3,150,173.5,78,90,5.2,5.3,2.81,3.09,0,0,1,0,1,0,1,1
3605,101,2,1,1,1,2,69,1,1,1,0,1,1,4,0,18.1,21.6,26.2,24,151,131,99.5,81,5,7.1,3.43,3.46,1,1,0,0,0,1,0,1
3606,101,2,1,1,1,2,48,0,0,0,0,1,1,3,0,13.4,8.73,62.1,47.3,157,163.5,99.5,96.5,15.3,6.8,3.76,2.84,0,0,0,0,0,1,1,1
3607,101,2,1,1,1,2,75,1,0,1,0,1,1,2,1,27.2,30.6,25.4,21.9,159,157,84,63,7.4,8.9,2.66,2.41,0,0,1,0,1,1,0,1
3608,101,2,1,1,1,2,57,0,0,0,0,1,1,2,1,14.8,14.7,49.4,48.9,162.5,157,94,90,6.6,7.2,2.58,2.22,0,0,0,0,1,1,1,1
3609,101,2,1,1,1,2,52,1,0,1,0,1,1,3,0,10.4,20.9,42.9,60.8,155,156,91,86.5,4.9,6,5.28,2.06,0,0,0,0,0,0,0,1
3610,101,2,1,1,1,2,72,0,0,0,0,0,1,2,0,10.5,14.1,16.9,26,142.5,165.5,98.5,110.5,4.8,5.6,0.82,1.86,0,0,0,0,0,1,0,1
3611,101,2,1,1,1,2,45,0,0,0,0,1,1,4,0,13,5.2,66.9,41.4,156.5,122.5,82,82,5.4,5.8,3.4,2.94,1,1,0,0,1,1,0,0
3612,101,2,1,1,1,2,67,1,0,1,0,1,1,3,0,18.6,16.8,40.1,38.6,147,154.5,77,82,6.6,6.1,3.88,2.25,0,0,0,0,1,1,0,1
3613,101,2,1,1,1,2,58,1,0,1,0,1,1,3,0,10.5,12.4,29.4,33.8,145.5,151,91.5,99,5,5.7,2.66,2.07,0,0,0,0,0,1,1,1
3614,101,2,1,1,1,2,56,0,0,1,0,1,1,2,0,15.5,17.1,53.5,57.1,154.5,157,78.5,72.5,8.8,6.7,2.75,2.37,0,0,0,0,0,0,0,1
3615,101,2,1,1,1,2,58,0,0,1,0,1,1,2,0,16.5,12,53.1,40.2,156.5,151,81,85.5,6.2,6.7,2.63,2.63,0,0,0,0,0,0,1,1
3616,101,2,1,1,1,2,52,0,0,1,0,1,1,4,0,10.1,13.3,47.6,56.5,151.5,168,91.5,98,6.1,6.4,4.37,2.89,1,1,0,0,1,1,0,1
3617,101,2,1,1,1,2,50,0,0,1,0,1,1,3,0,10.1,12.9,48.9,57.5,172,149,92.5,100.5,5.7,8.3,2.63,2.07,0,0,0,0,0,0,0,0
3618,101,2,1,1,1,2,41,0,0,1,0,1,1,3,0,11.5,5.2,66.2,49.8,166,148,87,95.5,8.8,7.2,5.24,2.96,0,0,0,0,1,1,1,1
3619,101,2,1,1,1,2,59,0,0,1,0,1,1,2,0,10.4,11.1,36.7,33.1,153.5,131,82,85.5,6.4,7.1,3.99,2.05,0,0,0,0,0,0,0,1
3620,101,2,1,1,1,2,48,0,0,1,0,1,1,3,0,13.3,13.6,62.1,63,155.5,155.5,89,89,4.3,5,2.59,2.81,0,0,0,0,0,1,0,1
3621,101,2,1,1,1,2,49,1,1,0,0,1,1,3,0,13.4,10.7,49.4,44.1,163,145,97,98.5,5.2,6.9,3.41,4.16,0,0,0,0,0,0,1,1
3622,101,2,1,1,1,2,60,1,1,1,0,1,1,3,0,14.3,11.7,36.5,30.7,137.5,135,84.5,87.5,4.6,5.9,4.79,3.58,0,0,1,1,0,0,1,1
3623,101,2,1,1,1,2,50,0,0,0,0,1,1,4,0,21.7,20.7,76.9,75.2,170.5,168,90,98,7.3,8.9,3.48,2.95,1,1,0,0,0,1,0,1
3624,101,2,1,1,1,2,52,0,0,1,0,1,1,2,0,14.3,8.09,57.2,38.7,160.5,127,86.5,87.5,5.2,6.3,2.65,3.91,0,0,0,0,0,0,0,1
3625,102,2,1,2,2,2,60,1,1,1,0,1,1,2,0,14.5,9.83,44.5,29.5,152.5,152.5,92,95.5,5.1,6.3,7.25,2.44,0,0,0,0,0,0,1,0
3626,102,2,1,2,2,2,59,1,1,1,1,1,1,4,0,15.7,14.6,50,47.7,147.5,147,89,89,5.7,5.3,2.56,3.09,1,1,1,1,0,1,1,0
3627,102,2,1,2,2,2,62,1,1,1,0,1,1,3,0,27.8,20.7,71.7,53.9,178,166,89,87,7.1,7.1,1.87,1.79,0,0,1,0,1,1,0,1
3628,102,2,1,2,2,2,70,0,0,1,1,1,1,3,0,24.4,22.6,55.8,50.8,204,194,106,99,5.1,6.7,4.33,3.6,0,0,0,0,1,1,1,1
3629,102,2,1,2,2,2,54,0,0,1,0,1,1,4,0,18.5,12.9,64.8,51.2,150,132,90,79,9.1,8.3,4.77,3.38,1,1,0,0,0,0,0,0
3630,102,2,1,2,2,2,73,0,0,1,0,0,1,4,0,22.3,35.1,36.2,41.1,158.5,151.5,87,84.5,5.1,12.8,2.73,2.57,1,1,0,0,0,1,1,0
3631,102,2,1,2,2,2,63,1,0,1,0,1,1,3,0,24.4,23.1,46.4,45.1,160.5,164.5,91.5,91.5,10.3,9.9,2.97,2.22,0,0,0,0,1,0,0,0
3632,102,2,1,2,2,2,61,0,0,1,1,1,1,3,0,32.1,27.1,77.6,69.2,178,165,83.5,87.5,17.3,12.8,5.54,6.05,0,0,0,0,0,0,1,0
3633,102,2,1,2,2,2,75,0,0,1,1,1,1,2,0,18.1,26.3,27.5,25.4,166.5,147,90.5,83,5.8,8,4.89,1.98,0,0,0,0,0,0,1,1
3634,102,2,1,2,2,2,76,1,0,1,1,1,1,4,0,18.5,32,25.4,46.7,187,212,92.5,89.5,5.6,7.5,1.69,2.49,1,1,1,0,0,0,0,1
3635,102,2,1,2,2,2,44,0,0,1,0,1,1,4,0,15.8,27.8,70.3,85.9,194.5,230,94,127.5,6.3,5.4,1.87,2.85,1,1,0,0,0,0,0,1
3636,102,2,1,2,2,2,60,1,0,1,0,1,1,3,0,20.6,16.5,51,35.3,168.5,148,96,89,6.4,8.8,5.62,3.35,0,0,1,0,1,1,1,1
3637,102,2,1,2,2,2,59,0,0,1,0,1,1,3,0,16.1,11.4,53.2,39.4,176,152,96,88,5.2,5.6,3.33,2.37,0,0,0,0,0,0,0,1
3638,102,2,1,2,2,2,55,0,0,1,0,1,1,3,0,11.2,9,43,36.1,142,130.5,84,82.5,6.2,7.2,4.13,3.53,0,0,0,0,0,0,1,1
3639,102,2,1,2,2,2,60,0,0,1,0,1,1,3,0,19.7,13.8,61.9,45.9,194,165.5,95,80.5,4.9,6.6,4.4,2.91,0,0,0,0,0,0,0,0
3640,102,2,1,2,2,2,58,0,0,1,0,1,1,3,0,11.6,23,41.9,65.9,145.5,173.5,86,103,6.5,8.3,4.82,4.2,0,0,0,0,0,0,1,1
3641,102,2,1,2,2,2,60,0,0,1,0,1,1,3,0,12.4,13.4,41.6,44.8,161.5,168,98,102,5.1,6.7,5.47,3.55,0,1,0,0,1,0,0,0
3642,102,2,1,2,2,2,38,0,0,1,0,1,1,4,0,14.5,6.48,77.6,58.8,173.5,143.5,96,84,5.4,6.8,4,5.25,1,1,0,0,0,0,0,0
3643,102,2,1,2,2,2,49,0,0,1,0,1,1,2,1,11.7,9.77,52.9,47.5,195,183.5,95.5,94,5.3,5.5,3.76,2.72,0,0,0,0,0,0,1,0
3644,102,2,1,2,2,2,57,1,0,1,0,1,1,2,1,14.4,16.2,35.8,39.5,133.5,125.5,87.5,86.5,12.3,9.8,3.7,3.21,0,0,0,1,1,1,0,1
3645,102,2,1,2,2,2,65,1,1,1,0,1,1,3,0,34.1,30.4,66.9,58.4,208,168.5,118.5,93,5.4,6.9,4.21,3.24,0,1,1,1,0,0,0,1
3646,102,2,1,2,2,2,53,1,0,1,0,1,1,2,1,19.8,15.1,56.6,46.7,157.5,150.5,94,90.5,6.1,5.8,4.92,3.52,0,0,1,1,0,0,1,1
3647,102,2,1,2,2,2,66,1,0,1,1,1,1,3,0,23.9,25,43,45.8,143,149,93,81,5.3,7.3,6.11,4.67,0,1,0,1,0,0,1,1
3648,102,2,1,2,2,2,63,0,0,1,0,1,1,2,0,10.1,8.55,28.8,22.1,141,138,90.5,78.5,5.5,6.4,4.92,4.19,0,0,0,0,0,0,0,0
3649,102,2,1,2,2,2,59,0,0,1,0,1,1,3,0,14.8,14,43.4,41,137,131.5,68.5,78,7.8,7.1,4.74,4.29,0,0,0,0,1,0,0,1
3650,102,2,1,2,2,2,65,0,0,1,0,1,1,3,0,29.8,30.8,68.7,69.8,188.5,187.5,86.5,98,6.7,6.9,1.83,1.77,0,0,0,0,0,0,1,1
3651,102,2,1,2,2,2,72,1,1,1,0,1,1,3,0,29.1,25.9,23.7,38.8,161,173.5,78,78.5,4.3,7.7,3.21,2.4,0,0,0,1,1,1,1,0
3652,102,2,1,2,2,2,74,1,1,0,0,0,1,2,0,18.5,33.2,8.8,21.5,132.5,168,83,82,5.4,12.8,2.84,3.03,0,0,0,0,1,1,1,0
3653,102,2,1,2,2,2,55,1,1,0,0,1,1,4,0,28.7,27.3,69.2,67.6,147,161.5,97.5,101,11.6,9.2,5.42,4.35,1,1,1,1,0,0,0,1
3654,102,2,1,2,2,2,55,1,0,1,0,1,1,3,0,11.8,15.4,39.6,48.5,125,130,82.5,82.5,7.4,9.9,2.07,3.09,0,0,1,1,0,0,0,1
3655,102,2,1,2,2,2,60,1,1,1,0,1,1,4,0,25.3,22.9,55.2,50.6,161.5,155,91,88.5,9.2,7.2,2.98,2.9,1,1,0,0,0,0,0,1
3656,102,2,1,2,2,2,55,1,0,1,0,1,1,3,0,11.3,13.4,40.3,46.1,152.5,151,97,102,5.4,6.6,1.94,3.05,0,0,0,0,0,0,0,1
3657,102,2,1,2,2,2,46,0,1,0,0,1,1,4,0,14.9,4.83,69.7,36.2,165.5,136,93.5,84,7.9,6.7,7.25,4.2,1,1,0,0,0,0,0,0
3658,102,2,1,2,2,2,45,1,0,0,0,1,1,3,0,13,3.09,50.5,26.6,152,132,99.5,95,5.5,5.3,7.25,4.16,0,0,0,0,0,0,0,0
3659,102,2,1,2,2,2,44,0,0,0,0,1,1,4,0,17.2,14.9,77.9,74.2,163.5,155.5,89.5,89,7.9,6,2.3,3.04,1,1,0,0,0,0,1,0
3660,103,2,2,1,1,2,59,1,1,0,0,1,1,3,0,26.9,28.5,67.3,71,146,157.5,66,83.5,7.5,8.5,4.41,3.47,0,0,1,1,1,1,1,1
3661,103,2,2,1,1,2,73,0,0,1,0,1,1,4,0,22.5,20,32.9,32.3,176.5,157.5,74,59,5.2,6.7,3.68,3.71,1,1,0,0,0,1,0,1
3662,103,2,2,1,1,2,56,1,0,1,0,1,1,4,0,20.7,17.7,64.4,53.7,161.5,146.5,91.5,80.5,6.9,7.3,4.32,3.47,1,1,1,0,1,1,0,1
3663,103,2,2,1,1,2,55,1,0,1,0,1,1,2,0,17.4,15.2,50,42.9,153.5,149,100.5,79,5.3,16.1,3.03,3.27,0,0,1,1,0,0,1,1
3664,103,2,2,1,1,2,52,1,0,1,0,1,1,2,0,13.1,17.3,45,54.7,147.5,156.5,100,104,5.6,5.8,4.02,4.5,0,0,0,0,0,1,1,1
3665,103,2,2,1,1,2,61,0,0,1,0,1,1,3,0,21.2,11.3,57.8,30.7,156.5,112,84,64,9.2,9.6,3.14,2.47,0,0,0,0,0,1,1,1
3666,103,2,2,1,1,2,49,1,0,1,0,1,1,3,0,11.3,9.16,42.4,37.9,134.5,139,94,82,7,6.9,2.48,1.9,0,0,0,0,0,0,0,1
3667,103,2,2,1,1,2,56,1,0,1,1,1,1,4,0,12.6,12.3,44.1,39.4,145,133.5,83,74.5,5.6,7.3,1.95,2.12,1,1,1,0,0,0,1,1
3668,103,2,2,1,1,2,74,1,1,1,0,1,1,2,0,26,18.3,36.9,22.3,161.5,145,78,73,8.1,10.9,4.88,1.65,0,0,0,0,0,1,0,1
3669,103,2,2,1,1,2,68,1,1,1,0,1,1,2,1,18.8,40.8,29.5,61.8,157,186,76.5,80.5,5.1,16.2,1.84,3.44,0,0,0,0,0,0,0,1
3670,103,2,2,1,1,2,66,0,0,1,0,1,1,4,0,27.7,13.5,58.4,30.8,163,141.5,78.5,69,9.2,5.6,3.72,2.41,1,1,0,0,1,1,0,1
3671,103,2,2,1,1,2,64,1,1,1,0,1,1,4,0,14.6,9.96,50.2,25.6,177,121,94,72,6.8,7.6,1.81,1.59,1,1,1,1,0,1,0,1
3672,103,2,2,1,1,2,69,1,0,1,0,0,1,3,0,22.3,25.1,21.5,25.1,126,131,72,65.5,6,8.4,3.98,3.61,0,0,1,1,0,0,1,1
3673,103,2,2,1,1,2,58,1,0,1,0,1,1,4,0,20.2,28.2,63.4,72.7,183,172.5,96,76.5,6.8,6.4,2.91,3.71,1,1,0,0,0,0,0,1
3674,103,2,2,1,1,2,63,1,0,1,0,0,1,2,0,16.7,24.4,37.5,59.2,134,146,73.5,85,20.3,16.4,4.09,4.07,0,0,1,0,0,1,0,1
3675,103,2,2,1,1,2,74,1,0,1,0,0,1,2,0,16.7,12.8,11.3,8.49,118.5,117.5,70,64.5,5.2,6.3,5.65,2.58,0,0,0,0,0,0,1,1
3676,103,2,2,1,1,2,71,0,0,1,0,1,1,2,0,19.4,31,40.5,55.2,179.5,174,92,86,5,7.6,3.75,1.85,0,0,0,0,0,0,1,1
3677,103,2,2,1,1,2,55,0,0,1,0,1,1,4,0,16.4,11.8,58.2,45.3,150,140.5,81,77,5.1,5.3,3.76,3.29,1,1,0,0,0,1,0,1
3678,103,2,2,1,1,2,51,0,0,1,0,1,1,4,0,15.2,15.2,62.4,62.5,154,151,92.5,87,6.9,7.2,3.54,3.7,1,1,0,0,0,0,0,0
3679,103,2,2,1,1,2,50,0,0,1,0,1,1,3,0,11.9,10.5,55.3,51.5,148,140.5,79,67,5.5,5.8,3.66,3.98,0,0,0,0,0,0,0,1
3680,103,2,2,1,1,2,63,0,0,1,0,0,1,4,0,17,23.9,48.8,57.7,169,152,97.5,76.5,6.6,8.3,3.57,3.68,1,1,0,0,0,0,0,1
3681,103,2,2,1,1,2,62,0,0,1,0,0,1,3,0,15.3,10.1,38.5,24.1,149.5,118.5,88.5,66,7,9.6,3.8,3.13,0,0,0,0,0,1,0,1
3682,103,2,2,1,1,2,58,1,1,1,0,1,1,2,0,10,8.69,27.8,23.8,126.5,129.5,83,83.5,4.5,4.9,2.14,1.98,0,0,1,0,0,0,1,1
3683,103,2,2,1,1,2,53,0,0,1,0,1,1,3,0,10.2,4.46,45.3,23.6,166,132.5,93.5,78.5,5.8,5.9,1.98,2.4,0,0,0,0,0,0,0,1
3684,103,2,2,1,1,2,48,0,0,1,0,1,1,3,0,11.7,11.2,58.1,56.2,148.5,149,82.5,75.5,9.7,13.1,3.86,2.04,0,0,0,0,0,0,1,1
3685,103,2,2,1,1,2,60,0,0,1,0,1,1,3,0,12.7,13.8,42.4,38.7,170.5,147,90.5,79.5,5.7,7.1,3.23,1.67,0,0,0,0,0,0,0,1
3686,103,2,2,1,1,2,66,1,0,1,0,0,1,2,0,11.2,16.7,21.1,32.4,124.5,134,74.5,90.5,7,8.9,2.12,4.26,0,0,1,1,0,0,0,1
3687,103,2,2,1,1,2,56,0,0,1,0,1,1,4,0,11.6,15.5,45.4,53.2,159.5,143,96,75,5.2,9.8,6.04,4.24,1,1,0,0,0,1,1,1
3688,103,2,2,1,1,2,60,0,0,1,0,1,1,3,0,11.9,23,38.9,61.3,148.5,176.5,86,82,5.9,7.2,3.22,3.04,0,0,0,0,0,0,1,1
3689,103,2,2,1,1,2,53,1,0,1,0,1,1,4,0,11.8,11.1,43,40.6,132.5,136.5,87,79,7,7.3,4.91,3.16,1,1,1,1,0,0,0,1
3690,103,2,2,1,1,2,59,0,1,0,0,1,1,4,0,14.6,17.3,43,51.1,139,138.5,93,87,7.3,6.2,5.26,3.82,1,1,0,0,0,0,1,1
3691,103,2,2,1,1,2,71,0,0,1,1,0,1,4,0,24.1,34.2,43.7,52.4,157.5,144,82.5,74.5,6.1,12.5,3.99,3.68,1,1,0,0,1,1,1,1
3692,103,2,2,1,1,2,52,0,0,1,0,1,1,4,0,19.1,10.7,69.7,48.8,156.5,125.5,86.5,68.5,11.6,16,4.29,3.25,1,1,0,0,0,1,1,1
3693,103,2,2,1,1,2,51,1,0,1,0,1,1,3,0,10.7,6.16,42.9,28.7,141.5,122,63,68,8.9,6.6,3.25,2.94,0,0,0,0,0,0,1,1
3694,104,2,1,1,2,2,60,0,0,1,0,1,1,4,0,26.5,18.4,67.9,49.7,177.5,142,72.5,72.5,7.5,9.3,3.8,2.57,1,1,0,0,0,0,0,1
3695,104,2,1,1,2,2,53,0,0,1,0,1,1,4,0,20.3,20.4,70.6,70.1,179,161,99,91,8.2,13.2,5.12,3.08,1,1,0,0,1,0,1,1
3696,104,2,1,1,2,2,72,0,0,0,0,1,1,3,0,23.1,20.4,46.4,39.7,190,180.5,88,84,5.7,5.9,3.17,2.95,0,0,0,0,1,0,1,1
3697,104,2,1,1,2,2,61,1,0,1,0,1,1,3,0,10,10.1,27.2,32.3,113.5,129.5,66,73.5,7,5.6,1.78,2.29,0,0,1,1,0,0,0,0
3698,104,2,1,1,2,2,62,1,0,1,1,1,1,3,0,31.9,24.6,62.4,45.2,179,168.5,98.5,99,12.3,13.7,2.91,2.93,0,0,0,0,0,0,1,1
3699,104,2,1,1,2,2,68,0,0,1,0,1,1,3,0,22.8,21.7,42.8,39.7,143,137.5,77.5,81,5.9,6,6.64,3.92,0,0,0,0,0,0,1,1
3700,104,2,1,1,2,2,69,1,0,1,0,1,1,4,0,15.8,15.9,24.9,23.7,135.5,138.5,81.5,82.5,6.2,6.7,4.48,3.27,1,1,1,1,0,0,1,0
3701,104,2,1,1,2,2,59,1,0,1,1,1,1,2,0,30.8,18.5,65,42.6,158.5,136,91,89,9.4,13.4,5.52,3.77,0,0,0,1,0,0,1,1
3702,104,2,1,1,2,2,61,0,0,1,1,1,1,4,0,30.7,24.4,75.4,63.3,178.5,156.5,88,88.5,6.8,7.1,5.52,3.68,1,1,0,0,0,0,1,1
3703,104,2,1,1,2,2,61,1,0,0,0,0,1,3,0,22.1,15.4,53.3,37.4,163.5,139,78,73,5.6,6.4,2.72,3.02,0,0,1,1,1,1,0,0
3704,104,2,1,1,2,2,68,0,0,1,1,1,1,2,0,18.3,32.3,41.6,63.9,169,177,80,78,4.8,5.1,3.53,3.1,0,0,0,0,0,0,1,1
3705,104,2,1,1,2,2,68,1,0,0,0,1,1,4,0,17.6,,51.6,,167.5,,92.5,,5.1,,3.2,,1,,1,,0,,1,
3706,104,2,1,1,2,2,66,1,0,0,0,1,1,2,1,20.3,24.5,38.6,40.7,147.5,142,86,86,5.3,6.3,4.21,3.45,0,0,1,1,1,1,1,1
3707,104,2,1,1,2,2,60,1,0,1,0,1,1,3,0,23.5,16.7,57,43.4,162.5,155,111.5,106,5.8,5.9,4.95,2.63,0,0,1,1,1,1,1,1
3708,104,2,1,1,2,2,60,1,0,1,1,1,1,2,0,18,17.5,38.4,39.4,147,137,92.5,93,5.3,5.9,2.55,3.03,0,0,1,1,0,0,0,1
3709,104,2,1,1,2,2,53,0,0,1,0,1,1,4,0,18.5,14.8,66.4,57.9,159.5,145.5,94,94,5.6,6.4,2.28,2.09,1,1,0,0,0,1,0,1
3710,104,2,1,1,2,2,69,0,0,1,0,1,1,2,0,15.7,14.6,34,30.3,163,154,91.5,84,5.8,6.8,5.15,3.38,0,0,0,0,0,0,1,1
3711,104,2,1,1,2,2,69,1,0,1,0,1,1,2,0,21.2,30.6,37,33.2,156.5,164,87,82.5,6.2,6.5,4.44,3.5,0,0,1,0,0,0,1,1
3712,104,2,1,1,2,2,57,0,0,0,0,1,1,3,0,16.9,14.5,58.7,48.6,181.5,139,97.5,86.5,5.7,6.3,6.99,4.21,0,0,0,0,0,1,1,1
3713,104,2,1,1,2,2,65,0,0,1,0,1,1,4,0,14.2,12.9,36.1,31.9,151,142,92.5,89,5.2,5.7,4.09,3.33,1,1,0,0,1,1,0,1
3714,104,2,1,1,2,2,42,1,0,1,0,1,1,3,1,13.5,21.5,52.2,62.3,119,137,84,94,5.4,5.9,4.79,2.77,0,0,1,1,0,0,1,1
3715,104,2,1,1,2,2,63,0,0,0,0,1,1,2,0,23.2,22.2,55,55.2,170.5,157.5,89,76,7.1,6.2,6.93,3.84,0,0,0,0,1,1,0,1
3716,104,2,1,1,2,2,53,0,0,1,0,1,1,3,0,11.2,19.9,47.2,69.3,138.5,156.5,97,103,7,7.3,4.89,4.67,0,0,0,0,0,0,0,1
3717,104,2,1,1,2,2,50,0,0,1,0,1,1,4,0,16,9.45,66.7,50.4,153.5,139,95,88,11.3,14.1,3.93,3.65,1,1,0,0,0,0,1,1
3718,104,2,1,1,2,2,70,1,0,0,0,1,1,3,0,10.4,10.6,21.3,22.1,151,145,91,84.5,5.9,5.7,2.34,2.17,0,0,1,0,1,1,1,1
3719,104,2,1,1,2,2,54,1,0,1,0,1,1,4,0,28.2,20.1,69,54.8,162,152.5,99.5,88.5,8.8,7,6.64,2.75,1,0,1,1,0,0,0,0
3720,104,2,1,1,2,2,52,0,0,1,0,1,1,2,1,12.5,4.92,51.8,27.1,157.5,138,93,94,7,5.5,2.99,1.53,0,0,0,0,0,0,1,1
3721,104,2,1,1,2,2,59,0,0,1,0,1,1,3,0,11.7,14.4,40.7,42.3,153.5,136.5,99,91,4.6,5.7,2.65,2.99,0,1,0,0,0,0,0,1
3722,104,2,1,1,2,2,46,1,0,0,0,1,1,3,0,16.2,9.09,57.1,46,151.5,151.5,97.5,86.5,5.7,6.3,6.64,4.63,0,0,1,1,0,0,0,1
3723,104,2,1,1,2,2,48,1,0,1,0,1,1,4,0,14.5,7.27,49.2,33.3,145,133.5,78.5,90,4.9,6.1,2.48,2.09,1,1,1,0,0,0,1,1
3724,104,2,1,1,2,2,61,0,0,1,0,1,1,3,0,38.4,21.4,83.7,53.5,170.5,123,88.5,84.5,6.6,6.7,6.08,2.52,0,1,0,0,0,1,1,1
3725,104,2,1,1,2,2,58,0,0,1,0,1,1,3,0,17.3,17.6,59,55.1,193.5,148.5,105.5,79.5,6.1,7.3,4.34,3.78,0,0,0,0,0,0,0,1
3726,104,2,1,1,2,2,54,0,0,0,0,1,1,2,0,16.8,13,60.5,50.8,160.5,144.5,85,83.5,7.3,4.8,1.28,1.72,0,0,0,0,0,1,1,1
3727,104,2,1,1,2,2,59,0,0,1,0,1,1,3,0,17.9,21.8,53.4,60.5,149.5,178,82.5,88,7.3,7.3,7.04,4.05,0,0,0,0,0,0,0,1
3728,104,2,1,1,2,2,55,1,0,1,0,1,1,3,0,19.7,23.2,62.8,69.2,172,177.5,103.5,105,5.3,5.2,4.95,5.12,0,1,1,1,0,0,0,0
3729,105,1,1,1,1,2,73,0,0,1,0,0,1,2,0,16.4,13.8,26.9,18.1,157.5,130,84.5,75.5,5.3,6.5,2.45,1.29,0,0,0,0,0,0,0,0
3730,105,1,1,1,1,2,58,1,0,1,0,1,1,3,0,15,10.1,42.2,29.7,147.5,132.5,92,87,6.3,6.3,3,2.09,0,0,1,1,1,0,1,1
3731,105,1,1,1,1,2,65,1,0,1,0,1,1,4,0,15.6,18.3,31.9,43.2,129.5,132.5,77.5,83.5,6,6.3,5.03,3.61,1,1,0,0,0,0,1,0
3732,105,1,1,1,1,2,58,1,0,1,1,1,1,4,0,18.8,9.18,50.4,25.6,156.5,130,98,70.5,5.9,5.1,2.54,3.25,1,0,1,0,0,0,1,0
3733,105,1,1,1,1,2,56,1,0,1,0,1,1,4,0,32.8,20.8,78.5,58.1,171.5,133.5,92,78,6.8,5.3,3.31,2.88,1,0,1,1,1,1,0,1
3734,105,1,1,1,1,2,67,0,0,1,0,1,1,4,0,25.1,20.2,45.7,39.2,163,140,71.5,77.5,7.3,7.2,5.06,3.93,1,0,0,0,0,0,0,1
3735,105,1,1,1,1,2,68,1,0,1,0,1,1,3,0,11,12.6,24.7,27.7,140.5,139.5,87.5,84,5.7,6.4,1.84,2.45,0,0,0,0,1,1,0,1
3736,105,1,1,1,1,2,49,1,0,0,0,1,1,3,0,25.9,10.5,70.8,41.9,172.5,135,107,85.5,9.6,10.3,3.85,3.05,0,0,0,0,0,1,0,1
3737,105,1,1,1,1,2,55,1,0,1,0,1,1,4,0,12.1,10.5,39.8,38.2,140,137.5,91,89,7,6.8,2.23,3.3,1,1,0,0,1,0,1,1
3738,105,1,1,1,1,2,56,0,0,0,0,1,1,3,0,11.3,10,40.5,37,137,130,84.5,79,10.6,15.3,1.71,4.04,0,1,0,0,0,1,1,0
3739,105,1,1,1,1,2,55,0,0,1,0,1,1,2,0,13.7,7.58,50.6,31,152.5,129.5,104.5,80,5.3,6.7,3.39,2.25,0,0,0,0,0,1,0,1
3740,105,1,1,1,1,2,56,0,0,1,0,1,1,3,0,19.8,13.3,63.8,47.4,167,140,87.5,82,5.8,6.1,4.55,4.02,0,0,0,0,0,0,1,0
3741,105,1,1,1,1,2,56,0,0,1,0,1,1,4,0,21,10.9,66.2,40.7,172,134.5,86,87,5.7,5.1,3.81,2.36,1,1,0,0,0,0,0,0
3742,105,1,1,1,1,2,52,1,0,1,0,0,1,3,0,15.2,10,50.9,36.8,135.5,133.5,82.5,79,6.7,6.2,3.8,1.45,0,0,0,0,0,1,0,1
3743,105,1,1,1,1,2,56,0,0,1,0,1,1,2,0,10.9,6.18,40.6,24.2,132.5,114.5,80,64,10.6,8.8,4.15,2.95,0,0,0,0,0,0,0,1
3744,105,1,1,1,1,2,47,1,0,1,0,1,1,2,0,24.9,11,70.6,43.6,151.5,133,100.5,84,7.8,5.7,5.02,2.7,0,0,0,0,0,1,1,1
3745,105,1,1,1,1,2,58,0,0,1,0,0,1,4,0,11.3,12.4,42.2,41.1,164,129,95,77,6.1,7.9,3.03,3.3,1,1,0,0,1,0,1,1
3746,105,1,1,1,1,2,52,1,0,1,0,1,1,3,0,41.1,32.3,85.6,79.5,172.5,178.5,104.5,110.5,12.8,10.2,4.63,3.86,0,0,0,1,0,0,1,1
3747,105,1,1,1,1,2,55,1,0,1,0,1,1,4,0,19.6,11,56.9,36.6,163.5,137,106,87,5.4,5.5,3.01,3.01,1,1,1,1,0,0,0,0
3748,105,1,1,1,1,2,54,1,0,1,0,1,1,3,0,19.5,8.72,60.1,33.5,164.5,130.5,98.5,87,5.1,4.9,2.16,2.65,0,0,1,1,0,0,1,0
3749,105,1,1,1,1,2,51,0,0,1,0,1,1,4,0,10.6,12.5,50.7,55.5,149,140,87.5,79,7.4,7.1,2.14,2.08,1,1,0,0,1,1,0,0
3750,105,1,1,1,1,2,59,0,0,0,0,1,1,3,0,12.8,9.06,44.5,31.3,169.5,139.5,99.5,80.5,5.8,5.9,2.77,1.6,0,0,0,0,0,0,1,0
3751,105,1,1,1,1,2,53,0,0,1,0,1,1,3,0,10.5,6.14,45.9,30.4,164,131.5,97,82.5,5.6,6.3,2.99,3,0,1,0,0,0,0,0,0
3752,105,1,1,1,1,2,55,1,0,1,0,1,1,3,0,17.6,15.7,51.2,43.7,164.5,141.5,99.5,81.5,5.7,7,1.62,1.63,0,0,1,1,0,1,1,0
3753,105,1,1,1,1,2,55,0,0,1,0,1,1,2,0,14.9,8.84,53.7,35.5,160,126.5,83,76.5,4.8,5.3,3.56,3.58,0,0,0,0,0,0,0,0
3754,105,1,1,1,1,2,49,1,0,0,0,1,1,3,0,19.4,14.2,58.4,49.6,154.5,136.5,100,79,4,6.9,2.15,2.86,0,0,1,1,0,0,1,1
3755,105,1,1,1,1,2,56,1,0,1,0,1,1,3,0,23.1,9.35,60.7,29.4,163.5,132.5,106,87,5.5,5.1,4.71,3.38,0,0,0,0,0,0,1,1
3756,105,1,1,1,1,2,48,1,0,1,0,1,1,2,1,13.4,8.97,43.5,35.3,169.5,136,91.5,87,5.9,5.8,0.7,1.62,0,0,1,1,0,0,1,1
3757,105,1,1,1,1,2,35,1,1,0,0,0,1,4,0,12.6,5.97,60.9,45.1,151,134,104,86.5,6.3,5.9,3.88,3.87,1,1,1,1,0,0,1,1
3758,105,1,1,1,1,2,52,0,0,0,0,0,1,2,1,11.4,4.24,48.6,22.8,194,136.5,96,86.5,5.5,6.6,2.71,2.76,0,0,0,0,0,0,0,1
3759,105,1,1,1,1,2,55,1,0,1,0,1,1,2,1,10.1,13.8,33.4,41.5,123.5,122.5,77,75,4.7,4.3,3.89,3.2,0,0,1,0,0,0,0,1
3760,105,1,1,1,1,2,44,1,1,0,0,1,1,4,0,20.3,7.22,65.5,37.7,162,131,92,75.5,4.9,4.7,4.3,3.03,1,1,1,1,0,0,0,0
3761,105,1,1,1,1,2,50,1,0,1,0,1,1,2,0,21.3,17.6,62.7,53.6,155.5,139.5,99,83.5,5.1,7.2,5.12,3.91,0,0,1,1,1,0,1,1
3762,105,1,1,1,1,2,51,0,0,1,0,1,1,4,0,10.3,11.4,51,53.6,140,129.5,83.5,76.5,6.9,5.7,3.03,3.19,1,1,0,0,0,0,1,1
3763,105,1,1,1,1,2,48,1,1,0,0,1,1,4,0,17.6,8.69,58.5,40.2,142,129,86,77,4.8,5.3,3.45,3.34,1,1,1,0,0,0,0,1
3764,106,1,2,2,2,2,62,0,0,1,0,1,1,3,0,29.4,22.4,72.1,56.3,180,149.5,85.5,83,17.9,11.1,3.84,1.78,0,0,0,0,0,1,0,1
3765,106,1,2,2,2,2,69,1,0,0,0,1,1,3,0,23.7,17.9,27.1,15.4,144.5,132.5,71.5,76.5,12.9,7,3.7,2.05,0,0,1,0,1,0,1,1
3766,106,1,2,2,2,2,70,0,0,1,0,0,1,4,0,29.2,25.2,50.8,39.5,155,134.5,74.5,76.5,6.9,6.4,5.13,3.13,1,1,0,0,1,0,1,1
3767,106,1,2,2,2,2,67,1,0,1,1,1,1,3,0,23.5,14.9,52.6,27.8,184,138.5,89.5,81.5,5.1,6,2.86,3.07,0,0,1,1,0,0,1,0
3768,106,1,2,2,2,2,72,1,0,1,0,1,1,4,0,35.9,25.4,37.5,28.9,165.5,139.5,86,80.5,9.1,7.5,4.35,3.38,1,1,1,1,1,0,1,1
3769,106,1,2,2,2,2,58,1,0,1,0,1,1,2,0,37.3,16.5,76.5,40.5,182.5,138.5,101.5,84,4.7,6.2,2.89,1.72,0,0,0,0,0,0,1,1
3770,106,1,2,2,2,2,59,1,0,1,1,1,1,2,0,24,16.4,52.1,36.5,151.5,133.5,86.5,79.5,6.8,6.2,5.46,3.37,0,0,0,0,0,0,1,1
3771,106,1,2,2,2,2,66,1,1,0,0,1,1,4,0,28.3,16.2,55.5,26.8,185.5,137.5,86.5,76.5,5.3,5.9,3.15,2.42,1,1,0,0,0,0,1,1
3772,106,1,2,2,2,2,70,1,0,1,0,0,1,4,0,17.6,12.7,48.7,23.5,170.5,134,98.5,89,4.3,5.4,3.34,2.91,1,1,1,0,0,0,1,1
3773,106,1,2,2,2,2,64,0,0,0,0,1,1,4,0,17.2,16.6,37.3,35.1,142.5,136,87,81.5,5.1,5.5,4.78,3.66,1,1,0,0,1,0,1,1
3774,106,1,2,2,2,2,66,1,0,1,0,1,1,2,0,15,14.6,37.4,35.5,156.5,134.5,79,75.5,5.2,5.9,4.93,3.08,0,0,1,1,0,0,0,0
3775,106,1,2,2,2,2,67,0,0,1,0,1,1,4,0,15.1,12,32,22.3,171,142,86,80.5,5.3,6.9,6.61,4.01,1,1,0,0,0,0,1,0
3776,106,1,2,2,2,2,69,1,0,1,0,1,1,2,0,23.3,18.5,34.2,26.5,166.5,129,78,82.5,5.4,6.4,5.04,5,0,0,1,1,1,1,1,1
3777,106,1,2,2,2,2,73,1,0,1,0,1,1,4,0,28.7,24.1,55.1,18.8,214,135.5,93.5,81.5,4.8,5.4,3.58,2.55,1,1,1,0,0,1,0,1
3778,106,1,2,2,2,2,66,1,0,1,0,0,1,4,0,35.9,16.3,73.7,26.8,192,135.5,99.5,78.5,4.8,5.7,5.03,2.99,1,0,1,0,0,0,1,1
3779,106,1,2,2,2,2,66,0,0,1,1,0,1,4,0,37.6,24.1,76,46.2,183.5,131,94.5,66.5,10.4,8.7,5.43,3.52,1,1,0,0,1,0,1,1
3780,106,1,2,2,2,2,60,1,0,1,0,1,1,4,0,27,16.8,68.8,48.1,178,137,72,80,14.6,7.1,3.68,2.18,1,1,1,1,1,1,1,1
3781,106,1,2,2,2,2,61,1,0,1,0,1,1,4,0,35.9,14.2,83.9,38.1,187.5,139.5,97,89.5,11.2,7.6,4.16,3.57,1,1,1,1,0,0,1,1
3782,106,1,2,2,2,2,64,0,0,0,0,1,1,3,0,22.4,18.8,63.4,43.2,211,136,92.5,89,5.6,6.7,5.02,3.79,0,0,0,0,0,1,0,0
3783,106,1,2,2,2,2,60,0,0,1,0,1,1,4,0,19.2,7.9,60.4,26.5,184.5,129.5,83,70.5,4.8,5.5,4.78,2.42,1,1,0,0,1,1,1,1
3784,106,1,2,2,2,2,73,0,0,1,0,1,1,4,0,38.6,31,60,40.1,173,137.5,74.5,78.5,5.9,6.4,4.56,3.12,1,1,0,0,0,0,1,1
3785,106,1,2,2,2,2,51,0,0,1,0,1,1,2,0,10.7,5.47,49.1,30.4,171,134.5,99,84.5,6.3,6.7,2.92,1.78,0,0,0,0,1,0,1,1
3786,106,1,2,2,2,2,67,0,0,1,0,1,1,2,0,23.4,16.6,43.9,29.4,167,122.5,83,75.5,9.5,7.2,5.37,2.97,0,0,0,0,1,0,0,0
3787,106,1,2,2,2,2,63,1,0,0,0,1,1,3,0,16,9.84,30.8,19.5,162,130,83,82,4.8,6.7,3,1.57,0,0,0,0,0,0,0,1
3788,106,1,2,2,2,2,58,0,0,1,0,1,1,3,1,14.6,8.46,51.8,31.7,196,149.5,74,87.5,4.9,6.1,1.96,1.25,0,0,0,0,0,0,1,0
3789,106,1,2,2,2,2,51,1,0,1,0,0,1,4,0,11.3,6.14,45.6,28.7,153.5,137.5,87.5,89.5,5.4,5.8,4.3,2.15,1,1,1,1,0,0,0,1
3790,106,1,2,2,2,2,65,0,0,1,0,1,1,3,0,15.9,10.3,42.2,21.9,168.5,135,84.5,83.5,5.4,6.6,4.54,2.96,0,0,0,0,0,0,1,1
3791,106,1,2,2,2,2,59,0,0,1,0,1,1,4,0,13.4,8.93,45.8,30.7,166.5,133.5,78.5,75,4.1,6.6,3.09,1.74,1,0,0,0,0,0,0,0
3792,106,1,2,2,2,2,60,1,0,1,0,1,1,2,1,28.7,13.1,66.6,32.2,187,137.5,101.5,88.5,4.7,6.5,3.33,1.67,0,0,1,1,0,0,1,0
3793,106,1,2,2,2,2,71,1,0,0,0,1,1,3,0,40.8,15.4,73.1,17.1,220.5,128.5,95,78.5,8.9,5.8,2.86,1.44,0,0,1,1,0,1,0,1
3794,106,1,2,2,2,2,53,0,0,1,0,1,1,4,0,15.9,7.74,61.6,36.9,183.5,136,97.5,88,4.9,6.2,4.76,1.8,1,1,0,0,0,0,0,1
3795,106,1,2,2,2,2,47,1,0,1,0,1,1,3,0,12.8,7.16,49.3,37.2,132,120.5,88.5,77.5,4.5,6.4,5.45,4.59,0,0,1,0,0,0,1,1
3796,106,1,2,2,2,2,48,0,0,1,0,1,1,4,0,13,7.01,62,44.7,152,138,92,89,6.4,10.2,4.42,3.72,1,1,0,0,0,0,1,1
3797,106,1,2,2,2,2,49,1,0,0,0,1,1,3,0,16.3,9.36,49.8,35.1,190,132.5,113,86,6.7,5.9,0.09,2.6,0,0,1,1,0,0,1,1
3798,106,1,2,2,2,2,52,1,1,1,0,1,1,2,1,27,8.5,66.6,32.8,168.5,133,90,87,7,5.1,2.6,2.92,0,0,1,0,0,0,0,1
3799,106,1,2,2,2,2,58,1,1,0,0,1,1,2,0,14.4,8.82,42.4,27.6,127,132,72,74,5.6,5.5,3.76,2.45,0,0,1,1,0,0,0,0
3800,107,2,1,2,1,2,55,0,1,0,0,1,1,4,0,13.2,11.5,48.6,43.9,148.5,144,79,81,9.4,8.2,1.69,2.19,1,1,0,0,0,0,1,0
3801,107,2,1,2,1,2,60,0,0,1,0,1,1,2,1,13.3,11.7,43.3,33.6,196,144,107,89.5,5.1,6.3,4.76,3.24,0,0,0,0,0,0,0,0
3802,107,2,1,2,1,2,60,0,0,1,0,1,1,4,0,13,20.6,43.6,58.7,166.5,161.5,106,97,6.9,7.1,2.74,3.85,1,1,0,0,0,0,1,0
3803,107,2,1,2,1,2,61,1,0,1,0,1,1,3,0,39.6,12.8,78.2,29.9,191,147.5,81,83,7.3,6.4,4.15,3.38,0,0,1,1,0,0,1,1
3804,107,2,1,2,1,2,56,1,0,0,0,1,1,3,0,34.2,16.5,78.9,48.4,167,139,103.5,87.5,8.1,6.5,4.59,2.55,0,0,0,0,0,1,1,1
3805,107,2,1,2,1,2,53,0,0,1,0,1,1,3,0,10.4,9.47,45.6,41.6,164,133.5,93,89,5.7,5.5,4.71,4.84,0,0,0,0,0,0,1,1
3806,107,2,1,2,1,2,60,0,0,1,0,1,1,2,0,15.8,10.8,45,31.3,161,138.5,85,72.5,7.2,5.7,5.23,3.7,0,0,0,0,1,0,1,1
3807,107,2,1,2,1,2,50,0,0,1,0,1,1,2,0,10,5.11,48.8,30.4,171,136.5,100.5,87,4.4,5.6,1.9,1.39,0,0,0,0,0,0,1,1
3808,107,2,1,2,1,2,51,0,0,1,0,1,1,4,0,12.5,4.87,54.2,27.8,181.5,130.5,92.5,81,5.1,6.4,1.5,2.54,1,1,0,0,0,0,1,1
3809,107,2,1,2,1,2,57,0,0,1,0,1,1,4,0,14,7.81,50,30.3,186.5,133,97.5,76.5,5.4,6,4.24,2.77,1,0,0,0,0,0,1,1
3810,107,2,1,2,1,2,59,0,0,1,0,0,1,2,0,10.2,4.35,35.5,14.3,149.5,111.5,73,67.5,5.3,6.3,4.54,2.63,0,0,0,0,0,0,1,1
3811,107,2,1,2,1,2,48,0,0,1,0,1,1,3,0,10.5,6.67,54.1,40.7,199,129.5,102.5,84,4.9,6,4.61,3.68,0,0,0,0,0,0,1,0
3812,107,2,1,2,1,2,47,0,0,1,0,1,1,3,0,10.9,2.71,57.5,24.7,153.5,109,83.5,65,20,5.6,7.25,1.56,0,0,0,0,0,0,1,0
3813,107,2,1,2,1,2,56,0,0,1,0,1,1,4,0,13.4,11.1,50.5,43.6,170,159,101,94,5.8,5.5,5.32,4.6,1,1,0,0,0,0,1,1
3814,107,2,1,2,1,2,62,1,0,1,0,1,1,2,1,12,8.45,34.9,19.6,130,120,78,80,4.8,5.6,3.78,4.27,0,0,1,0,0,0,1,0
3815,107,2,1,2,1,2,68,1,0,1,0,1,1,2,1,14.4,8.2,23.4,11.3,149.5,115.5,83.5,68,7.1,5.5,1.15,2.47,0,0,0,0,0,0,1,0
3816,107,2,1,2,1,2,49,1,0,1,0,1,1,3,0,18.7,10.3,61,39.1,161,134.5,99,96,5.5,5.4,7.64,1.5,0,0,0,0,0,0,1,0
3817,107,2,1,2,1,2,63,1,1,1,0,1,1,4,0,13.2,8.19,38,19.1,151.5,126.5,93,80,5,5.9,2.59,1.83,1,1,0,0,0,0,1,0
3818,107,2,1,2,1,2,61,1,0,1,0,1,1,4,0,10.6,6.7,23.6,14,144,120.5,92.5,72.5,5.6,6.2,2.36,2.58,1,1,0,0,1,0,0,0
3819,107,2,1,2,1,2,49,1,1,0,0,1,1,3,0,18.6,16.5,60.4,51.9,166.5,147,97.5,79.5,11.1,9.6,3.34,4.16,0,0,1,1,0,0,0,1
3820,107,2,1,2,1,2,53,0,0,1,0,1,1,3,0,14.1,5.67,55.6,28.2,144,129,88,77.5,15.9,5.9,4.97,3.58,0,0,0,0,0,0,1,1
3821,107,2,1,2,1,2,60,0,0,0,0,1,1,2,0,19.4,12.6,61.7,42.3,206,168,76.5,66.5,5.1,5.8,3.03,2.53,0,0,0,0,0,1,1,1
3822,107,2,1,2,1,2,55,0,0,0,0,1,1,3,0,10.8,4.05,41.8,18.9,141.5,121.5,80,75,7.4,5.9,2.57,2.99,0,0,0,0,1,0,1,0
3823,107,2,1,2,1,2,56,1,0,1,0,1,1,4,0,11.1,8.47,34.3,24.3,144.5,131.5,94,88,6.2,6.4,1.9,1.67,1,0,1,0,0,0,1,1
3824,107,2,1,2,1,2,60,0,0,1,0,1,1,3,0,24.2,8.28,66.2,27.8,173.5,135.5,78,71.5,7.8,5.3,2.62,2.17,0,0,0,0,0,0,1,1
3825,107,2,1,2,1,2,54,0,0,1,0,1,1,4,0,21.8,8.75,71.6,39.4,173,136,89.5,78.5,7.5,5.8,4.6,4.28,1,1,0,0,0,0,1,0
3826,107,2,1,2,1,2,58,1,0,1,0,1,1,4,0,21.1,15.7,63.2,49.9,162.5,147,100,92,5.4,6.2,4.16,3.08,1,1,0,0,0,0,1,0
3827,107,2,1,2,1,2,55,0,0,1,0,1,1,4,0,17,8.02,61.5,34.9,191.5,146,105.5,86,4.8,5.1,2.9,3.51,1,0,0,0,0,0,0,0
3828,107,2,1,2,1,2,65,0,0,1,0,1,1,4,0,17.5,12.1,44.6,26.6,161,141,85,82,5.2,5.1,4.16,3.44,1,0,0,0,0,0,0,0
3829,107,2,1,2,1,2,61,1,0,1,0,1,1,3,0,12,12.7,36.4,33.5,145,133.5,85,88.5,6.8,7.6,3.53,2.36,0,0,0,0,0,0,1,0
3830,107,2,1,2,1,2,57,0,0,1,0,1,1,4,0,10.6,7.72,40.4,27.4,144.5,110.5,82.5,70,6.1,6.3,3.68,2.33,1,1,0,0,0,0,1,1
3831,107,2,1,2,1,2,52,1,1,0,0,1,1,4,0,26.9,20.1,71.1,59.7,161.5,138.5,92.5,88.5,6.9,5.4,4.77,4.59,1,1,1,1,0,0,1,1
3832,107,2,1,2,1,2,45,1,0,1,0,1,1,3,0,22.2,7.98,68.5,35.6,161,122.5,81,76.5,6.2,4.7,4.85,1.85,0,0,0,1,0,1,1,1
3833,107,2,1,2,1,2,55,1,0,0,0,1,1,2,0,19.3,7.83,51.9,24.6,161,130.5,81,86,19.6,6.3,2.97,1.94,0,0,0,0,0,0,1,1
3834,107,2,1,2,1,2,52,1,0,1,0,1,1,2,1,25.7,,67.7,,161,,81,,5.5,,4.23,,0,,0,,0,,1,
3835,108,2,2,1,1,2,56,0,0,1,0,1,1,4,0,17.7,12.9,60,46.9,140.5,121.5,96.5,80.5,11.1,10,2.59,2.04,1,1,0,0,0,0,1,1
3836,108,2,2,1,1,2,66,1,1,1,0,1,1,4,0,10.8,5.66,23.1,12,125.5,118,80.5,79,4.6,4.6,4.72,1.6,1,1,1,1,0,0,1,1
3837,108,2,2,1,1,2,50,0,0,1,0,1,1,4,0,13.6,7.09,60.3,39.8,180,145,112,88.5,5.2,6,4.24,4.62,1,1,0,0,0,0,1,1
3838,108,2,2,1,1,2,68,1,0,1,1,1,1,4,0,16.6,9.93,30.5,17.8,146.5,137.5,80.5,77.5,5.9,6,5.53,2.49,1,1,0,0,1,0,1,1
3839,108,2,2,1,1,2,63,1,1,1,1,1,1,3,0,27.7,16.4,54.8,32.3,152,129,89,74,8.3,7,3.99,3.75,0,0,1,0,0,0,0,0
3840,108,2,2,1,1,2,55,0,0,0,0,1,1,4,0,30.7,16.1,82.8,56.3,196,149,90,83.5,7.9,5.2,3.37,2.42,1,1,0,0,1,1,1,1
3841,108,2,2,1,1,2,55,0,0,1,0,1,1,2,0,14.2,5.94,54.4,26.8,183.5,130.5,89,88.5,5.9,3.8,4.02,3.85,0,0,0,0,0,0,1,1
3842,108,2,2,1,1,2,54,0,0,1,0,1,1,3,0,10.1,4.49,41.8,21.3,125,103.5,70,62,13.7,8.4,2.84,2.54,0,0,0,0,0,0,1,1
3843,108,2,2,1,1,2,62,0,0,1,1,1,1,4,0,27.9,21.1,68.8,53.2,165,139.5,91,92,5.6,6.8,6.41,3.9,1,1,0,0,0,0,1,1
3844,108,2,2,1,1,2,58,0,0,1,0,1,1,4,0,24.2,10.3,73.9,37.6,219.5,145.5,112,92,5.1,4.5,2.56,4.15,1,0,0,0,0,0,0,0
3845,108,2,2,1,1,2,61,1,1,1,0,1,1,3,0,17.6,6.88,52.4,20.6,176,126.5,98,82.5,5.1,5.4,3.34,2.85,0,0,0,0,0,0,1,1
3846,108,2,2,1,1,2,63,0,1,1,0,1,1,2,0,11.3,,30.2,,136.5,,79,,6.8,,2.07,,0,,0,,0,,0,
3847,108,2,2,1,1,2,61,0,0,0,0,1,1,3,0,15.2,8.85,47.9,27.7,169,131.5,84,67.5,5.1,5.9,2.64,2.15,0,0,0,0,1,1,1,1
3848,108,2,2,1,1,2,70,0,0,1,0,1,1,3,0,11.5,8.32,16.5,10.1,133.5,111.5,80.5,76,4.7,4.4,2.29,1.3,0,0,0,0,1,0,0,0
3849,108,2,2,1,1,2,66,0,0,1,0,1,1,3,0,17.3,19.3,42.8,35.7,170.5,145,95,85.5,6.7,7.1,3.55,2.45,0,0,0,0,0,0,0,0
3850,108,2,2,1,1,2,58,0,0,1,0,1,1,2,0,11.9,7.2,38.7,24,141,114,82,70.5,9.8,11.9,5.35,2.81,0,0,0,0,0,0,0,1
3851,108,2,2,1,1,2,68,1,0,1,1,1,1,3,0,15.4,12.7,33.3,21.3,143.5,136.5,84.5,88.5,4.7,6.5,2.76,3.66,0,0,0,0,1,0,0,0
3852,108,2,2,1,1,2,48,0,0,1,0,1,1,3,0,13.3,9.48,61.3,50.5,162.5,145.5,98.5,80.5,6.8,5.6,4.72,3.06,0,0,0,0,0,0,0,1
3853,108,2,2,1,1,2,58,0,0,1,0,1,1,4,0,12.6,12.4,45.1,44.7,155.5,156.5,87.5,90.5,5.1,4.9,3.19,3.72,1,1,0,0,0,0,1,0
3854,108,2,2,1,1,2,54,0,0,1,0,1,1,3,0,14.2,10.1,53.8,41.8,143,126.5,94.5,84,5.2,6.8,1.9,1.39,0,0,0,0,0,0,1,1
3855,108,2,2,1,1,2,61,1,0,1,0,1,1,3,0,10.4,11.7,29.9,34.3,126.5,138,78.5,90.5,5.1,5.3,5.34,3.56,0,0,0,0,0,0,1,0
3856,108,2,2,1,1,2,61,0,0,1,0,1,1,2,0,10.7,8.74,33.9,27.5,147.5,134,78,87.5,5,5.8,4.73,6.11,0,0,0,0,0,0,0,0
3857,108,2,2,1,1,2,57,0,0,1,0,1,1,3,0,21.1,8.18,64.8,29.3,171,114,92,79,7.8,5.6,2.28,1.25,0,0,0,0,0,0,1,0
3858,108,2,2,1,1,2,58,1,1,1,0,1,1,3,0,14.8,12.4,37.7,32.4,148,149.5,88.5,88.5,5.3,6.5,2.54,1.39,0,0,0,0,0,0,1,1
3859,108,2,2,1,1,2,55,0,0,1,1,1,1,3,0,19.5,12.4,65,46.9,167,139,78,73.5,5.7,6.8,5.94,2.81,0,0,0,0,0,0,1,1
3860,108,2,2,1,1,2,54,0,0,1,0,1,1,3,0,16.2,7.07,59.1,32.6,170,139.5,96.5,92,7,6,4.72,3.82,0,0,0,0,0,0,1,1
3861,108,2,2,1,1,2,49,0,0,1,0,1,1,3,0,12.9,4.64,59.6,30,208,132,113.5,93,4.7,5.4,3.43,3.69,0,0,0,0,0,0,1,1
3862,108,2,2,1,1,2,68,1,1,1,0,1,1,4,0,17,11.2,22.2,14.2,151.5,145,86,83.5,5.9,6.1,3.53,1.56,1,1,0,0,0,0,1,1
3863,108,2,2,1,1,2,52,0,0,1,0,1,1,3,0,11.4,8.59,50.2,41.1,168,148,85.5,84.5,5.2,5.5,4.05,4.58,0,0,0,0,0,0,1,1
3864,108,2,2,1,1,2,46,1,0,1,0,1,1,2,0,18.6,10.9,57.6,45,151,140.5,89,94,5,4.3,3.18,1.72,0,0,0,0,0,0,1,0
3865,108,2,2,1,1,2,68,1,0,1,1,1,1,3,0,13.4,13.2,23.4,22.5,129.5,127.5,84.5,77,13.8,8.5,2.64,2.31,0,0,0,1,1,1,1,1
3866,108,2,2,1,1,2,56,1,1,0,0,1,1,4,0,14.8,6.75,44,22.3,155,134,101.5,83,4.5,5.6,4.53,1.71,1,0,0,0,0,0,0,1
3867,108,2,2,1,1,2,60,1,0,1,0,1,1,3,0,13.5,8.65,31.1,19.3,123.5,123.5,80.5,85,6.9,6.1,4.31,3.12,0,0,0,0,0,0,1,1
3868,108,2,2,1,1,2,62,1,0,1,0,1,1,3,0,23.1,22.2,43.1,42.3,143,148,93,89.5,8.8,8,3.61,2.6,0,0,0,0,0,0,1,1
3869,108,2,2,1,1,2,55,1,0,1,0,1,1,3,0,14.4,5.86,45.8,21.4,140.5,107.5,93,81.5,5.6,13,5.13,3.67,0,0,0,0,0,0,1,0
3870,109,1,2,1,2,2,56,0,0,1,1,1,1,4,0,19.9,11.3,63.2,41.1,160.5,133,81.5,81.5,20.3,4.3,3.11,1.86,1,1,0,0,0,0,1,1
3871,109,1,2,1,2,2,60,0,1,0,1,1,1,3,0,28.7,8.42,73.1,27.7,173,128,100,82.5,10.4,5.8,2.68,4.33,0,0,0,0,1,1,1,1
3872,109,1,2,1,2,2,48,1,1,0,1,1,1,4,0,28.9,10.7,77.7,42.5,152,139,90.5,83.5,16.3,6.2,5.42,2.46,1,1,0,0,1,1,1,1
3873,109,1,2,1,2,2,57,0,0,1,1,1,1,4,0,23.5,20.4,70,63.3,169,158,101.5,91.5,20.9,10.2,3.1,2.38,1,1,0,0,1,1,1,1
3874,109,1,2,1,2,2,59,1,0,0,1,1,1,4,0,14.4,19,43,53,135,139.5,85,88,11.3,6.3,3.07,4.53,1,1,1,1,1,0,1,0
3875,109,1,2,1,2,2,62,1,1,1,1,1,1,3,0,12.7,9.79,32.1,30.2,118.5,133,78.5,92.5,11,6.5,1.77,2.08,0,0,1,1,1,0,1,0
3876,109,1,2,1,2,2,69,1,0,1,0,1,1,3,0,31.3,12.6,42.4,8.64,161,109,79,76.5,9.8,5.5,2.81,1.68,0,0,0,0,0,0,0,0
3877,109,1,2,1,2,2,72,0,0,0,1,1,1,4,0,44.6,15.3,76.8,22.6,205.5,134,91,75.5,7.3,4.57,4.48,2.15,1,1,0,0,1,1,1,1
3878,109,1,2,1,2,2,60,1,0,1,0,1,1,4,0,21.7,16.9,46.7,35.7,152.5,137.5,85,77.5,13.6,6,2.77,2.5,1,1,0,0,0,0,0,1
3879,109,1,2,1,2,2,68,1,0,1,0,1,1,3,0,29.5,24.6,44.5,34.7,169,153,89,83,7.3,5.3,1.7,2.62,0,0,0,0,0,0,1,1
3880,109,1,2,1,2,2,59,1,0,1,0,0,1,4,0,17.6,25.1,40.8,55.9,143,161,81,111,15.9,5.4,2.64,3.42,1,1,0,0,0,0,0,0
3881,109,1,2,1,2,2,71,1,0,1,1,1,1,2,0,18.1,17.2,10.2,11.7,115.5,124,64.5,72.5,7.1,5.5,2.37,3,0,0,0,0,1,1,1,1
3882,109,1,2,1,2,2,55,0,0,1,0,1,1,3,0,12.7,10.5,47.4,40.9,137,127.5,84.5,79,6.8,5.9,1.79,1.16,0,0,0,0,0,0,0,1
3883,109,1,2,1,2,2,44,1,0,1,0,1,1,3,0,23.2,9.94,71.5,43.4,168.5,144.5,112.5,100.5,8,5.8,1.99,2.66,0,0,0,1,0,0,1,0
3884,109,1,2,1,2,2,51,1,0,1,0,1,1,2,0,20.3,12.5,58.8,41.4,140.5,133.5,84.5,80.5,11.8,9.5,4.25,2.02,0,0,1,1,0,0,1,0
3885,109,1,2,1,2,2,57,1,0,1,0,1,1,3,0,10.1,8.62,27.1,25.5,141,149,83,86,9.3,5.5,1.25,2.17,0,0,1,1,0,0,1,1
3886,109,1,2,1,2,2,51,0,0,1,0,1,1,4,0,21.5,12.1,75.5,54.6,169,140,94,87,9.9,5.7,6.31,3.82,1,1,0,0,0,0,1,0
3887,109,1,2,1,2,2,54,1,0,1,1,1,1,3,0,10.6,5.3,34.4,19.2,143,127.5,83,84,5.6,5.9,2.12,1.97,0,0,0,0,1,0,1,0
3888,109,1,2,1,2,2,62,0,0,1,0,1,1,3,0,24.3,11.7,61.7,36,160.5,152.5,84.5,92.5,9.5,5.6,6.41,4.04,0,0,0,0,0,0,1,0
3889,109,1,2,1,2,2,58,1,0,0,0,1,1,2,0,29.1,13.2,63.6,32.3,161,124,91,78,16,7.8,1.85,1.91,0,0,1,1,1,1,1,1
3890,109,1,2,1,2,2,53,0,0,1,0,1,1,4,0,17.7,8.27,63.9,37.6,160.5,123.5,95,77,9.6,5.1,2.35,1.68,1,0,0,0,0,0,1,1
3891,109,1,2,1,2,2,59,0,0,1,0,1,1,2,0,20.9,11.4,61.9,39.2,179,184.5,81,90,10.2,6.2,3.18,5.76,0,0,0,0,0,0,0,0
3892,109,1,2,1,2,2,61,1,1,0,0,1,1,3,0,20.7,11,49.4,26.8,161,136,85,76.5,23.9,13.9,3.01,1.52,0,0,0,0,1,1,1,1
3893,109,1,2,1,2,2,60,0,0,1,0,1,1,3,0,12.4,6.6,41.9,20.9,161,130,79.5,74.5,5.9,5.9,2.26,0.62,0,0,0,0,0,1,1,1
3894,109,1,2,1,2,2,49,0,0,1,0,0,1,4,0,14.7,14.3,69,66.3,156,139.5,86.5,88.5,25.9,8.1,3.5,3.1,1,1,0,0,0,0,1,1
3895,109,1,2,1,2,2,59,1,0,1,0,1,1,4,0,13.5,10.3,31,23.9,142.5,136,93,93,9.9,5.2,2.75,2.22,1,1,0,0,0,0,1,0
3896,109,1,2,1,2,2,52,0,0,0,0,1,1,4,0,13,8.58,55.1,41.8,147,134,81,83.5,16.9,5.9,2.07,3.88,1,1,0,0,0,0,1,1
3897,109,1,2,1,2,2,57,0,0,1,0,1,1,4,0,12.3,11.4,46.3,43.3,165.5,161,88.5,94.5,5.9,5.8,2.5,3.83,1,1,0,0,0,0,1,1
3898,109,1,2,1,2,2,52,1,0,1,0,1,1,3,0,23.1,12.3,65.5,43.1,152,128.5,81.5,69.5,8.9,6,4.32,3.06,0,0,0,0,1,1,1,1
3899,109,1,2,1,2,2,44,0,0,1,0,1,1,3,0,12.6,11.3,67.9,61.8,185.5,159,110,91,13.1,9.6,3.32,3.24,0,0,0,0,0,0,1,0
3900,109,1,2,1,2,2,49,1,0,1,0,1,1,2,1,10.4,7.67,41.8,36.4,144.5,135.5,90.5,86,11.6,11.7,3.24,3.38,0,0,1,0,1,1,1,1
3901,109,1,2,1,2,2,52,1,0,1,0,1,1,3,0,13.4,5.88,45.8,24.5,161,131,87.5,79.5,5.3,4.9,2.42,1.55,0,0,0,0,0,0,1,1
3902,109,1,2,1,2,2,57,1,0,0,0,1,1,3,0,17.1,19.3,48.1,53.1,141,149,89.5,84.5,7.7,5.6,2.8,3.27,0,0,1,1,0,0,1,1
3903,109,1,2,1,2,2,64,1,1,0,0,1,1,2,0,22.2,18.1,48.8,30.2,163,138,72,88,5.1,7.1,4.04,2.64,0,0,0,0,0,0,1,1
3904,109,1,2,1,2,2,49,1,0,1,0,1,1,3,0,22.3,15.6,67.9,54.9,161,151,81,103.5,4.9,5.3,4.81,3.77,0,0,0,0,0,0,1,0
3905,110,1,1,2,2,2,51,1,1,0,0,1,1,4,0,12.6,11.9,46.2,44.5,140,136.5,98.5,97,3.7,6.7,3.31,3.5,1,1,1,1,0,0,1,0
3906,110,1,1,2,2,2,45,1,1,0,0,1,1,4,0,31.5,18.9,76.1,59.3,160.5,147.5,102.5,87.5,4.8,5.5,3.89,3.39,1,1,1,1,0,0,0,1
3907,110,1,1,2,2,2,47,1,0,1,0,1,1,4,0,20.6,5.98,64,32.5,168.5,131.5,102.5,84,7.3,6.2,1.98,3.43,1,1,0,0,0,0,1,1
3908,110,1,1,2,2,2,60,0,0,1,0,0,1,4,0,22.2,19.2,62.2,54.5,162,147,67,74.5,8.1,9.9,2.15,3.32,1,1,0,0,0,0,1,0
3909,110,1,1,2,2,2,52,1,0,1,0,1,1,3,0,16.9,12.2,52.9,42.1,160.5,145.5,97.5,89,6.3,5.8,1.26,1.25,0,0,0,0,0,0,1,1
3910,110,1,1,2,2,2,65,0,0,1,0,1,1,4,0,18.4,18.5,47.6,47.7,166.5,166.5,84,86.5,3.4,6.2,2.46,2.14,1,1,0,0,0,0,1,0
3911,110,1,1,2,2,2,50,0,0,1,0,1,1,4,0,11.5,8.52,53.9,44.6,172,157.5,85.5,96.5,4.2,4.9,4.36,5.72,1,1,0,0,0,0,1,0
3912,110,1,1,2,2,2,52,0,0,1,0,1,1,4,0,12.8,6.99,55.4,36,164,132.5,80.5,75,5.3,5.9,2.91,3.82,1,1,0,0,0,0,1,1
3913,110,1,1,2,2,2,60,1,1,1,0,1,1,4,0,13.5,11.9,32.9,28.9,137.5,133,84,81.5,3.1,5.6,5.67,4.1,1,1,1,1,0,0,1,1
3914,110,1,1,2,2,2,48,1,0,1,0,1,1,4,0,21.5,9.98,65,44.3,156,155,98,93.5,6.7,7.9,3.69,2.51,1,1,0,0,1,0,1,0
3915,110,1,1,2,2,2,48,0,0,1,0,1,1,4,0,13.2,7.17,64.9,47.6,160,147.5,86.5,79.5,4.3,6.5,2.8,3.15,1,1,0,0,0,0,1,1
3916,110,1,1,2,2,2,60,1,1,1,0,1,1,2,0,20.4,11,58.8,35.9,182,144,99.5,75,3.7,6.4,2.83,1.34,0,0,1,1,0,0,0,1
3917,110,1,1,2,2,2,48,1,0,1,0,1,1,4,0,22,12.6,64.2,45.6,145,131.5,98.5,85.5,8.2,10.7,3.05,1.9,1,1,1,1,0,0,1,1
3918,110,1,1,2,2,2,43,1,0,1,1,1,1,4,0,19.9,1.03,61.5,11.5,150,100,97.5,80.5,2.9,6.2,3.62,2.4,1,1,1,1,1,0,1,0
3919,110,1,1,2,2,2,46,1,1,1,0,1,1,4,0,17,12.4,57.8,47.9,161,153,99.5,97,5.4,5.4,1.77,1.6,1,1,0,0,0,0,1,1
3920,110,1,1,2,2,2,71,1,1,0,0,1,1,3,0,34.1,16.7,52.2,24.6,174,148,100.5,87.5,7.4,5.4,5.03,2.88,0,0,0,0,1,1,0,1
3921,110,1,1,2,2,2,56,0,0,1,0,1,1,1,1,11.5,6.69,42,25.8,153.5,132.5,103,77.5,8.3,5.5,2.45,3.98,0,0,0,0,0,0,1,1
3922,110,1,1,2,2,2,61,0,0,1,0,1,1,3,0,21.9,11.8,58.9,32.1,156.5,115.5,85.5,74.5,8.2,8.6,4.12,2,0,0,0,0,0,0,1,0
3923,110,1,1,2,2,2,50,0,0,1,0,1,1,3,0,24.2,9.16,79.8,47.3,221,156,139.5,108.5,4.9,5.4,4.12,3.37,0,0,0,0,0,0,1,1
3924,110,1,1,2,2,2,59,1,1,1,0,1,1,3,0,17.1,14.2,40.2,34.2,148.5,125.5,97.5,81,7.6,7.8,4.11,4.17,0,0,1,1,0,0,1,1
3925,110,1,1,2,2,2,50,0,0,1,0,1,1,4,0,11.5,8.36,55,44.5,163.5,151,99,89,3.7,6.1,4.24,1.71,1,1,0,0,0,0,1,1
3926,110,1,1,2,2,2,52,0,0,1,0,1,1,4,0,10.4,8.83,48,41.5,164,130.5,82.5,87,5.4,5.7,7.51,1.16,1,1,0,0,0,0,1,1
3927,110,1,1,2,2,2,53,1,0,0,1,1,1,3,0,10.5,10.2,38.8,37.7,131,127.5,86.5,88.5,8.6,9.4,4.36,3.79,0,0,0,0,1,0,1,1
3928,110,1,1,2,2,2,50,0,0,1,0,1,1,4,0,12.9,6.21,59.1,36.3,170.5,138,89,80,5.9,5.3,4.77,5.15,1,1,0,0,0,0,0,0
3929,110,1,1,2,2,2,50,0,0,1,1,1,1,4,0,11.5,6.47,56,38.2,152.5,129,80.5,80,6.4,6.1,3.07,2.99,1,1,0,0,0,0,1,0
3930,110,1,1,2,2,2,54,1,0,1,0,1,1,2,1,16.1,4.86,47.6,18,162,119,91.5,71,5.1,5.2,4.02,2.12,0,0,0,1,0,0,1,1
3931,110,1,1,2,2,2,52,1,0,1,1,1,1,4,0,25.8,16.5,73.3,56.3,161,148,94,94,6.1,5.7,3.95,3.41,1,1,1,1,0,0,1,1
3932,110,1,1,2,2,2,48,1,0,0,0,1,1,3,0,11.2,12.4,45.5,47.4,145,154.5,96,102,5.3,5.3,2.38,1.79,0,0,0,0,0,0,1,1
3933,110,1,1,2,2,2,54,0,1,0,0,0,1,3,0,10.3,8.43,44.1,38.2,163.5,144,97.5,82,5.7,5.4,2.15,4.01,0,1,0,0,1,0,1,1
3934,110,1,1,2,2,2,49,1,0,1,0,1,1,3,0,22.8,10.3,64,42.8,156,143.5,100,89,14.8,6.9,3.24,3.33,0,0,1,1,0,0,1,1
3935,110,1,1,2,2,2,53,1,0,1,1,1,1,3,0,20.9,6.83,63.6,29.3,161,138,100.5,94,5.2,5.7,4.07,2.28,0,0,1,1,0,1,1,1
3936,110,1,1,2,2,2,51,1,0,1,0,1,1,4,0,12.1,6.6,45.8,29.6,156.5,127.5,99,79,5.3,5.8,2.34,2.29,1,1,0,0,0,0,1,1
3937,110,1,1,2,2,2,52,0,0,0,0,0,1,4,0,10.2,3.45,47.2,20.6,146,122,79,74.5,7.1,5.1,4.52,3.03,1,1,0,0,0,0,1,1
3938,110,1,1,2,2,2,66,1,1,1,0,1,1,2,0,21.8,14.9,52.4,38.2,152,148,84.5,86,8.8,7.7,2.6,1.62,0,0,0,1,0,1,0,0
3939,110,1,1,2,2,2,43,1,0,1,0,1,1,4,0,26.9,13.5,74.1,53.6,161,151,99.5,92.5,8.9,5.5,3.22,2.8,1,1,0,0,0,0,1,1
3940,111,1,2,2,1,2,60,1,1,1,1,1,1,3,0,14.1,6.82,34.5,19.3,161,149,109,81.5,5.3,5.3,3.25,0.43,0,1,0,0,1,0,1,0
3941,111,1,2,2,1,2,72,1,0,1,1,1,1,3,0,24.4,15.8,33.9,15.1,163.5,145.5,78.5,80,9.2,6.6,2.09,2.62,0,0,1,1,0,0,1,0
3942,111,1,2,2,1,2,68,1,1,1,1,1,1,3,0,36.6,31.3,55.2,50.2,186,155,93,91.5,6.4,8.1,3.93,4.42,0,0,0,0,1,0,1,1
3943,111,1,2,2,1,2,68,1,1,1,1,1,1,3,0,12.6,16.2,14.9,20.8,143,157.5,82,99,4.5,4.6,1.94,1.92,0,0,0,0,0,1,1,1
3944,111,1,2,2,1,2,68,1,0,1,1,1,1,3,0,15.6,12.6,33.1,21.5,168,139.5,96,77.5,6,6,1.38,1.46,0,0,1,1,0,1,1,1
3945,111,1,2,2,1,2,70,0,0,1,1,1,1,2,0,13.4,9.22,24.6,11.6,142.5,117,91,79,6.4,5.8,5.08,1.27,0,0,0,0,0,1,1,1
3946,111,1,2,2,1,2,71,1,0,0,1,1,1,4,0,18.8,10,41.5,16.9,170,131,99.5,86,6.6,6.8,3.82,2.04,1,1,0,0,0,1,1,1
3947,111,1,2,2,1,2,57,1,0,1,1,1,1,2,0,19.7,9.74,57.6,32.5,163,136,89.5,79.5,5.9,6,2.29,1.84,0,0,0,0,0,0,1,1
3948,111,1,2,2,1,2,57,1,1,1,0,1,1,3,0,15.4,9.12,49.3,31.2,150.5,122.5,95,76.5,4.7,5.8,4.74,3.91,0,0,1,1,0,0,1,1
3949,111,1,2,2,1,2,60,0,0,1,1,1,1,2,0,21.5,8.03,59.5,22.9,161,102.5,88.5,63.5,18.3,5.6,1.67,1.46,0,0,0,0,1,0,1,0
3950,111,1,2,2,1,2,65,0,0,1,0,1,1,3,0,13.7,10.4,35.8,25.4,157.5,134.5,83.5,71.5,5.1,4.7,2.23,3.6,0,0,0,0,0,0,1,1
3951,111,1,2,2,1,2,60,0,0,1,1,1,1,2,0,13.6,7.58,45.7,25.4,177,136,94,84,5.9,5.7,4.25,3.77,0,0,0,0,0,0,1,1
3952,111,1,2,2,1,2,55,0,0,1,1,1,1,3,0,10.2,5.74,42.8,26.2,163,128.5,87,77,5.3,5.2,3.6,2.55,0,0,0,0,0,0,1,1
3953,111,1,2,2,1,2,55,0,0,1,1,1,1,2,0,10.3,6.28,42.5,28.3,167.5,138,99.5,82,4.5,5.6,4.62,5.22,0,0,0,0,0,0,1,1
3954,111,1,2,2,1,2,63,1,0,1,0,1,1,3,0,12.4,7.12,23.7,11.5,156,117.5,93.5,79,6,6,1.53,1.91,0,0,0,0,0,0,1,1
3955,111,1,2,2,1,2,39,1,0,1,0,1,1,3,0,29.4,11.9,69.7,46.4,161,134.5,100,91.5,5.4,5.8,5.37,5.07,0,0,1,1,0,0,1,1
3956,111,1,2,2,1,2,52,0,0,1,0,1,1,2,1,10.6,4.89,46.7,26.5,181,149,102,86.5,5.3,5.3,5.28,7.33,0,0,0,0,0,0,1,1
3957,111,1,2,2,1,2,54,0,0,1,0,1,1,3,0,12.9,9.9,50.2,42.4,144,163,83,92.5,7,6.4,3.54,2.6,0,0,0,0,0,0,1,1
3958,111,1,2,2,1,2,67,1,0,1,1,1,1,3,0,12.3,11,16.2,17.9,144,140,91.5,88.5,5.1,5.6,2.49,1.7,0,0,0,0,0,0,1,0
3959,111,1,2,2,1,2,59,1,0,1,0,1,1,4,0,18.8,11.3,47.9,30.4,183,142,108.5,87.5,5.1,5.6,4.34,2.69,1,0,0,0,1,1,1,0
3960,111,1,2,2,1,2,67,1,1,1,0,1,1,2,0,12.9,8.27,33.6,17.5,161,126.5,58,75,6.9,6.1,1.41,1.41,0,0,0,0,0,0,1,0
3961,111,1,2,2,1,2,60,0,0,1,0,1,1,4,0,11.4,10.9,36.5,36.3,161,147,91,89,5.9,4.9,4.45,3.29,1,1,0,0,0,0,1,0
3962,111,1,2,2,1,2,54,1,0,1,0,1,1,4,0,26.5,10.4,70.2,38.5,160.5,143.5,93.5,90,8.6,5.2,4.48,1.96,1,0,0,0,1,0,1,1
3963,111,1,2,2,1,2,61,1,0,1,0,1,1,2,1,19.7,11.5,51.2,33.7,161,141.5,93,71,8.4,5.5,2.04,2.18,0,0,0,0,0,0,1,1
3964,111,1,2,2,1,2,60,0,0,1,0,1,1,4,0,13.5,10,45.1,33.8,164.5,145.5,80.5,83.5,5.6,6.4,6.04,3.64,1,1,0,0,0,0,1,1
3965,111,1,2,2,1,2,60,0,0,1,0,1,1,3,0,16.2,,51.7,,166,,100.5,,5.6,,4.07,,0,,0,,0,,1,
3966,111,1,2,2,1,2,66,1,0,1,0,1,1,2,0,13.3,11.9,21.5,19.3,140,138.5,81,77,6.3,6.1,3.04,2.98,0,0,1,1,0,0,1,1
3967,111,1,2,2,1,2,49,1,0,1,0,1,1,4,0,15.9,6.61,53.4,30.1,162,129,93.5,81,6.1,5.5,2.47,2.22,1,1,1,1,0,0,1,1
3968,111,1,2,2,1,2,49,1,0,0,0,1,1,4,0,18.6,6.25,58,27.5,161,128.5,88.5,80,10.4,6.4,2.77,1.26,1,1,0,0,0,0,1,1
3969,111,1,2,2,1,2,59,0,1,1,1,1,1,2,0,11.3,7.33,38.2,25.9,161,126.5,83,81,6,6.1,3.53,1.94,0,0,0,0,0,0,1,1
3970,111,1,2,2,1,2,60,0,1,1,1,0,1,2,0,11.2,9.64,37.7,32.6,155,147,72.5,88,5.6,5.4,2.19,1.18,0,0,0,0,0,0,1,1
3971,111,1,2,2,1,2,43,1,1,1,0,1,1,3,0,13.2,3.79,55.6,25.8,142.5,118,75.5,75,4.8,5.1,5.59,2.53,0,0,0,0,0,0,1,1
3972,111,1,2,2,1,2,57,1,0,1,0,1,1,4,0,12.7,10.4,44.1,36.3,159,143.5,101,89,4.6,6.2,3.48,2.61,1,1,0,0,0,0,1,1
3973,111,1,2,2,1,2,58,0,0,1,0,1,1,3,0,10.7,6.47,40.4,24,157,117,85.5,74,6.1,6,7.25,3.76,0,0,0,0,0,0,1,1
3974,111,1,2,2,1,2,48,0,0,1,0,1,1,2,0,11.4,5.42,56,34.9,161.5,124,91.5,84,7.4,7.1,7.25,2.52,0,0,0,0,0,0,1,1
3975,112,2,1,1,2,2,53,1,0,1,0,1,1,3,0,20.6,15.6,58.9,49.4,160.5,146.5,97,86.5,7.5,6.2,2.09,2.21,0,0,0,0,0,0,1,1
3976,112,2,1,1,2,2,70,0,0,1,1,1,1,3,0,21.3,16.7,26.7,27.9,125,159,88.5,87.5,7.5,6.2,4.42,3.97,0,0,0,0,0,0,1,1
3977,112,2,1,1,2,2,70,1,0,0,0,1,1,2,1,17.4,15.6,17.2,16.8,131.5,140.5,83.5,80.5,6.3,5.8,3.13,2.18,0,0,1,1,1,1,1,1
3978,112,2,1,1,2,2,61,0,0,1,1,1,1,4,0,15.9,16.1,41.8,42,146,141,73,69,14.2,11.7,1.75,2.35,1,1,0,0,0,0,1,1
3979,112,2,1,1,2,2,56,0,0,1,1,1,1,4,0,20.6,27.8,65.5,78.5,171,184,93,86.5,13.1,7.2,7.68,3.03,1,1,0,0,0,0,1,1
3980,112,2,1,1,2,2,68,1,1,0,1,1,1,3,0,33.4,28.7,50.6,38.8,170,148,92.5,87,9.1,9,3.04,3.58,0,0,0,0,0,0,1,0
3981,112,2,1,1,2,2,57,1,0,0,0,1,1,3,0,25.1,12.8,64.2,38.6,161,143.5,86.5,87,14.2,7,1.82,1.33,0,0,0,0,0,1,1,1
3982,112,2,1,1,2,2,49,0,0,1,0,1,1,4,0,12.9,2.94,61.2,22.8,142.5,118.5,86,81,10.1,6.4,4.22,2.33,1,1,0,0,0,0,0,0
3983,112,2,1,1,2,2,48,1,0,0,0,1,1,3,0,89.6,15.2,99.6,49.9,239,133.5,111,78.5,11.6,11.2,1.93,1.67,0,0,1,1,0,0,1,1
3984,112,2,1,1,2,2,60,1,1,1,0,1,1,3,1,12.9,6.37,32.1,17.3,138,119.5,77,84.5,9.6,6.8,2.42,1.79,0,0,0,0,0,0,1,0
3985,112,2,1,1,2,2,60,0,0,1,1,1,1,3,0,11.3,8.79,36.3,28.3,164.5,151,85,81,4.6,6,3.5,2.53,0,0,0,0,0,0,1,0
3986,112,2,1,1,2,2,52,0,0,1,0,1,1,4,0,12,4.61,52,26.1,139.5,135,94,91,8.6,5.8,4.9,2.82,1,0,0,0,0,0,0,1
3987,112,2,1,1,2,2,44,0,0,1,0,1,1,4,0,10.5,10.1,62.9,61.6,146,145,77.5,87,11.4,11.6,3.44,3.53,1,0,0,0,0,0,1,1
3988,112,2,1,1,2,2,68,0,0,1,0,1,1,2,0,12.5,10.7,28.6,21.2,158.5,133.5,92,79.5,5.4,5,7.25,2.77,0,0,0,0,0,0,0,0
3989,112,2,1,1,2,2,52,1,0,0,0,1,1,4,0,10.6,6.85,42.5,31.4,137,130,83,81.5,5.5,6,4.11,3.03,1,1,0,0,0,0,1,1
3990,112,2,1,1,2,2,53,0,0,1,0,1,1,3,0,11.2,13.6,47.9,54.4,169,186.5,108.5,105,5.7,5.8,3.43,1.85,0,0,0,0,0,0,1,1
3991,112,2,1,1,2,2,55,0,0,1,0,1,1,4,0,12.5,9.29,50,39.2,179,156.5,109,95,5.4,6.1,4.65,3.36,1,1,0,0,0,0,1,1
3992,112,2,1,1,2,2,51,0,0,1,0,1,1,4,0,11.9,4.4,54.9,27.5,161,128,89.5,89.5,5.6,5.9,5.69,3.42,1,1,0,0,0,0,0,1
3993,112,2,1,1,2,2,54,1,0,1,0,1,1,4,0,12.6,7.95,41.3,28.3,160,129,99.5,83.5,5.9,5.8,1.66,2.26,1,1,0,0,0,0,1,1
3994,112,2,1,1,2,2,68,1,0,1,1,0,1,3,0,11.7,11.6,27.8,27.7,128,128.5,92.5,76.5,5.4,5.8,2.85,3.2,0,0,1,1,0,1,1,1
3995,112,2,1,1,2,2,55,0,0,1,1,1,1,3,0,10.2,10.7,40.6,44.6,122.5,159,79,92,7.2,5.1,4.59,4.51,0,0,0,0,0,0,1,1
3996,112,2,1,1,2,2,57,1,0,1,0,1,1,4,0,17,13,50.5,40.4,160.5,146,102,100.5,6,6,2.56,2.83,1,1,1,1,0,0,1,1
3997,112,2,1,1,2,2,70,0,0,1,1,1,1,2,0,29.1,22.9,49.6,41.5,190.5,161,90.5,86.5,18.2,10.4,2.89,2.5,0,0,0,0,0,0,1,1
3998,112,2,1,1,2,2,56,1,0,1,0,1,1,4,0,31.9,30.6,78.1,76.4,161,161,103,97.5,7.2,8.6,5.06,3.97,1,1,1,1,0,0,1,1
3999,112,2,1,1,2,2,61,1,0,1,0,1,1,2,1,10.1,11,26.8,30.9,121,135,79,66.5,6.1,6.1,2.69,2.71,0,0,0,0,0,0,1,1
4000,112,2,1,1,2,2,51,0,0,1,0,1,1,3,0,16.3,8.02,64.5,40.8,161,152,81,77.5,7.4,5.7,5.13,3.88,0,0,0,0,0,0,1,1
4001,112,2,1,1,2,2,61,0,0,1,0,1,1,4,0,24.9,19.4,64.4,51.6,161,140.5,92,87.5,7.7,6,2.27,1.63,1,1,0,0,0,0,1,1
4002,112,2,1,1,2,2,48,0,1,1,0,1,1,4,0,11.6,13.6,58.3,63.4,146,154,81,98,6.4,5,2.55,2.69,1,1,0,0,0,0,0,1
4003,112,2,1,1,2,2,51,1,1,0,0,1,1,3,0,21.7,8.85,65,35.7,170.5,139,117,91,6.6,5.6,5.32,3.25,0,0,0,0,0,0,0,1
4004,112,2,1,1,2,2,61,1,0,1,0,1,1,2,1,15.1,13,34.7,32.1,137,124.5,79,78.5,12.1,9.5,2.71,2.54,0,0,0,0,0,0,1,1
4005,112,2,1,1,2,2,51,1,1,1,0,1,1,4,0,19.7,5.65,62.5,26.8,185,163,120.5,110,7.2,5.7,4.14,1.07,1,1,0,0,0,0,1,1
4006,112,2,1,1,2,2,39,1,0,1,0,1,1,4,0,10.6,4.84,59.1,36.8,138.5,129,88,89,5.9,6.6,6.13,2.42,1,1,1,1,0,0,1,0
4007,112,2,1,1,2,2,60,1,1,1,0,1,1,4,0,10,7.78,34.1,25,148.5,149,102,95.5,5.2,5.8,2.48,1.97,1,1,0,0,0,0,1,1
4008,112,2,1,1,2,2,61,0,0,1,0,1,1,3,0,12.8,8.53,38.8,26.6,166,131,75,76.5,4.8,6,4.05,1.12,0,0,0,0,0,0,1,0
4009,112,2,1,1,2,2,50,1,1,1,0,1,1,4,0,11.3,4.63,48.8,25.4,133,138,87,98.5,5.6,6.1,7.77,1.53,1,1,0,0,0,0,1,0
4010,113,2,2,2,2,1,67,0,1,1,0,1,1,2,0,13.7,11.3,30.6,24.4,149,139.5,65.5,79.5,6.8,5.7,5.81,3.75,0,0,0,0,0,0,1,1
4011,113,2,2,2,2,1,60,1,0,1,1,1,1,3,0,18.1,10.6,48.8,33.4,154.5,144,87.5,83,7.8,6.3,2.64,2.48,0,0,0,0,0,0,1,1
4012,113,2,2,2,2,1,59,0,0,1,1,1,1,4,0,16.7,23.3,54.5,65.4,164,154.5,95.5,91.5,6.6,6.3,3.92,4.72,1,1,0,0,0,0,1,0
4013,113,2,2,2,2,1,58,1,1,1,0,1,1,2,0,14.4,7.6,45.7,25.9,136.5,131,76.5,76.5,5.7,5.6,3.38,2.73,0,0,1,1,0,0,0,1
4014,113,2,2,2,2,1,57,1,0,1,0,1,1,3,0,24.9,16.3,69.3,51.2,163,138.5,73,86.5,6.3,5.5,3.34,4.98,0,0,1,1,0,0,1,1
4015,113,2,2,2,2,1,53,0,0,1,1,1,1,3,0,17.9,12,64.4,49.5,165,143.5,99.5,89.5,7,7.3,3.5,2.56,0,0,0,0,0,0,1,0
4016,113,2,2,2,2,1,55,1,0,1,0,1,1,3,0,12.3,10.2,41,35.2,151.5,139,84,86.5,8.6,11,1.68,2.48,0,0,0,0,0,0,1,1
4017,113,2,2,2,2,1,59,0,0,1,1,1,1,4,0,18.7,11.7,60.4,40.5,189.5,155.5,93,91.5,4.3,4.9,3.92,1.96,1,1,0,0,0,0,1,0
4018,113,2,2,2,2,1,61,1,0,1,1,1,1,4,0,19,9.94,48.3,27.1,144,136,89.5,79.5,7.6,7.1,3.64,1.24,1,0,1,1,0,0,1,1
4019,113,2,2,2,2,1,53,0,0,1,0,1,1,4,0,10.2,8.58,47.1,40.2,157.5,121.5,86.5,73.5,6.3,6.9,6.37,5.07,1,1,0,0,0,0,1,1
4020,113,2,2,2,2,1,60,1,0,1,0,1,1,3,0,27.9,17.3,73.8,50.4,186,148.5,82,71.5,6.4,8,1.52,2.27,0,0,0,1,0,0,0,0
4021,113,2,2,2,2,1,52,0,0,1,0,1,1,4,0,28.7,21.2,84.4,74.2,181.5,161.5,90.5,94,19.5,15.2,3.1,5.13,1,1,0,0,0,0,1,1
4022,113,2,2,2,2,1,57,0,0,1,0,1,1,3,0,27.7,13.3,76,45.3,187,138,71,76,9.8,9.2,1.77,2.72,0,0,0,0,0,0,1,1
4023,113,2,2,2,2,1,53,0,0,1,0,1,1,4,0,12.8,11,53.5,48,161,155,101,96,5.3,6.1,3.07,3.06,1,1,0,0,0,0,1,1
4024,113,2,2,2,2,1,57,0,0,1,0,1,1,4,0,10.2,5.16,38.8,20.3,147.5,108.5,91.5,80.5,5.3,6.1,1.45,1.56,1,1,0,0,0,0,1,1
4025,113,2,2,2,2,1,58,0,0,1,0,1,1,3,0,12.1,8.79,43.3,34.2,159,159.5,78.5,81,6.2,5.3,3.85,2.67,0,0,0,0,0,0,0,1
4026,113,2,2,2,2,1,61,0,0,1,0,1,1,3,0,31.5,18.6,77.4,50.5,188.5,141,107,89.5,5.7,6.4,4.25,5.8,0,0,0,0,0,0,1,0
4027,113,2,2,2,2,1,58,0,0,0,0,1,1,3,0,36.3,10.9,87.1,40.1,221.5,159,107.5,91.5,7.3,5.6,2.37,4.3,0,0,0,0,0,1,0,0
4028,113,2,2,2,2,1,58,1,0,1,0,1,1,3,0,22.2,6.55,57.9,22.2,162.5,116,100,81,7.8,6.7,3.84,3.33,0,0,0,0,0,0,1,1
4029,113,2,2,2,2,1,54,0,0,1,1,1,1,3,0,17,12.8,60.4,49.4,161,151.5,82.5,84,17.7,13,5.58,2.67,0,0,0,0,0,0,1,1
4030,113,2,2,2,2,1,54,0,0,1,0,1,1,4,0,10.4,9.3,43.5,40.3,128.5,125,76,77,12,6.3,3.44,4.9,1,1,0,0,0,0,1,1
4031,113,2,2,2,2,1,45,1,0,0,0,1,1,3,0,22.9,10.7,73.5,45.5,164,146.5,97.5,84.5,6.8,7.1,5.95,1.9,0,0,1,1,0,0,1,1
4032,113,2,2,2,2,1,50,0,0,1,0,1,1,2,1,11.5,7.19,52.3,38.5,159,134.5,81,85.5,6.3,5.9,0.85,3,0,0,0,0,0,0,1,1
4033,113,2,2,2,2,1,56,0,0,1,0,1,1,3,0,11.7,6.19,46.1,26.3,166.5,143,83.5,86,5.7,5.1,5.79,4.04,0,0,0,0,0,0,0,1
4034,113,2,2,2,2,1,65,1,0,1,0,1,1,2,1,12.1,10.9,25.8,23.2,133.5,132,79.5,77,6.4,5.8,1.24,1.03,0,0,0,0,0,0,1,0
4035,113,2,2,2,2,1,54,0,0,1,0,1,1,4,0,11.4,7.04,48,33,153.5,143.5,83.5,84.5,5.1,5.8,4.22,4.04,1,1,0,0,0,0,0,1
4036,113,2,2,2,2,1,59,0,0,1,0,1,1,3,0,11,6.53,38.7,22.8,156,122.5,87,72,5.1,6,4.24,2.81,0,0,0,0,0,0,1,0
4037,113,2,2,2,2,1,59,1,0,1,0,1,1,4,0,16.1,24.3,41.9,53.8,152,157,93,90,5.2,9.8,3.11,3.11,1,1,0,0,0,0,1,1
4038,113,2,2,2,2,1,58,0,0,1,0,1,1,4,0,14.4,9.09,50.6,34.2,171,144,80.5,89,5.5,4.6,3.39,6.53,1,1,0,0,0,0,1,1
4039,113,2,2,2,2,1,55,1,0,1,0,1,1,3,0,22,16.7,59.6,45.8,161,141.5,81,95.5,5.6,5.5,2.98,4.03,0,0,0,0,0,0,1,0
4040,113,2,2,2,2,1,59,1,0,1,1,1,1,2,1,11.4,6.8,33.9,21.3,148.5,137.5,87,82.5,6.4,6.1,4.12,3.04,0,0,0,0,0,1,1,1
4041,113,2,2,2,2,1,58,0,0,1,0,1,1,4,0,20.6,16.1,62.3,51.1,152,134,83,88,7.3,6.1,3.67,3.6,1,1,0,0,0,0,1,1
4042,113,2,2,2,2,1,65,1,1,1,1,1,1,3,0,11.8,9.68,27.2,22.5,130.5,128.5,63.5,69.5,6.5,6.2,3.72,3.15,0,0,1,1,0,1,1,1
4043,113,2,2,2,2,1,55,0,0,1,0,1,1,4,0,11.8,10.2,47.9,42.2,165.5,151.5,97.5,95,6,5.6,6.9,3.41,1,1,0,0,0,0,1,0
4044,113,2,2,2,2,1,62,1,1,0,0,1,1,2,0,17.8,6.5,51.6,18.3,159,116,97.5,82.5,6.2,5.1,5.35,2.4,0,0,0,0,0,0,0,1
4045,114,1,1,1,1,1,61,1,0,1,1,1,1,2,0,11.9,8.35,37.4,23.4,137,120.5,95,90,4.9,5.7,2.44,2.63,0,0,1,1,0,0,1,1
4046,114,1,1,1,1,1,71,1,0,0,0,1,1,3,0,17.1,17.6,12.5,24,128,140,76,79,5.1,5.8,4.62,3.78,0,0,0,0,1,1,1,1
4047,114,1,1,1,1,1,58,1,0,1,1,1,1,2,0,12.1,16,38.7,48.1,137.5,145.5,86,87,5.1,6.1,3.17,2.06,0,0,0,0,0,0,1,1
4048,114,1,1,1,1,1,63,0,0,1,1,1,1,4,0,16.9,16,40.3,35.3,122,126,65.5,72.5,12.6,6.4,4.84,2.89,1,1,0,0,0,0,1,0
4049,114,1,1,1,1,1,54,0,0,1,1,1,1,4,0,13.9,14.2,54.5,55.4,139,142.5,83,87.5,6.7,6.3,4.95,4.28,1,1,0,0,0,0,1,1
4050,114,1,1,1,1,1,67,1,1,1,1,1,1,4,0,29.4,15.8,65.5,29.5,202.5,142.5,103,89.5,5.5,5.1,2.59,2.23,1,1,1,1,1,1,1,0
4051,114,1,1,1,1,1,59,1,0,1,0,1,1,4,0,16.5,12.2,51.2,37.7,161,135.5,93,89.5,4.7,5.4,2.82,2.18,1,1,0,0,0,0,1,1
4052,114,1,1,1,1,1,50,0,0,1,0,1,1,3,0,10.7,4.05,52,26.3,161,117.5,85.5,78.5,6.2,6,4.7,2.94,0,0,0,0,1,0,1,0
4053,114,1,1,1,1,1,57,0,0,1,1,1,1,3,0,21.3,7.44,65,29.2,161,127.5,71,75.5,7.6,6.7,1.73,2.07,0,0,0,0,0,0,1,1
4054,114,1,1,1,1,1,60,1,0,0,0,1,1,2,0,20.5,7.47,48,17.2,163,138,76.5,78,4.8,5.7,2.84,1.32,0,0,0,0,0,0,1,0
4055,114,1,1,1,1,1,41,0,0,1,1,1,1,4,0,13.4,3.54,66.6,35,194,137.5,125.5,89.5,5.6,5.7,3.55,3.65,1,0,0,0,1,0,1,0
4056,114,1,1,1,1,1,68,0,0,1,0,1,1,3,0,31.9,26,66.4,52.8,191,168,91,84,7.1,7,4.51,3.23,0,1,0,0,0,0,1,0
4057,114,1,1,1,1,1,41,1,0,1,0,1,1,4,0,10.5,3.01,47.3,31.5,147.5,146,99,100.5,6.3,5.4,1.76,1.81,1,1,0,0,0,0,1,1
4058,114,1,1,1,1,1,53,0,0,1,0,1,1,2,0,19.8,6.57,68.6,31.8,168,125.5,104.5,87,12.6,7.4,3.2,2.83,0,0,0,0,0,0,1,0
4059,114,1,1,1,1,1,49,1,0,1,0,1,1,4,0,17.8,13.8,56.7,50.6,162,139,103,89.5,6.2,5.2,1.51,3.32,1,1,1,1,0,0,1,1
4060,114,1,1,1,1,1,44,1,1,0,0,0,1,4,0,17.6,8,61,39.1,157,136.5,105.5,83.5,6.3,5.3,3.09,2.44,1,1,0,0,0,0,0,1
4061,114,1,1,1,1,1,48,1,1,0,0,1,1,3,0,19.2,4.62,63.2,25.1,171,126,109.5,88.5,5.9,6,3.6,1.72,0,0,0,0,0,0,1,0
4062,114,1,1,1,1,1,59,0,0,1,0,1,1,3,0,16,8.41,52.3,29,163.5,126,82.5,76.5,5.2,5.7,2.7,2.18,0,0,0,0,0,0,0,0
4063,114,1,1,1,1,1,71,1,0,1,0,1,1,3,1,16.1,12.4,21.1,13,162.5,137.5,71.5,78.5,5.8,6.2,1.07,1.45,0,0,0,0,1,0,1,0
4064,114,1,1,1,1,1,47,1,0,1,0,1,1,3,0,14.1,11.3,55,48,138.5,131.5,87.5,89.5,6.7,8.1,4.06,3.13,0,0,1,1,0,0,1,1
4065,114,1,1,1,1,1,61,1,0,1,0,1,1,4,0,13.4,10.4,37.5,28.8,146,135.5,101,93.5,6.2,6.8,4.86,2.12,1,1,0,0,0,0,1,0
4066,114,1,1,1,1,1,65,1,0,1,0,1,1,3,0,20.9,12.5,44.6,22.8,165,127,84,85.5,6.8,5.1,2.21,2.1,0,0,1,1,0,0,1,0
4067,114,1,1,1,1,1,60,1,1,1,0,1,1,3,0,13.7,14.3,30.4,30.9,141,134.5,87.5,75,12,5.8,2.31,3.64,0,0,1,1,0,0,0,0
4068,114,1,1,1,1,1,59,0,0,1,0,1,1,3,0,13.9,12.3,42.4,38,133.5,129,70.5,77.5,5.1,5.2,3.03,1.45,0,0,0,0,0,0,1,0
4069,114,1,1,1,1,1,53,1,0,1,0,1,1,4,0,21.4,7.48,61.5,28.5,163,116,96,79,10.3,9,1.64,1.64,1,1,0,0,0,0,1,1
4070,114,1,1,1,1,1,68,0,0,0,0,1,1,3,0,16.4,11.4,36.6,21.6,161,127.5,86.5,79,6.2,6.1,5.29,2.66,0,0,0,0,0,0,1,0
4071,114,1,1,1,1,1,50,1,0,1,0,1,1,3,0,18.1,13.3,61.6,44.9,163.5,155,94.5,93,6.6,4.5,4.84,0.96,0,0,1,0,0,0,1,0
4072,114,1,1,1,1,1,56,1,0,1,0,0,1,4,0,13.6,12.1,42.5,42.2,132,151.5,84.5,92,7.4,5.7,2.88,1.6,1,1,0,0,0,0,1,0
4073,114,1,1,1,1,1,52,0,0,1,0,1,1,4,0,19.1,7.73,69.7,38.6,161,116.5,97,81,14.5,6.1,5.26,2.99,1,1,0,0,0,0,1,0
4074,114,1,1,1,1,1,42,1,1,1,0,1,1,3,0,12.3,5.57,57.6,34.6,143,133,86.5,87,5,5.7,4.68,1.75,0,0,1,1,1,0,1,0
4075,114,1,1,1,1,1,54,0,0,1,0,1,1,3,0,11.8,6.82,49,31.8,161,132.5,91.5,88.5,5.7,5.8,2.33,1.99,0,0,0,0,0,0,0,0
4076,114,1,1,1,1,1,39,1,1,1,0,1,1,4,0,12.8,4.75,60.9,33,142,137.5,81.5,84.5,7,6,5.2,1.87,1,1,1,1,0,0,1,1
4077,114,1,1,1,1,1,60,0,0,1,0,1,1,2,0,10.5,10.4,29.8,28.8,125,124.5,65,71,7,6.8,7.19,1.49,0,0,0,0,0,0,1,0
4078,114,1,1,1,1,1,49,0,0,1,0,1,1,3,0,16.1,9.74,66.4,49.7,165.5,141,91,82,8.3,5.7,2.72,1.54,0,0,0,0,0,0,1,0
4079,114,1,1,1,1,1,47,0,0,1,0,1,1,3,0,11.7,4.54,58.9,34.4,173,145,81,91,6.3,5.6,3.41,1.86,0,1,0,0,0,0,1,0
4080,115,2,2,1,1,2,59,0,0,1,0,1,1,3,0,26.1,19.6,71.2,57.6,182.5,160.5,87,84.5,5.3,6.9,2.74,2.1,0,0,0,0,0,0,1,1
4081,115,2,2,1,1,2,65,0,0,1,1,1,1,3,0,29.6,20.7,65.6,47,177,153,87.5,74.5,7.9,7,4.06,2.56,0,0,0,0,1,1,1,1
4082,115,2,2,1,1,2,46,0,0,1,0,1,1,4,0,10.6,6.73,56.8,43.5,171.5,150,90.5,83,4.8,5.3,3.87,3.09,1,1,0,0,0,0,1,0
4083,115,2,2,1,1,2,68,1,0,1,0,1,1,2,1,13.4,9.01,18.4,11,109,96.5,71,67,14.6,10.2,4.32,3.48,0,0,0,0,1,0,1,0
4084,115,2,2,1,1,2,61,1,0,1,1,1,1,2,1,12.3,,25.9,,133,,76.5,,4.4,,1.88,,0,,1,,0,,1,
4085,115,2,2,1,1,2,68,0,0,1,1,1,1,3,0,14.9,14.2,30.2,28.7,172,171,79,88,4.3,6.2,3.61,2.57,0,0,0,0,0,0,1,1
4086,115,2,2,1,1,2,56,0,0,1,0,1,1,2,0,24.9,15.3,73.8,52.9,178.5,142,87,83.5,12.8,8.5,3.22,3.16,0,0,0,0,0,0,1,0
4087,115,2,2,1,1,2,58,0,0,1,1,1,1,4,0,13.9,7.17,49.1,27.1,161,131,88,77.5,4.4,6.1,2.19,0.76,1,1,0,0,0,0,1,1
4088,115,2,2,1,1,2,66,1,1,1,0,1,1,3,0,13.9,20.6,19.5,24.9,141.5,138.5,89,82,5.4,5.5,3.33,2.79,0,0,0,0,1,0,1,1
4089,115,2,2,1,1,2,54,0,1,1,0,1,1,3,0,11.4,7.36,46.7,32.7,143,121.5,86.5,74,14.4,6.8,5.21,1.91,0,0,0,0,0,0,0,0
4090,115,2,2,1,1,2,60,1,1,1,0,1,1,3,0,16.1,12.1,41.6,32,150.5,141,85.5,83,7.1,7,2.87,2.4,0,0,0,0,0,0,1,1
4091,115,2,2,1,1,2,59,0,0,1,0,1,1,2,0,13.8,7.35,47.9,26.1,180.5,135,87,74,4.2,6.1,2.93,2.69,0,0,0,0,0,0,1,0
4092,115,2,2,1,1,2,53,0,0,1,0,1,1,4,0,12.2,5.76,52.3,29.9,160,133.5,91.5,83.5,6.4,5.8,4.62,4.63,1,1,0,0,0,0,1,1
4093,115,2,2,1,1,2,57,1,0,1,0,1,1,3,0,10.6,3.71,30.8,11.2,142.5,113.5,77.5,71.5,5.6,6.1,2.46,2.21,0,0,0,0,0,0,1,0
4094,115,2,2,1,1,2,57,1,0,1,0,1,1,2,0,15.3,8.04,48.9,27.5,163.5,138.5,93,85,4,5.1,2.39,2.76,0,0,1,0,0,0,1,0
4095,115,2,2,1,1,2,60,0,0,1,0,1,1,2,0,12.5,8.96,39.7,28.7,168,148,89,89,5.4,5.8,4.08,4.65,0,0,0,0,0,0,0,0
4096,115,2,2,1,1,2,71,1,0,1,0,1,1,3,0,27.4,9.78,32.7,8.94,161,121.5,83.5,73,12.1,6.8,3.21,1.24,0,0,0,0,0,0,1,0
4097,115,2,2,1,1,2,72,0,0,1,0,1,1,3,0,18,13.2,32,18.7,161,128.5,73,64,5.1,5.7,2.12,2.15,0,0,0,0,0,0,1,1
4098,115,2,2,1,1,2,55,1,0,1,0,1,1,4,0,11.8,19.6,34.8,51.9,136,152,90.5,83.5,16.8,10.8,1.71,2.55,1,1,0,0,0,0,1,1
4099,115,2,2,1,1,2,60,1,0,1,0,1,1,2,0,10.3,7.98,20.7,17.9,126.5,129,77,71.5,7.4,5.8,4.13,3.56,0,0,0,0,0,0,1,1
4100,115,2,2,1,1,2,45,0,0,1,0,1,1,2,0,10.5,8.54,59,53.4,167,155.5,110.5,94.5,4.9,5.3,2.89,2.71,0,0,0,0,0,0,1,1
4101,115,2,2,1,1,2,54,0,0,1,0,1,1,4,0,12.4,11,49.6,45.5,147,143.5,96,93.5,8.8,8.7,6.23,4.92,1,1,0,0,0,0,1,0
4102,115,2,2,1,1,2,53,0,0,1,0,1,1,4,0,14.5,14.9,57.4,58.7,138.5,158.5,97,99,4.9,8,2.73,3.05,1,1,0,0,0,0,1,0
4103,115,2,2,1,1,2,54,0,0,1,1,1,1,3,0,10.3,8.68,44.1,38.4,159.5,154.5,98.5,96,5.7,6.8,4.16,1.62,0,0,0,0,0,0,1,1
4104,115,2,2,1,1,2,67,1,0,1,1,0,1,3,0,26.2,13.5,43.2,18.2,146.5,126,75.5,77,9.8,6.8,3.91,4.4,0,0,0,0,0,0,1,1
4105,115,2,2,1,1,2,52,1,0,1,0,1,1,3,0,17.5,7.65,54.3,31.8,171,151,109,101,4.7,5.2,2.77,3.9,0,0,0,0,0,0,1,0
4106,115,2,2,1,1,2,48,1,0,1,0,1,1,4,0,22.1,16.7,66,54.9,139,138.5,96,91,5.1,5.2,5.07,3.33,1,1,1,1,0,0,1,0
4107,115,2,2,1,1,2,51,1,1,1,0,1,1,2,1,11.9,6.79,43.5,30.5,135.5,124.5,76.5,77,8.8,5.6,3.6,3.92,0,0,1,1,0,0,1,0
4108,115,2,2,1,1,2,59,1,0,1,1,0,1,2,1,21.8,14.8,53.2,37.5,175.5,157,83,82,4.7,6.3,4.27,2.87,0,0,0,0,1,1,1,1
4109,115,2,2,1,1,2,56,1,0,1,0,1,1,3,0,13.4,9.97,44.3,34.6,143.5,137.5,88.5,89.5,4.9,6.2,2.9,1.88,0,1,0,0,0,0,1,1
4110,115,2,2,1,1,2,53,0,1,1,0,1,1,2,0,14.4,9.85,56.3,43.2,157,147.5,93.5,87.5,5.7,5.6,6.2,2.68,0,0,0,0,0,0,1,1
4111,115,2,2,1,1,2,56,0,0,1,0,1,1,4,0,15.4,8.15,52.9,33.5,153,136,85,81,7.8,6.7,2.59,1.76,1,0,0,0,0,0,1,1
4112,115,2,2,1,1,2,58,0,0,1,0,1,1,2,0,12,6.17,44,22.8,169,137.5,98.5,88,5.3,5.3,5.42,4.74,0,0,0,0,0,0,1,0
4113,115,2,2,1,1,2,69,1,0,1,1,1,1,2,0,18.4,17.6,15.4,13.2,130.5,119,71.5,81,9.3,7,2.55,4.25,0,0,0,0,0,0,1,1
4114,115,2,2,1,1,2,50,0,0,1,0,1,1,4,0,22.1,12.5,76.8,57.2,179,147.5,90.5,85.5,7.8,8,2.54,2.7,1,1,0,0,0,0,0,0
4115,116,1,1,2,2,1,58,0,0,1,1,1,1,4,0,33.3,10.7,83.5,38.6,197,147,98.5,92,7.8,5.8,5.12,1.8,1,1,0,0,0,0,1,0
4116,116,1,1,2,2,1,56,1,0,1,0,1,1,3,0,10.4,11.1,31.6,33.1,134.5,139,91,88.5,6.8,5.8,2.7,1.71,0,0,0,0,1,0,0,0
4117,116,1,1,2,2,1,58,0,0,1,0,1,1,4,0,12.5,8.96,40.3,30,139.5,109.5,77.5,76,17.7,12.1,4.08,4.07,1,1,0,0,0,0,0,0
4118,116,1,1,2,2,1,56,0,0,1,0,1,1,4,0,13.9,11.2,49,40.9,142.5,132,81,85,7.4,7.4,3.65,1.48,1,0,0,0,0,0,1,0
4119,116,1,1,2,2,1,64,1,1,0,1,1,1,3,0,24.9,11,51.6,22.4,170,142.5,83.5,81,10.1,7.6,4.98,1.02,0,0,0,0,0,0,1,0
4120,116,1,1,2,2,1,50,1,0,1,0,1,1,3,0,13.1,6.25,48,30.2,146.5,132.5,91,77.5,7.8,6.1,4.22,4.09,0,0,1,1,0,0,1,1
4121,116,1,1,2,2,1,49,1,1,0,0,1,1,3,0,14.6,3.1,55.6,17.5,131.5,107.5,84.5,68,6.4,5.8,6.16,1.44,0,0,0,0,1,0,1,0
4122,116,1,1,2,2,1,53,0,0,1,0,1,1,2,0,15.2,6.67,57.5,31.7,159.5,148,95,99,10.3,6.1,5.91,1.44,0,0,0,0,0,0,1,0
4123,116,1,1,2,2,1,49,1,0,1,0,1,1,2,0,20.5,5.99,63.4,27.7,162,127,107,88.5,6,5.9,3.51,1.35,0,0,0,0,0,0,1,0
4124,116,1,1,2,2,1,50,1,0,0,0,1,1,3,0,11.6,9.63,39.8,37.3,133,127,85,87,7.5,5.1,1.9,2.57,0,0,0,1,0,0,1,0
4125,116,1,1,2,2,1,61,0,0,0,0,1,1,4,0,12.7,11.5,39.5,35.8,151,142.5,87.5,89,5.3,5.4,2.17,2.94,1,1,0,0,0,1,1,1
4126,116,1,1,2,2,1,64,1,0,1,1,1,1,3,1,26.8,11,44.8,17.2,162,139,85,84,7.4,6.4,3,1.5,0,0,0,0,1,0,1,1
4127,116,1,1,2,2,1,47,1,1,0,0,1,1,3,1,11.5,3.79,45.6,22.4,143,119.5,94.5,81.5,8,5.1,1.61,1.5,0,0,0,1,0,0,0,0
4128,116,1,1,2,2,1,55,1,0,1,0,1,1,4,0,14.1,22,50,66.3,152.5,158.5,95.5,91,4.4,5.9,4.36,4.09,1,1,0,0,1,0,1,0
4129,116,1,1,2,2,1,45,1,0,0,0,1,1,3,0,14.1,8.08,52.7,42,137.5,141.5,89.5,88.5,7.9,10.8,4.33,1.88,0,0,1,1,0,0,1,0
4130,116,1,1,2,2,1,60,0,0,1,0,1,1,4,0,18.2,10.1,56.1,31.6,200.5,146,92,92.5,3.5,6.2,3.64,3.44,1,1,0,0,0,0,1,0
4131,116,1,1,2,2,1,60,0,0,1,0,1,1,4,0,23.5,13.7,64.4,40.2,167.5,133.5,86.5,78.5,5.6,6.9,4.09,1.47,1,0,0,0,0,0,1,0
4132,116,1,1,2,2,1,59,0,0,1,0,1,1,3,0,14,12.4,46.9,38.1,161,123,83.5,74.5,4.4,6.8,2.67,1.65,0,0,0,0,0,0,1,1
4133,116,1,1,2,2,1,60,0,0,0,0,1,1,2,0,11,9.51,35.4,32.1,166.5,149,92,80.5,3.9,5.7,4.97,2.22,0,0,0,0,0,0,0,0
4134,116,1,1,2,2,1,54,0,0,1,0,1,1,3,0,15.6,10,57.6,41.6,151,141,77.5,89,3.8,7.4,4.69,2.1,0,0,0,0,0,0,1,0
4135,116,1,1,2,2,1,55,1,0,1,0,1,1,4,0,25.8,15.5,65,44.8,160.5,131.5,100.5,84.5,8.4,7.4,3.41,3,1,1,1,1,0,0,1,0
4136,116,1,1,2,2,1,50,1,0,1,0,1,1,3,0,11.7,11.6,41.8,41.2,146,149,100.5,94,5.4,5.6,2.26,1.85,0,0,1,1,0,0,1,1
4137,116,1,1,2,2,1,61,1,0,1,0,1,1,3,0,22.3,16.6,43.9,35.3,143,150.5,97,94,8.4,6.3,3.57,1.66,0,0,0,0,0,1,1,0
4138,116,1,1,2,2,1,58,0,0,1,0,1,1,3,0,20,15.4,60.8,49.2,160.5,144,88.5,88.5,10,8.2,3.16,1.84,0,0,0,0,0,0,1,1
4139,116,1,1,2,2,1,57,1,0,1,0,1,1,3,0,14,10.2,46.2,35.5,135,127,86.5,83.5,6.2,5.4,3.91,3.06,0,0,1,1,0,0,1,1
4140,116,1,1,2,2,1,54,0,0,1,0,1,1,3,0,18.9,10.2,65.6,44.1,159,154,90,94,7.4,5.3,4.76,3.62,0,1,0,0,0,0,1,1
4141,116,1,1,2,2,1,66,1,0,0,0,1,1,2,1,26.8,19.7,53.3,35.8,194,162.5,110,92.5,5.6,5.2,2.29,2.13,0,0,0,0,0,0,1,0
4142,116,1,1,2,2,1,57,1,0,1,0,1,1,2,1,17.2,8.25,43.6,25,164,150,113.5,89,8.7,5.7,3.49,2.12,0,0,1,1,0,1,1,1
4143,116,1,1,2,2,1,65,0,1,1,0,0,1,2,0,21.1,16.8,44.9,36.7,165.5,137.5,104,88.5,7.6,8.3,5.26,1.73,0,0,0,0,0,0,1,0
4144,116,1,1,2,2,1,57,1,0,1,0,0,1,2,0,15.2,10.7,48.3,35.2,162.5,134.5,85.5,80.5,6.4,5.7,2.03,2.2,0,0,0,0,0,0,1,1
4145,116,1,1,2,2,1,64,0,0,1,0,1,1,3,0,23.7,15.7,52.4,35,169,124.5,76,69,12.8,10.8,3.19,1.72,0,0,0,0,0,0,1,0
4146,116,1,1,2,2,1,65,0,0,1,1,0,1,3,0,22.7,18.3,46.9,36.7,161,144,81,71.5,9.8,6.6,1.58,1.14,0,0,0,0,0,0,1,0
4147,116,1,1,2,2,1,50,0,1,0,0,1,1,2,0,13.6,5.19,58.7,30.7,161,116,96.5,77,7.1,5.9,4.29,2.4,0,0,0,0,0,0,1,1
4148,116,1,1,2,2,1,60,0,0,0,0,1,1,3,0,22.4,11.6,62.3,38.1,161,148.5,71,88.5,7.2,6.1,5.21,3.43,0,0,0,0,0,0,1,0
4149,116,1,1,2,2,1,54,1,0,1,0,1,1,4,0,10.1,9.37,36.9,33.1,163.5,146.5,99.5,90,6.7,5.9,2.6,1.97,1,1,0,0,0,0,1,1
4150,117,1,1,2,2,1,60,1,0,1,0,1,1,3,0,17.9,8.66,53.8,27.6,149,120.5,92.5,88.5,6.6,5.9,2.71,1.72,0,0,1,1,0,0,1,0
4151,117,1,1,2,2,1,72,1,0,1,0,1,1,3,0,20.7,16.8,22.8,15,162,138,89.5,87.5,4.7,6.1,3.25,3.09,0,0,0,0,0,0,1,1
4152,117,1,1,2,2,1,57,0,0,1,0,1,1,3,0,18.7,16.9,59,54.6,152.5,144.5,86.5,94.5,9.4,8,3.3,2.75,0,1,0,0,0,0,0,0
4153,117,1,1,2,2,1,53,1,1,0,0,1,1,4,0,17.1,11.7,53.6,40.7,148,143.5,96.5,84.5,12.3,5.9,2.71,2.2,1,1,1,1,0,0,1,1
4154,117,1,1,2,2,1,65,1,1,0,0,1,1,3,0,21.6,17.4,29.5,22,149.5,133.5,84,76.5,11.4,7.9,2.31,2.76,0,0,0,0,0,0,1,1
4155,117,1,1,2,2,1,46,0,1,0,0,1,1,3,0,10.2,4.84,60.1,39.3,159,129.5,93,76.5,9.6,5.2,5.9,3.59,0,0,0,0,0,0,0,0
4156,117,1,1,2,2,1,47,0,1,0,0,1,1,4,0,10.3,1.58,57.7,16,161,108,95,77,12,5.4,4.88,2.99,1,1,0,0,0,0,0,0
4157,117,1,1,2,2,1,56,0,1,0,0,1,1,3,0,18.7,5.12,60.8,21.3,153,131,98.5,85,10.6,5.2,6.06,2.17,0,0,0,0,0,0,1,0
4158,117,1,1,2,2,1,36,0,1,0,0,1,1,2,0,10.1,1.35,72.7,28.4,159,135.5,94,81,13,5.01,7.87,1.91,0,0,0,0,0,0,1,1
4159,117,1,1,2,2,1,36,0,1,0,0,1,1,3,0,10.6,1.66,73.3,35.2,160.5,127.5,99.5,79.5,11.2,4.9,9.54,2.83,0,0,0,0,0,0,1,0
4160,117,1,1,2,2,1,37,0,1,0,0,1,1,3,0,10.1,1.39,72.6,27.2,152.5,134,99,73,8.9,4.8,9.48,2.25,0,0,0,0,0,0,1,0
4161,117,1,1,2,2,1,45,0,1,0,0,0,1,2,0,11.2,3.21,62.6,28.7,149,123,99,72,8,4.7,3.02,3.54,0,0,0,0,0,0,0,0
4162,117,1,1,2,2,1,65,0,0,1,0,1,1,2,1,16.5,12.5,38.2,26.9,153.5,131,83,77,6.2,6.8,1.76,1.5,0,0,0,0,0,0,0,0
4163,117,1,1,2,2,1,48,1,0,1,0,1,1,2,0,14.2,8.37,50.2,35.6,142,127,82.5,86.5,9.4,6.7,1.85,2.02,0,0,0,0,1,1,1,1
4164,117,1,1,2,2,1,66,1,0,1,0,1,1,3,0,23.4,11.8,50.8,18.7,174,136,95.5,85,5.8,5.42,2.13,2.07,0,0,0,0,1,1,1,0
4165,117,1,1,2,2,1,69,0,0,1,0,1,1,3,0,15.9,13.2,33.5,24.5,159.5,136,98.5,86,5.6,6.1,1.66,2.76,0,0,0,0,0,0,0,0
4166,117,1,1,2,2,1,61,1,0,1,0,1,1,2,1,54.3,21.8,94.2,52.6,240.5,171.5,113.5,95.5,6,6.1,2.5,1.59,0,0,1,1,0,0,0,0
4167,117,1,1,2,2,1,70,1,1,1,0,1,1,3,0,17.8,8.66,27.4,11.9,149.5,132,83.5,78.5,6.1,5.2,3.17,1.42,0,0,0,0,0,0,0,1
4168,117,1,1,2,2,1,45,1,0,1,0,1,1,3,0,13.6,5.07,53.7,29.2,146,133,81.5,80,7.3,6.01,1.98,1.47,0,0,1,1,0,0,0,0
4169,117,1,1,2,2,1,57,0,0,1,0,1,1,2,0,11.3,10.6,41.8,39.4,174,171,102,97.5,5.9,6.7,2.79,1.33,0,0,0,0,0,0,1,1
4170,117,1,1,2,2,1,58,1,0,1,0,1,1,2,0,28.8,6.21,74.3,20.7,181.5,132,115.5,86,5.3,5.44,3.47,1.93,0,0,0,0,0,0,0,0
4171,117,1,1,2,2,1,51,1,0,1,0,1,1,1,1,21.1,5.3,65.9,25.4,146,133,96.5,93.5,7.5,5.5,5.84,2.07,0,0,0,0,0,0,0,0
4172,117,1,1,2,2,1,56,1,0,1,0,1,1,2,1,11.3,5.47,33.9,17.8,143.5,119,89,88,6.2,6,2.36,1.67,0,0,1,1,0,0,1,0
4173,117,1,1,2,2,1,60,1,1,1,0,1,1,3,0,18.6,6.97,46.5,21.8,136.5,132,82,79.5,8.8,5.4,3.6,1.65,0,0,1,1,0,0,1,0
4174,117,1,1,2,2,1,60,1,0,1,0,1,1,2,0,17.6,14.4,49.4,41.9,143,140,92.5,89.5,9.6,7,2.56,1.55,0,0,1,1,0,0,0,1
4175,117,1,1,2,2,1,63,0,1,1,0,1,1,2,0,14.7,13,34.3,29.5,141,129.5,82.5,72.5,8.5,7.6,2.58,3.22,0,0,0,0,0,0,0,0
4176,117,1,1,2,2,1,62,1,0,1,0,1,1,3,0,21.3,7.98,56.1,25.2,157,134,90,81,8.6,5.2,1.86,0.79,0,0,1,1,1,0,1,0
4177,117,1,1,2,2,1,35,1,1,0,0,1,1,3,0,20.4,5.8,56.3,40.6,144,133,89,83.5,8.2,4.9,1.65,1.98,0,0,1,1,0,0,0,0
4178,117,1,1,2,2,1,57,1,0,1,0,1,1,2,0,18.3,5.35,50.9,16.6,186.5,131,115.5,84.5,4.8,4.84,2.16,0.89,0,0,1,1,0,0,0,0
4179,117,1,1,2,2,1,54,1,0,1,0,1,1,3,0,12.3,8.68,40.8,33.2,137,135,93.5,83,7.1,5.5,2.05,2.41,0,0,1,1,0,0,0,1
4180,117,1,1,2,2,1,54,1,0,1,0,1,1,3,0,12.9,8.94,43.4,34.6,136.5,129,92,72,8.3,5.21,2.66,2.23,0,0,1,1,0,0,0,1
4181,117,1,1,2,2,1,65,0,0,1,0,1,1,3,0,14,9.97,25.9,21.1,122,133,70.5,73,7.6,6.4,3.73,3.18,0,0,0,0,0,0,1,0
4182,117,1,1,2,2,1,65,1,0,1,0,1,1,2,0,16.4,12.3,29.8,27.2,137.5,149.5,81,81.5,8.1,4.6,2.13,2.11,0,0,0,0,0,0,0,0
4183,117,1,1,2,2,1,50,0,0,1,0,1,1,2,0,10.8,5.95,52.8,35.5,156.5,151.5,92,94.5,8.9,6.1,2.74,3.27,0,0,0,0,0,0,1,1
4184,117,1,1,2,2,1,61,1,0,1,0,1,1,2,1,43.6,14,88.3,38,189,133,94,83,9.6,5.7,2.39,1.88,0,0,1,1,1,0,1,1
4185,118,2,1,1,2,1,68,1,0,1,1,0,1,3,0,21.7,15.2,53.1,35.8,159.5,136,91.5,82,10.4,4.6,4.5,1.82,0,0,1,1,1,0,1,1
4186,118,2,1,1,2,1,54,1,0,1,0,1,1,2,0,38.2,5.76,80.2,21.2,151,117,99.5,87.5,8.9,6.6,6.46,2.61,0,0,0,0,0,0,0,0
4187,118,2,1,1,2,1,58,1,0,1,1,1,1,3,0,30.4,10.2,62.9,28.1,143.5,135.5,91,86,8.9,5.19,6.79,2.61,0,0,1,1,0,0,1,0
4188,118,2,1,1,2,1,38,0,1,0,0,1,1,3,0,12.6,0.68,74.6,16.6,165.5,114,106,75,13.3,5.1,7.07,3.71,0,0,0,0,0,0,1,1
4189,118,2,1,1,2,1,55,1,1,0,0,1,1,4,0,10.2,9.33,34.5,32.1,149,156,89,94.5,6.1,5.47,3.5,2.95,1,1,0,0,0,0,1,0
4190,118,2,1,1,2,1,58,0,0,1,0,1,1,3,0,14.6,6.34,46,22.7,149.5,128,94,80.5,7.8,4.81,4.37,2.71,0,0,0,0,0,0,1,0
4191,118,2,1,1,2,1,53,0,1,0,0,0,1,3,0,15.6,8.97,59.4,40.2,156,137.5,99.5,86,8.9,5.18,3.46,2.33,0,0,0,0,0,0,1,1
4192,118,2,1,1,2,1,57,1,1,0,0,1,1,3,1,19.8,21.4,53.2,55.7,147.5,136.5,91.5,88,12.9,5.5,2.22,3.9,0,0,0,0,0,0,1,0
4193,118,2,1,1,2,1,38,1,1,0,0,0,1,4,0,11,3.46,55,29.3,150,128,86,87,5.5,5.8,3.79,2.13,1,1,1,1,0,0,0,0
4194,118,2,1,1,2,1,42,1,1,0,0,1,1,4,0,12,3.08,61.6,27.2,150,134,85.5,82.5,10.2,4.91,5.47,2.17,1,1,1,1,0,0,1,1
4195,118,2,1,1,2,1,38,1,1,0,0,1,1,4,0,18.9,6.1,72,41.3,151,137,89,77.5,11.1,5.14,5.61,2.8,1,1,1,1,0,0,1,1
4196,118,2,1,1,2,1,48,0,0,1,0,1,1,3,0,12.8,4.41,61.4,31.4,150,144,106,90.5,12.1,4.62,7.84,3.17,0,0,0,0,0,0,1,0
4197,118,2,1,1,2,1,41,0,1,0,0,1,1,4,0,11.8,2.11,69.4,28.4,158,135,97,88,11,5.81,7.79,2.54,1,0,0,0,0,0,0,0
4198,118,2,1,1,2,1,40,1,1,0,0,1,1,2,1,14.8,2.63,69.1,26.4,153,129,94,76,10.7,5.37,5.74,2.99,0,0,0,0,0,0,1,0
4199,118,2,1,1,2,1,37,0,1,0,0,1,1,3,0,11.5,1,75.2,22.6,160,125.5,100.5,76.5,9.7,5.57,7.98,1.32,0,0,0,0,0,0,1,1
4200,118,2,1,1,2,1,41,0,1,0,0,1,1,3,0,10,1.31,63.1,20.9,159,121,98.5,82.5,8.8,5,5.2,1.91,0,0,0,0,0,0,0,1
4201,118,2,1,1,2,1,52,1,1,0,0,1,1,3,0,34.9,10.4,80.6,41.3,150,145,106,95,9.4,5.7,5.75,2.23,0,0,1,1,0,0,1,0
4202,118,2,1,1,2,1,50,1,0,1,0,1,1,2,0,16.1,4.36,54.4,22.6,146.5,115.5,76.5,80.5,8.9,5.76,1.91,1.78,0,0,1,1,0,0,1,0
4203,118,2,1,1,2,1,46,0,0,0,0,1,1,4,0,13.7,10.8,70.7,59.7,164,146,105.5,97,10.2,7.8,6.95,3.01,1,1,0,0,0,0,0,0
4204,118,2,1,1,2,1,45,1,1,0,0,1,1,2,1,22.1,3.37,66.1,22.8,165.5,116,89.5,73.5,7.1,5.4,1.71,2.89,0,0,1,1,0,0,1,1
4205,118,2,1,1,2,1,58,1,0,1,0,1,1,4,0,17.1,8.25,43.8,23.9,144.5,120.5,70,78,8.6,5.6,1.67,1.74,1,1,1,1,0,0,1,1
4206,118,2,1,1,2,1,53,0,0,1,0,1,1,2,0,13.7,4.04,54.5,21.3,153,135,100,82,8.6,5.4,7.37,2.29,0,0,0,0,0,0,0,0
4207,118,2,1,1,2,1,62,0,0,1,0,1,1,2,1,11.6,7.39,31.1,21.7,134,129.5,82.5,86,7.2,5.1,1.58,2.35,0,0,0,0,0,0,1,0
4208,118,2,1,1,2,1,57,1,1,1,0,1,1,4,0,14.4,8.22,44,29,144,133.5,96,87,8.1,6.2,2.06,1.88,1,1,1,1,0,0,0,1
4209,118,2,1,1,2,1,53,0,1,1,0,1,1,4,0,12.8,7.99,52.8,38.1,136,158.5,89,101.5,9.3,5.6,2.47,2.63,1,1,0,0,0,0,1,1
4210,118,2,1,1,2,1,55,1,0,1,0,1,1,4,0,10,5.19,31,18.7,129,120.5,96.5,73,7.4,5.7,1.94,1.58,1,1,0,0,0,0,1,0
4211,118,2,1,1,2,1,44,1,0,1,0,1,1,4,0,14.1,4.99,54.1,31.9,119.5,118,79,83,8.3,5.1,5.52,1.86,1,1,1,1,0,0,1,0
4212,118,2,1,1,2,1,49,0,0,1,0,1,1,4,0,15.4,4.52,66.5,30.3,154,123.5,83.5,79.5,8.7,6.2,2.53,2.93,1,1,0,0,0,0,1,1
4213,118,2,1,1,2,1,66,1,0,1,0,1,1,2,1,42.8,13.6,65,22.5,150,122.5,96.5,90.5,8.1,6.2,4.49,1.84,0,0,1,1,0,0,1,1
4214,118,2,1,1,2,1,37,0,1,1,0,1,1,2,0,10.7,1.43,71.5,24.9,161,120.5,91,70,9.1,4.9,4,1.67,0,0,0,0,0,0,1,0
4215,118,2,1,1,2,1,57,0,0,1,0,1,1,2,1,11,2.97,37.5,11.6,144.5,114,73.5,75,8.9,5.9,2.46,1.31,0,0,0,0,0,0,1,1
4216,118,2,1,1,2,1,48,0,0,0,0,1,1,3,0,14.1,6.97,62.9,42.7,166,169,99,98.5,7.7,5.6,3.92,4.84,0,0,0,0,0,0,0,0
4217,118,2,1,1,2,1,54,1,0,1,0,1,1,2,0,31.8,7.46,72.5,25.7,153,126,99.5,91.5,10.1,5.7,5.81,1.73,0,0,0,0,0,0,0,0
4218,118,2,1,1,2,1,36,1,1,0,0,1,1,3,1,17.2,2.18,70.2,25.2,147,117,103,76.5,9.1,5.4,4,1.77,0,0,0,0,0,0,0,1
4219,118,2,1,1,2,1,46,1,1,1,0,1,1,2,0,10.5,3.43,54.5,25.7,144,136.5,91,85.5,9.1,5.74,6.06,2.85,0,0,0,0,0,0,0,1
4220,119,1,1,1,2,1,49,1,0,1,0,1,1,3,0,15.4,9.55,54.6,38.2,148,146.5,104.5,97.5,5.6,4.89,2.84,1.2,0,1,0,0,0,0,1,1
4221,119,1,1,1,2,1,57,1,0,0,0,1,1,2,1,11,10.7,30.9,30.9,125,130,78,75.5,8.4,6.2,2.52,2.14,0,0,0,0,0,0,1,1
4222,119,1,1,1,2,1,55,1,0,1,0,1,1,4,0,35.1,15,84.4,50.6,176,134.5,107.5,89,5.8,5.7,4.45,3.54,1,1,0,0,0,0,0,0
4223,119,1,1,1,2,1,54,1,0,1,0,1,1,4,0,34.6,7.63,76.1,25.4,144.5,118.5,96.5,83.5,7,6.64,6.3,1.93,1,0,1,1,0,0,0,1
4224,119,1,1,1,2,1,59,0,0,1,0,1,1,3,0,10.4,8.55,36.1,30.3,150,143,91,92.5,5.7,6,5.78,2.46,0,0,0,0,1,0,1,1
4225,119,1,1,1,2,1,63,1,0,1,1,1,1,3,0,25.5,10.5,50.4,22.8,156,131.5,91,86,11.8,5.3,2.51,1.55,0,0,1,1,0,1,1,0
4226,119,1,1,1,2,1,63,1,0,1,0,1,1,3,0,11,7.64,30.4,19.4,143,122,96.5,86.5,5.8,6.2,1.89,1.44,0,0,0,0,0,0,1,0
4227,119,1,1,1,2,1,67,1,0,1,1,1,1,4,0,28.4,18.1,41.8,25.8,152,140,97.5,87,7.3,5.14,3.66,1.91,1,1,0,0,0,0,1,0
4228,119,1,1,1,2,1,55,1,0,1,0,1,1,3,1,12.6,14,39.2,46,132.5,137.5,90.5,97,7.1,5.6,1.57,2.01,0,0,0,0,0,0,0,1
4229,119,1,1,1,2,1,67,1,0,1,1,1,1,2,0,15.7,9.56,29.7,16.6,146.5,130,79,82.5,6.7,5.6,2.41,1.16,0,0,1,1,0,0,1,0
4230,119,1,1,1,2,1,44,1,1,0,0,1,1,4,0,47.1,6.82,90.4,37.2,153,139,98,84.5,8.9,6.1,7.07,1.94,1,1,1,1,0,0,1,0
4231,119,1,1,1,2,1,45,0,1,1,0,1,1,3,0,11.6,2.16,61.8,22.1,160.5,130,95,81,12.3,5.24,4.28,0.83,0,0,0,0,0,0,1,1
4232,119,1,1,1,2,1,62,0,0,0,0,1,1,3,0,21.7,8.82,52.7,23.5,160,133.5,88,85,7.3,6,3.82,1.71,0,0,0,0,0,0,1,0
4233,119,1,1,1,2,1,63,1,0,1,0,1,1,3,0,30.3,11.6,71.7,26.9,167,110.5,98,79,14.7,9.7,3.2,1.84,0,0,1,1,0,0,1,1
4234,119,1,1,1,2,1,53,1,1,1,0,0,1,3,0,26.1,5.58,72.1,24,151,110,99.5,78.5,7.7,5.9,6.81,3.45,0,0,0,0,0,0,0,0
4235,119,1,1,1,2,1,55,1,0,1,0,1,1,2,0,12.4,6.7,43.1,25.6,129.5,126,91,94,6.2,5.9,4.6,1.89,0,0,0,0,0,0,0,1
4236,119,1,1,1,2,1,68,1,0,1,0,1,1,3,0,12.1,8.5,35.2,23.1,155,139,77,77.5,5.9,5.12,1.46,1.23,0,0,1,1,0,0,1,0
4237,119,1,1,1,2,1,54,1,0,1,0,1,1,4,0,25.5,8.84,67.3,33,145.5,112.5,93.5,85,7.4,6.7,2.99,2.05,1,1,1,1,0,0,0,0
4238,119,1,1,1,2,1,55,0,0,1,0,1,1,3,1,15.9,5.87,55.6,25.9,157.5,131,90.5,81.5,7.4,6.3,2.56,1.8,0,0,0,0,0,0,1,0
4239,119,1,1,1,2,1,51,0,0,0,0,1,1,3,0,16.2,3.67,63.5,21.9,164.5,118.5,99,86,7.3,5.3,3.38,1.72,0,0,0,0,0,0,1,0
4240,119,1,1,1,2,1,51,1,0,1,0,1,1,4,0,10.6,7.61,41,32.1,148,137.5,92,98.5,7.5,6.2,2.72,1.84,1,1,0,0,0,0,0,0
4241,119,1,1,1,2,1,71,1,0,0,0,1,1,3,1,28.2,11.1,36.8,11.7,153,116.5,89,78,7.3,6,3,2.8,0,0,1,1,0,0,1,1
4242,119,1,1,1,2,1,63,1,0,1,0,1,1,3,0,15.5,13.7,32,33.1,137.5,154,69.5,99.5,7.2,5.9,3.05,1.86,0,0,0,0,0,0,1,1
4243,119,1,1,1,2,1,52,0,0,1,0,1,1,3,0,10.3,8.55,46.4,40.6,165,154,87,99.5,5.7,6.6,3.02,2.25,0,0,0,0,0,0,1,1
4244,119,1,1,1,2,1,43,1,0,1,0,1,1,3,0,15.2,7.98,58.7,38.8,144.5,136,88,83,5.8,5.12,4.17,2.11,0,0,0,0,0,0,0,0
4245,119,1,1,1,2,1,61,0,0,1,0,1,1,2,1,10.2,7.69,33,23.6,156,129,90.5,77.5,6.4,5.9,2.27,1.66,0,0,0,0,0,0,1,0
4246,119,1,1,1,2,1,42,1,0,1,0,1,1,4,0,10.2,11.2,52.6,53.9,130.5,135.5,97.5,100.5,16.6,13.6,4.87,3.67,1,1,0,1,0,0,1,0
4247,119,1,1,1,2,1,70,1,0,1,0,1,1,2,0,16.7,16.4,20,19.3,150,148,94,94,5.9,6.1,1.61,1.7,0,0,1,1,1,1,0,0
4248,119,1,1,1,2,1,57,1,0,1,0,1,1,4,0,15.1,6.77,41.6,22.8,139.5,133.5,84.5,88.5,10.2,5.1,2.15,1.47,1,1,1,1,0,0,1,0
4249,119,1,1,1,2,1,53,1,0,1,0,1,1,2,0,11.2,4.54,42.3,19.9,141,120.5,97.5,92,5.7,5.8,4.32,1.41,0,0,1,1,0,0,1,0
4250,119,1,1,1,2,1,65,0,0,1,0,1,1,2,0,25.5,12.6,56.3,32.6,163,158.5,96.5,88,7.1,5.2,7.31,2.47,0,0,0,0,0,0,0,1
4251,119,1,1,1,2,1,55,0,0,1,0,1,1,3,0,12.8,7.23,47.7,31.1,145.5,139,83,91.5,16.3,5.9,3.2,1.75,0,0,0,0,0,0,1,0
4252,119,1,1,1,2,1,60,0,1,1,0,1,1,2,1,16.3,6.85,46.7,22.5,146.5,130.5,95.5,81,7.6,5.4,6.87,1.99,0,0,0,0,0,0,0,1
4253,119,1,1,1,2,1,47,1,0,1,0,0,1,3,0,31,2.68,80.6,19.2,144,118.5,95.5,81,7.6,4.3,6.28,1.87,0,0,0,0,0,0,1,1
4254,119,1,1,1,2,1,45,1,0,1,0,1,1,4,0,25,6.15,78.6,36.5,146,130,95,89,7.3,5.9,6.32,2.31,1,1,0,0,0,0,0,1
4255,120,2,1,1,1,1,55,0,0,1,1,1,1,3,0,21.7,11.9,68.4,44.9,176.5,137,106.5,81,9.2,7.7,1.98,1.66,0,0,0,0,0,0,0,0
4256,120,2,1,1,1,1,68,1,0,1,0,1,1,4,0,14.2,20.8,25.2,25.1,138.5,133,87.5,75.5,5.6,6.1,2.4,4.24,1,1,1,1,0,0,1,1
4257,120,2,1,1,1,1,55,1,0,1,0,0,1,4,0,20.7,14,63.7,46.3,164.5,142,103.5,89,5.8,8.5,2.07,2.76,1,1,1,1,0,1,1,1
4258,120,2,1,1,1,1,56,0,0,0,1,1,1,4,0,23.3,11.6,73.7,45,197.5,150,99,87,5.1,5.2,5.31,1.96,1,1,0,0,0,0,0,1
4259,120,2,1,1,1,1,65,0,0,0,0,1,1,2,1,11.9,8,28.2,16.9,165.5,132,81,84,5.8,5.7,3.93,5.18,0,0,0,0,0,1,0,0
4260,120,2,1,1,1,1,70,0,0,0,0,1,1,4,0,12.8,12.7,18.7,22.5,137,138,89.5,79,5.2,5.8,3.75,1.7,1,1,0,0,1,0,0,0
4261,120,2,1,1,1,1,61,0,0,0,0,1,1,2,1,10.1,14.7,32.4,41,156,142,84.5,72.5,5.9,6.6,1.83,3.37,0,0,0,0,1,0,0,0
4262,120,2,1,1,1,1,51,1,0,1,0,1,1,4,0,19.3,11.4,57.7,40.7,150,128.5,79.5,75.5,7.2,7.6,1.69,1.63,1,1,1,1,0,0,1,1
4263,120,2,1,1,1,1,54,1,0,0,0,1,1,4,0,10.8,10.7,38,35.4,144,131,91,70,6.4,5.8,3.51,4.65,1,1,1,1,0,0,0,1
4264,120,2,1,1,1,1,68,0,0,0,0,1,1,4,0,12.3,18.4,20.3,26.9,133.5,126,87,78.5,5.9,6.1,2.59,2.13,1,1,0,0,0,0,0,0
4265,120,2,1,1,1,1,69,0,0,0,1,1,1,3,0,15.5,20.9,27,30.5,153.5,136,97,82,6.3,6.2,3.97,3.55,0,0,0,0,1,0,1,1
4266,120,2,1,1,1,1,39,0,0,0,0,1,1,3,0,10,2.01,67.2,32.2,157.5,126,98.5,75,9.2,5.4,7.47,2.35,0,0,0,0,0,0,0,0
4267,120,2,1,1,1,1,41,0,1,0,0,1,1,4,0,10.2,2.12,65.2,31.6,153.5,116,97,78,7.2,5.8,3.88,3.15,1,1,0,0,0,0,0,0
4268,120,2,1,1,1,1,53,1,1,1,0,1,1,2,0,10.2,6.07,36.1,22.1,153,112,97,73,6.8,5.6,1.75,2.38,0,0,1,1,0,0,0,0
4269,120,2,1,1,1,1,52,0,1,0,0,1,1,3,0,14.8,5.84,59,30.6,151,123,91,71,7.2,6.1,7.67,2.88,0,0,0,0,0,0,0,1
4270,120,2,1,1,1,1,39,0,1,0,0,1,1,3,0,10.3,2.03,67.2,34.4,160,121.5,99,81.5,8.64,5.1,4.87,3.95,0,0,0,0,0,0,1,1
4271,120,2,1,1,1,1,64,0,0,0,0,1,1,3,0,11.4,17.2,30.7,37.4,150.5,148.5,97,87.5,6.3,6.9,1.85,3.75,0,0,0,0,1,0,1,0
4272,120,2,1,1,1,1,60,1,1,0,0,1,1,3,0,13.3,17.8,30.2,41.8,144,150,96.5,93,5.9,5.7,4.32,4.96,0,0,0,0,0,1,0,0
4273,120,2,1,1,1,1,52,0,0,1,0,1,1,4,0,15.2,9.34,60.7,43.8,168.5,141,91,84,8.5,5.2,2.9,1.5,1,1,0,0,0,0,1,1
4274,120,2,1,1,1,1,59,0,0,0,0,1,1,3,0,11.4,16.2,39.5,48.5,155.5,140,82,87,6.4,5.4,4.42,3.96,0,0,0,0,0,1,0,0
4275,120,2,1,1,1,1,61,1,1,0,0,1,1,2,0,15.5,8.85,35,19.1,149,120,96,80,4.9,5.4,2.44,2.74,0,0,1,1,0,1,0,1
4276,120,2,1,1,1,1,59,0,0,0,0,1,1,2,1,10.7,10.2,37.9,31,167.5,137,96,84,5.4,5.4,3.32,1.48,0,0,0,0,0,1,0,1
4277,120,2,1,1,1,1,61,0,0,0,0,1,1,3,0,10.6,10.2,31.1,25.6,147,113,73.5,74,6.2,7.3,3.79,2.26,0,0,0,0,0,0,0,1
4278,120,2,1,1,1,1,60,0,0,0,0,1,1,4,0,10.4,13.8,32.2,37.9,144,128.5,80.5,87,5.7,6.8,3.41,4.23,1,1,0,0,1,1,1,0
4279,120,2,1,1,1,1,44,1,0,1,0,1,1,4,0,12.1,7.3,50.2,44.4,134.5,134,95,99,8.7,7.9,2.47,3.74,1,1,0,0,0,0,1,1
4280,120,2,1,1,1,1,67,0,0,0,0,1,1,3,0,16,12.8,31.8,24.1,162,145,89,83,5.4,5.7,1.68,2.49,0,0,0,0,0,1,0,0
4281,120,2,1,1,1,1,47,0,0,0,0,1,1,2,0,10.6,3.47,56.4,29.7,146.5,115,90,72,6.9,5.2,3.05,5.54,0,0,0,0,1,0,1,1
4282,120,2,1,1,1,1,50,0,0,1,0,1,1,4,0,11.1,13.7,54,65.2,154.5,130.5,75.5,77.5,6.2,6.4,3.12,2.64,1,1,0,1,0,0,1,1
4283,120,2,1,1,1,1,43,0,1,0,0,1,1,1,1,10.9,0.97,62.2,15.1,157.5,96.5,93,58.5,6.8,5.4,3.75,1.58,0,0,0,0,0,0,1,0
4284,120,2,1,1,1,1,44,0,1,0,0,1,1,3,0,11.3,6.46,63.3,48,154.5,131,97.5,75,7.2,5.3,4.39,3.87,0,0,0,0,0,0,0,0
4285,120,2,1,1,1,1,55,1,0,1,0,1,1,4,0,11.6,17.4,43.2,56.7,153.5,153,93,90.5,5.8,5.4,1.91,1.86,1,1,1,1,1,1,1,1
4286,120,2,1,1,1,1,55,0,1,0,0,1,1,3,0,15,8.82,53.7,35.2,150.5,132.5,84.5,76,7.2,5.4,2.54,3.2,0,0,0,0,0,1,0,0
4287,120,2,1,1,1,1,67,0,0,0,0,1,1,3,0,10.3,20.2,20.4,38.4,125,137,80,77,5.8,6.6,3.23,4.93,0,0,0,0,0,1,0,1
4288,120,2,1,1,1,1,48,0,0,0,0,1,1,3,0,12.5,12.1,59.3,58.4,153.5,151.5,93,96,7.7,6.2,1.88,1.71,0,0,0,0,1,1,0,0
4289,120,2,1,1,1,1,50,1,1,0,0,1,1,3,0,14.7,14.1,51.1,50.7,146,134,92,84,7.1,5.2,2.72,2.76,0,0,1,1,0,0,1,0
4290,121,1,1,2,1,1,64,0,1,1,1,1,1,3,0,23.2,15.2,54.2,33.4,155,119.5,77.5,71,6.6,9.7,1.61,1.61,0,0,0,0,0,0,1,1
4291,121,1,1,2,1,1,63,0,0,1,0,1,1,3,0,23.5,14.9,56.5,35.6,150.5,123,93,73,10.8,7.1,2.05,2.14,0,0,0,0,0,0,1,0
4292,121,1,1,2,1,1,55,1,0,0,0,1,1,3,0,13.5,5.85,41.7,20.2,157.5,124,91,85.5,6.4,5.4,1.64,1.45,0,0,0,0,1,0,0,0
4293,121,1,1,2,1,1,55,0,0,1,1,1,1,4,0,11.2,5.66,45.2,25.4,164,128,88.5,84.5,6.7,5.6,2.43,2.26,1,1,0,0,0,0,0,1
4294,121,1,1,2,1,1,49,0,1,0,0,1,1,4,0,18.1,6.37,71.8,38.7,161,120.5,99,71,9.5,5.7,3.79,3.33,1,1,0,0,0,0,1,0
4295,121,1,1,2,1,1,60,1,0,1,1,1,1,3,0,27.8,10.8,58.4,26.5,155.5,127.5,85,81.5,7.5,5.8,2.66,2.21,0,0,1,1,0,0,1,1
4296,121,1,1,2,1,1,52,0,0,0,0,1,1,3,0,13.6,5.58,56.2,29.6,143.5,131,99.5,88.5,8.3,5.2,1.61,1.78,0,0,0,0,0,0,0,0
4297,121,1,1,2,1,1,64,0,0,0,1,1,1,3,0,18,17,40.9,39.2,130.5,133,88.5,85.5,7.1,7.2,1.81,3.74,0,0,0,0,0,0,0,0
4298,121,1,1,2,1,1,53,0,0,1,0,1,1,2,0,12.7,4.02,51.1,20.9,147.5,123.5,94,79.5,8.6,6.8,2.47,2.83,0,0,0,0,0,0,1,0
4299,121,1,1,2,1,1,65,1,1,1,0,1,1,3,0,17.6,11.2,35.7,18.4,165,124,86,74,5.3,6.7,1.67,2.62,0,0,0,0,0,0,1,0
4300,121,1,1,2,1,1,65,1,0,0,0,0,1,4,0,19,15.4,46.3,38,161,156,97,86.5,6.8,6.2,1.62,1.25,1,1,0,0,0,1,1,0
4301,121,1,1,2,1,1,48,0,0,1,0,1,1,2,1,10.8,3.39,52.5,23.8,161,128,94,87,9.1,5.6,4.04,2.95,0,0,0,0,0,0,1,0
4302,121,1,1,2,1,1,54,1,0,1,0,1,1,2,0,20.9,7.24,55.8,24.8,165,134.5,87,89.5,5.3,6.1,2.43,2.84,0,0,0,0,0,0,1,0
4303,121,1,1,2,1,1,53,0,0,1,0,1,1,2,0,10.7,3.79,46.6,20.2,166.5,114.5,93,79,5.4,5.3,2.41,3.52,0,0,0,0,0,0,1,0
4304,121,1,1,2,1,1,52,0,0,1,0,1,1,3,0,19.6,15.1,69.1,59.7,165,149.5,107,94,8.3,9.7,2.11,3.8,0,0,0,0,0,0,1,1
4305,121,1,1,2,1,1,54,0,1,1,0,1,1,3,0,21.2,11.5,69.1,45.7,177,143,93.5,84.5,8.3,8.7,1.7,1.65,0,0,0,0,0,0,0,1
4306,121,1,1,2,1,1,55,1,0,1,0,1,1,4,0,12.6,8.7,40.6,29.6,155.5,136,83,90,4.9,5.5,1.72,2.02,1,1,0,0,0,0,1,0
4307,121,1,1,2,1,1,60,0,0,0,1,0,1,3,0,10.1,6.01,33.4,20.3,147,128.5,78.5,79,6.6,5.5,3.53,3.2,0,0,0,0,0,0,1,0
4308,121,1,1,2,1,1,59,1,0,1,0,1,1,3,0,20.8,13,47.2,29.4,165.5,133,86.5,74,7.2,7.4,2.05,1.56,0,0,0,0,0,0,0,0
4309,121,1,1,2,1,1,50,1,0,0,0,1,1,3,0,13.9,8.32,47.6,33.7,147.5,123.5,94.5,86,14.7,12.5,1.76,1.88,0,0,0,0,0,0,1,1
4310,121,1,1,2,1,1,54,0,0,1,1,0,1,2,1,11.2,5,44.6,23.8,153,141.5,95,81,8,6.1,1.76,1.72,0,0,0,0,0,0,1,0
4311,121,1,1,2,1,1,59,0,0,0,1,1,1,3,0,17.7,12.6,53.4,39.8,155,137.5,85.5,85.5,7.1,7.6,4.45,2.69,0,0,0,0,1,0,1,0
4312,121,1,1,2,1,1,57,1,0,1,0,1,1,3,0,16.5,5.7,51.6,20.2,147,117,82,77,5.9,6.2,2.24,2.22,0,0,1,1,0,0,0,1
4313,121,1,1,2,1,1,59,0,0,0,0,1,1,4,0,17.2,8.29,51.4,28.9,144,134.5,90.5,82,8.1,6.2,3.59,2.99,1,1,0,0,0,0,1,1
4314,121,1,1,2,1,1,37,1,0,0,0,1,1,3,0,13.3,4,61.4,39.8,162,130,98,89,7.3,6.1,1.78,3.6,0,0,0,0,0,0,1,0
4315,121,1,1,2,1,1,56,0,0,1,0,1,1,4,0,11.6,6.73,44.9,28.2,160.5,131,95.5,75,5.2,4.9,2.36,3.77,1,1,0,0,0,0,1,0
4316,121,1,1,2,1,1,52,1,0,1,0,1,1,2,1,30.3,9.85,71.2,33.6,179.5,135,101,81.5,6.2,4.6,2.41,2.91,0,0,0,0,0,0,0,0
4317,121,1,1,2,1,1,60,0,0,1,0,1,1,4,0,11.1,8.76,36.3,29,146,134.5,86.5,74,6.4,6.9,3.12,3.72,1,1,0,0,0,0,1,0
4318,121,1,1,2,1,1,56,1,0,1,1,0,1,3,0,14.6,11,42.6,32.8,143.5,131.5,85.5,71,5.5,4.7,2.35,3.98,0,0,1,0,0,0,1,0
4319,121,1,1,2,1,1,51,1,0,1,0,1,1,2,1,12,4.27,42.6,19.7,164,123.5,95,90.5,8.3,8.8,1.49,1.43,0,0,0,0,0,1,1,1
4320,121,1,1,2,1,1,54,0,0,1,0,1,1,2,1,15.3,5.62,56,25.2,163,116.5,103.5,76.5,7.8,7,3.39,2.97,0,0,0,0,0,0,1,0
4321,121,1,1,2,1,1,55,0,0,1,0,1,1,3,0,11.3,5.35,43.7,24.2,141,125.5,86.5,79,8.9,6.4,5.45,3.62,0,0,0,0,0,0,1,0
4322,121,1,1,2,1,1,50,1,0,1,0,1,1,4,0,11,4.15,41.6,20.4,155.5,128.5,93,71,5.9,5.2,1.59,1.9,1,1,0,0,0,1,1,1
4323,121,1,1,2,1,1,51,0,0,1,0,1,1,3,0,15.7,5.8,62.8,31.7,160,133.5,89,74.5,8.2,7,2.87,2.81,0,0,0,0,0,0,1,0
4324,122,2,2,2,2,1,64,1,0,1,1,1,1,4,0,25.8,19.9,44.4,33.7,151,139.5,89.5,87,9.4,4.8,2.44,3.11,1,0,0,0,0,0,0,0
4325,122,2,2,2,2,1,58,1,0,1,1,1,1,4,0,23.3,19.6,59.3,53.6,170.5,157.5,118,91,6.4,4.3,2.07,2.35,1,1,0,0,0,0,0,0
4326,122,2,2,2,2,1,58,0,0,1,0,1,1,4,0,22.9,17.6,66.1,54.8,152,147,86.5,93,11.2,7.3,2.66,1.85,1,1,0,0,0,0,0,0
4327,122,2,2,2,2,1,55,1,0,1,0,1,1,3,0,29.4,18.1,68.5,47.9,161,138,105.5,97.5,10.4,10.7,1.96,1.84,0,0,1,1,0,0,1,1
4328,122,2,2,2,2,1,50,1,0,1,0,1,1,3,0,12.4,6.75,48.6,33.2,149,120,97,87.5,6.1,6.2,1.96,4.09,0,0,1,1,0,0,1,0
4329,122,2,2,2,2,1,60,0,1,0,0,0,1,4,0,12.6,14.6,41.4,46.9,154,160,91,101,6.3,5,4.39,1.66,1,1,0,0,0,0,1,1
4330,122,2,2,2,2,1,50,0,0,1,0,1,1,4,0,14.9,3.21,63.3,21.5,153,111.5,95,71.5,8.9,6.4,4.35,1.08,1,1,0,0,0,0,1,0
4331,122,2,2,2,2,1,57,1,1,1,0,1,1,3,0,22.4,5.84,57.1,18,153,128.5,89,74,6.1,5.2,3.69,1.5,0,0,1,1,0,0,1,1
4332,122,2,2,2,2,1,48,1,0,1,0,1,1,3,0,19.9,6.42,58.1,29.6,153,128,99.5,85,7.3,7.5,1.65,1.57,0,0,0,0,0,0,0,0
4333,122,2,2,2,2,1,54,1,0,1,0,1,1,4,0,28.3,7.52,67.9,26.7,154,132.5,91,72.5,8.3,5.7,3.21,2.16,1,1,1,1,0,0,1,1
4334,122,2,2,2,2,1,59,1,0,1,0,1,1,4,0,27.1,16,75.3,50.7,184,150.5,117,99.5,5.7,6.7,2.37,2.49,1,1,1,1,0,0,0,0
4335,122,2,2,2,2,1,52,0,1,1,0,1,1,2,1,12.2,5.33,51.1,27.7,155,144.5,95.5,98.5,8.8,6.6,3.16,0.76,0,0,0,0,0,0,0,0
4336,122,2,2,2,2,1,60,0,0,1,0,1,1,3,0,23.1,14.1,62.2,40.5,157,128,89,79,7,7.5,2.17,2.28,0,0,0,0,0,0,0,0
4337,122,2,2,2,2,1,57,0,0,0,0,1,1,3,0,10.9,12.7,41,43.4,153.5,133,96.5,88.5,6.2,7,3.23,3.17,0,0,0,0,0,0,0,0
4338,122,2,2,2,2,1,58,0,1,1,0,1,1,4,0,11.8,5.3,42.2,19.6,150.5,105.5,97.5,69,5.6,6.1,2.57,3.38,1,1,0,0,0,0,1,0
4339,122,2,2,2,2,1,46,1,1,1,0,1,1,4,0,16,5.58,60.6,32.6,145,128.5,77.5,72.5,8,5.9,4.69,3.71,1,1,0,0,0,0,1,0
4340,122,2,2,2,2,1,55,1,0,1,0,1,1,4,0,12.6,8.11,41.8,28.5,141,123.5,79,76.5,12.9,8.5,1.73,1.81,1,0,0,0,0,0,1,0
4341,122,2,2,2,2,1,45,1,1,0,0,1,1,3,1,19.1,12.1,66.2,49.3,151,130.5,91,83,10.6,9.5,4.56,3.2,0,0,0,0,0,0,0,1
4342,122,2,2,2,2,1,54,0,0,1,0,0,1,4,0,15.3,10.3,56.4,42.3,169.5,129,89,73.5,2.9,7.5,1.94,2.69,1,1,0,0,0,0,1,0
4343,122,2,2,2,2,1,56,1,0,1,0,1,1,4,0,27.4,11.3,64.7,35.8,152,138,89.5,83.5,8.1,5.7,3.56,2.44,1,1,1,1,0,0,0,0
4344,122,2,2,2,2,1,60,0,0,1,0,1,1,4,0,14,6.01,45.5,19,156.5,108.5,92.5,76,4.4,5.9,2.99,1.57,1,0,0,0,0,0,1,0
4345,122,2,2,2,2,1,58,0,0,1,0,1,1,3,0,18.5,9.17,56.9,33.8,153,143.5,84,81,8.2,6.4,1.58,1.47,0,0,0,0,0,0,0,0
4346,122,2,2,2,2,1,68,0,0,1,0,0,1,4,0,29.4,20.7,58.6,37.2,171.5,136,90.5,78,8.3,6.2,3.27,2.32,1,0,0,0,0,0,0,0
4347,122,2,2,2,2,1,52,1,0,1,0,1,1,3,0,12,9.33,45.1,38,145.5,132,89.5,72.5,5,5.3,2.66,2.68,0,0,1,1,0,0,0,1
4348,122,2,2,2,2,1,59,1,0,1,0,1,1,3,0,18.3,7.03,44.9,18.6,157,132,87,84.5,5.2,5.1,2.95,1.76,0,0,1,1,0,0,0,1
4349,122,2,2,2,2,1,58,1,0,1,0,1,1,3,1,13.3,11,33.8,27.9,147,135.5,79,81,5.1,4.82,3.5,3.44,0,0,0,0,1,1,1,1
4350,122,2,2,2,2,1,67,1,0,0,0,1,1,4,0,23.1,10.6,41.6,14.4,166.5,119,92.5,68,6.8,5.7,2.25,1.98,1,0,0,0,0,0,0,0
4351,122,2,2,2,2,1,67,0,0,1,0,1,1,2,0,20.6,10.2,34.6,20.8,141,131.5,85,76,7.4,5.7,2.75,0.92,0,0,0,0,0,0,0,0
4352,122,2,2,2,2,1,47,1,0,0,0,1,1,4,0,15.8,3.7,56.6,24.8,151,129.5,94.5,85,7.2,7.3,2.37,1.67,1,1,0,0,0,0,1,1
4353,122,2,2,2,2,1,61,1,0,1,0,1,1,3,0,15.7,13.3,39.5,32.4,151,155.5,87,98,4.8,6.3,2.04,2.91,0,1,1,1,1,1,1,1
4354,122,2,2,2,2,1,70,0,0,1,1,1,1,3,0,12.8,21.7,18.1,29.5,131,138,64,81.5,6.7,6.7,3.13,2.82,0,0,0,0,0,0,0,0
4355,122,2,2,2,2,1,57,0,0,1,0,1,1,4,0,11.4,6.69,43.2,26.5,168.5,129,93,86.5,5.7,6.2,3.64,3.8,1,0,0,0,0,0,1,0
4356,122,2,2,2,2,1,48,0,0,1,0,1,1,4,0,10.3,4.83,52.6,32.4,171,133.5,89.5,90.5,5.7,6.2,3.77,3.24,1,1,0,0,0,0,1,0
4357,122,2,2,2,2,1,60,0,0,1,0,1,1,4,0,22.3,16.1,60.9,46.1,154,136.5,88.5,81.5,6.6,5.4,2.65,2.06,1,1,0,0,0,0,0,1
4358,122,2,2,2,2,1,62,0,0,1,0,1,1,2,0,20.4,10.7,53.3,31.7,158,144,87,82.5,7.2,6.4,4.21,3.2,0,0,0,0,0,0,1,1
4359,123,1,1,2,1,1,63,1,1,1,0,1,1,3,0,16.7,11.8,38.1,25.6,151,131,87,73,6,5.8,1.72,2.51,0,0,1,1,0,0,1,0
4360,123,1,1,2,1,1,60,1,0,1,0,1,1,2,0,25,16.7,55.9,34.4,166,133,89,76.5,15.3,5.3,1.51,2.78,0,0,0,0,1,0,1,1
4361,123,1,1,2,1,1,61,1,0,1,1,1,1,2,0,16.4,7.97,38.2,20.6,162,134,101,83,5.2,5.8,2.63,1.58,0,0,1,1,0,0,0,0
4362,123,1,1,2,1,1,58,1,0,1,1,1,1,3,0,20.3,15.7,48.8,37.4,161,138,91,88,15.1,11.7,2.71,3.63,0,0,0,0,0,0,1,0
4363,123,1,1,2,1,1,50,0,0,1,0,1,1,2,0,16.9,5.65,68.4,33.3,152,134,100,82,7.3,5.7,1.81,2.49,0,0,0,0,0,0,1,0
4364,123,1,1,2,1,1,51,1,0,1,0,1,1,3,0,16.8,7.91,53.1,31.2,159.5,125.5,103,90.5,5.1,5.9,2.29,2.89,0,0,1,1,0,0,1,0
4365,123,1,1,2,1,1,55,1,0,0,0,1,1,4,0,25.1,15.2,63.2,43.9,151,127,96,93,12.1,7.6,4.1,5.13,1,1,1,1,0,0,0,0
4366,123,1,1,2,1,1,58,0,0,1,0,1,1,3,0,11.6,15.2,42.1,48.5,153,137,91,90,5.6,7,2.86,3.9,0,1,0,0,0,0,1,1
4367,123,1,1,2,1,1,56,1,0,1,0,1,1,3,0,23.8,16.9,58.3,44.7,151,132,82,76,5.9,6.9,2.86,2.87,0,0,1,1,0,0,1,1
4368,123,1,1,2,1,1,48,0,1,0,0,1,1,4,0,11.2,6.68,59.8,43.3,154,135,89.5,83,8.8,5.3,2.06,3.21,1,1,0,0,0,0,1,0
4369,123,1,1,2,1,1,49,1,0,1,0,1,1,3,0,10.5,3.2,45.6,19.2,155,117.5,88,72,8.7,7.6,2.61,1.67,0,0,0,0,0,0,1,0
4370,123,1,1,2,1,1,59,1,0,1,0,1,1,3,0,25,13.4,62.9,36.1,165.5,131.5,108.5,92,9.1,10.1,1.73,1.61,0,0,0,0,0,0,0,0
4371,123,1,1,2,1,1,51,1,0,0,0,1,1,3,0,14.1,6.33,48.7,27.4,159.5,127,88.5,80,14.1,18.6,2.26,2.25,0,0,0,0,0,0,1,1
4372,123,1,1,2,1,1,63,1,1,1,0,1,1,3,0,22,21.6,42.3,41.6,150.5,164,84.5,90,5.8,7.3,2.58,1.49,0,0,0,0,0,0,0,0
4373,123,1,1,2,1,1,52,0,0,1,0,1,1,3,0,11.4,4.66,48.8,25,143.5,141,85.5,92,8.3,6.8,3.16,0.6,0,0,0,0,0,0,1,0
4374,123,1,1,2,1,1,53,0,0,1,0,1,1,3,0,14.9,4.99,56.9,25.4,157,129.5,74,73,8,6.2,3.59,3.66,0,0,0,0,0,0,1,0
4375,123,1,1,2,1,1,57,0,0,1,0,1,1,4,0,11.6,8.27,43,31.8,156.5,132,93,79,5.6,5.8,4.25,3.65,1,1,0,0,0,0,1,0
4376,123,1,1,2,1,1,59,0,0,1,0,0,1,3,0,10.6,9.26,37.4,32.6,150.5,143,107.5,110.5,5.6,6.1,3.81,3.53,0,0,0,0,0,0,0,0
4377,123,1,1,2,1,1,50,1,0,1,0,1,1,3,0,10.3,7.95,40.7,31.4,142.5,112,87,86.5,11.3,15.6,1.95,2.99,0,0,1,1,0,0,1,1
4378,123,1,1,2,1,1,61,1,0,0,1,1,1,3,0,11.4,15.9,35,48.2,150,171,96.5,90.5,4.2,6.9,1.4,1.46,0,0,0,0,1,0,0,0
4379,123,1,1,2,1,1,53,1,0,1,0,1,1,4,0,18.7,14.1,53.5,43.5,151,135,97.5,83,8.6,7,2.99,4.03,1,1,0,0,0,0,0,0
4380,123,1,1,2,1,1,52,1,0,1,0,0,1,3,0,18.1,10.1,56.2,37.1,145.5,149,91,92.5,9.9,5.7,4.81,3.41,0,0,1,0,0,0,1,1
4381,123,1,1,2,1,1,59,0,0,1,0,1,1,4,0,15.5,15.9,51.5,48,173.5,140,104.5,91,4.6,6.1,3.47,3.02,1,1,0,0,0,0,1,0
4382,123,1,1,2,1,1,45,1,0,1,0,1,1,4,0,16.2,5.63,56.8,28.1,161,133,102,82,6.9,6.9,1.81,1.4,1,1,1,1,0,0,1,0
4383,123,1,1,2,1,1,59,1,0,1,0,1,1,3,0,12.9,13.1,41.1,39.5,156.5,143.5,84,101,3.7,5.3,2.46,2.41,0,0,1,0,1,0,1,0
4384,123,1,1,2,1,1,50,1,0,0,0,1,1,4,0,16.4,9.75,56,40.6,163,133,94.5,84.5,5.7,6.5,1.85,2.79,1,1,0,0,0,0,1,1
4385,123,1,1,2,1,1,56,1,0,1,1,1,1,3,0,10,6.07,31.7,20.2,160,137,93,85,6.9,6.5,2.28,1.42,0,0,0,0,1,0,1,0
4386,123,1,1,2,1,1,56,0,0,1,0,1,1,3,0,17.7,8.66,58.7,33.2,154.5,128.5,93,82,7.2,6.3,2.77,1.66,0,0,0,0,1,0,1,0
4387,123,1,1,2,1,1,64,0,0,1,0,1,1,3,0,14.5,13.2,38.6,36.3,151,157,100.5,97,6.1,6.7,3.13,2.62,0,0,0,0,0,0,1,0
4388,123,1,1,2,1,1,60,0,1,0,0,1,1,4,0,21.3,9.82,59.4,32.9,160.5,145.5,75.5,79.5,8.3,5.6,1.4,2.03,1,1,0,0,0,0,0,0
4389,123,1,1,2,1,1,47,0,0,1,0,1,1,3,0,12.5,2.11,63.4,18.4,145,115,100.5,81,8.8,5.6,3.29,0,0,1,0,0,0,0,1,0
4390,123,1,1,2,1,1,61,1,1,0,0,1,1,3,0,19.7,10.8,46.3,25.1,150,124,87,69.5,6.8,6.3,3.4,2.54,0,1,0,0,1,0,0,0
4391,123,1,1,2,1,1,53,1,0,0,0,1,1,3,0,12.4,3.69,41,16.3,161,125,100.5,75,8.8,5,1.65,2.2,0,0,0,0,0,0,1,0
4392,123,1,1,2,1,1,62,1,0,0,0,1,1,2,0,17,9.16,30.6,15.1,155,126.5,88,82.5,19.3,11.4,1.65,2.07,0,0,0,0,0,0,1,0
4393,124,2,2,2,1,1,54,0,0,1,0,1,1,4,0,13.4,11,54.1,45.4,164,121,89.5,82,6.6,8.2,3.4,3.81,1,1,0,0,0,0,1,1
4394,124,2,2,2,1,1,57,0,0,1,1,1,1,3,0,20.9,14.1,63.8,47.5,161.5,141,106,87.5,8.9,7.3,2.14,1.8,0,0,0,0,0,0,1,1
4395,124,2,2,2,1,1,61,0,0,1,1,1,1,3,0,17.3,16.1,46.3,43,165.5,155.5,95,97.5,6.6,7.7,2.22,1.78,0,0,0,0,0,0,1,1
4396,124,2,2,2,1,1,59,1,0,0,1,1,1,3,0,16.4,21.5,40.2,51.4,148.5,160.5,75,95,5.1,5.3,1.91,3.2,0,0,0,0,0,0,1,1
4397,124,2,2,2,1,1,57,1,0,1,0,1,1,3,0,18.3,19.4,53.2,55.8,145,149,90,87.5,8.6,5.8,1.77,1.65,0,1,1,1,0,0,0,0
4398,124,2,2,2,1,1,66,1,0,1,1,1,1,2,1,12.9,18.6,19.1,31.9,153,133,98.5,85,6.8,5.4,1.59,3.08,0,0,0,1,0,0,1,0
4399,124,2,2,2,1,1,54,1,0,1,0,1,1,2,1,11.5,12,37.6,38.4,146.5,154.5,98.5,105.5,5.4,5.2,1.89,1.81,0,0,1,1,0,0,1,1
4400,124,2,2,2,1,1,48,0,0,1,0,1,1,4,0,23.6,9.01,81.7,50.7,177,131,87,80,8.5,9.4,1.66,1.65,1,1,0,0,0,0,1,0
4401,124,2,2,2,1,1,73,1,0,1,0,1,1,4,0,23.5,20.1,25.2,18.4,142,129.5,83,72,6.1,7.5,1.85,1.72,1,1,1,1,0,0,1,0
4402,124,2,2,2,1,1,58,1,0,1,0,1,1,4,0,22.1,25.9,57.1,62.4,182,182,95,118,5.1,6,1.75,2.74,1,1,0,0,0,0,1,1
4403,124,2,2,2,1,1,51,0,0,1,0,1,1,4,0,15.4,11.2,62.8,51,149.5,166.5,92,101.5,7.2,5.8,3.69,3.67,1,1,0,0,0,0,1,1
4404,124,2,2,2,1,1,60,1,0,1,0,1,1,4,0,21.6,12.1,64.9,40.7,171,146.5,107,96,6.8,5.5,1.83,1.55,1,1,1,1,0,0,1,0
4405,124,2,2,2,1,1,67,1,0,1,0,1,1,2,0,21.5,12.4,40.7,17.7,153,112,89.5,57,5.3,5.4,2.39,2.76,0,0,1,1,0,1,1,0
4406,124,2,2,2,1,1,55,1,0,1,0,0,1,2,0,18.1,15.9,51.9,46.8,174,150.5,108.5,92.5,4.9,6.4,1.6,3.09,0,0,0,0,0,0,1,0
4407,124,2,2,2,1,1,56,0,0,1,0,1,1,3,0,15.4,5.76,52.2,24,147,129.5,88,84,8.9,5.9,2.7,1.82,0,0,0,0,0,0,1,1
4408,124,2,2,2,1,1,51,0,0,1,0,1,1,4,0,11.7,5.27,53.3,29.6,165,137,99,90,5.2,6.4,3.19,2.6,1,1,0,0,0,0,0,0
4409,124,2,2,2,1,1,54,0,0,1,0,1,1,2,0,14.8,4.14,55.2,19.6,171,110.5,95,70,7.8,9.6,1.39,1.68,0,0,0,0,0,0,0,1
4410,124,2,2,2,1,1,58,0,0,0,0,1,1,3,0,16.5,7.47,52.4,25.5,157,111.5,97,70,7.5,6.3,2.75,1.28,0,0,0,0,0,0,0,0
4411,124,2,2,2,1,1,57,0,0,1,0,1,1,4,0,15.6,6.79,51,26.8,143,132,94,95.5,9.4,5.9,3.96,2.5,1,1,0,0,0,0,1,1
4412,124,2,2,2,1,1,50,1,1,0,0,1,1,3,0,14.7,7.68,51.5,33.7,163,134,101,96,5.4,6.2,1.52,2.26,0,0,0,0,0,0,1,1
4413,124,2,2,2,1,1,51,0,0,0,0,1,1,3,0,12.2,6.04,54.1,32.8,143.5,144,95.5,75,8.2,4.6,3.81,2.63,0,0,0,0,0,0,1,1
4414,124,2,2,2,1,1,58,1,1,1,0,1,1,2,1,11.3,12.5,29.3,29.6,153,131,81.5,75,5.3,5.4,1.66,1.47,0,0,0,0,0,0,1,0
4415,124,2,2,2,1,1,53,1,1,1,0,1,1,3,0,13,9.37,42.5,32.5,144,136,77,77,5,5.9,1.84,1.46,0,0,1,1,0,0,1,1
4416,124,2,2,2,1,1,58,0,0,1,0,1,1,3,0,16.6,4.73,51.3,17.5,154,122.5,93.5,75.5,7.1,4.7,2.11,2.03,0,0,0,0,0,0,1,1
4417,124,2,2,2,1,1,61,1,0,1,0,1,1,4,0,16.1,7.57,48.4,21.6,161,120,98,81.5,5.8,6.3,1.76,1.63,1,1,0,0,0,0,1,1
4418,124,2,2,2,1,1,61,0,1,1,0,1,1,3,0,14.4,8.81,44.9,27.2,159,133,94,73,5.8,5.4,1.93,1.45,0,0,0,0,0,0,1,1
4419,124,2,2,2,1,1,59,0,0,1,0,1,1,2,0,21.9,6.04,62.2,21,160,119.5,91,71,8.1,6.2,3.14,2.85,0,0,0,0,0,0,1,0
4420,124,2,2,2,1,1,58,0,0,0,0,1,1,3,0,12.2,6.96,44.1,26.4,164.5,135,97.5,73,5.9,5.8,3.76,2.81,0,0,0,0,0,0,0,1
4421,124,2,2,2,1,1,59,0,0,1,0,1,1,2,0,17.6,10.8,52.7,34,159.5,128,97,71,12.2,14.9,2.15,2.37,0,0,0,0,0,0,1,0
4422,124,2,2,2,1,1,63,0,0,1,0,1,1,3,0,15.4,20.4,45.4,49.7,174.5,145,98,95,6.1,5.2,1.69,3.18,0,1,0,0,0,0,1,0
4423,124,2,2,2,1,1,60,1,0,1,0,1,1,4,0,21.3,11.2,54.1,30.4,165,132,89.5,82,6.6,6.4,2.63,2.8,1,1,0,1,0,0,1,1
4424,124,2,2,2,1,1,57,1,0,1,0,1,1,2,0,19.1,,51,,161,,88.5,,5.5,,1.69,,0,,1,,0,,1,
4425,124,2,2,2,1,1,50,1,0,1,0,1,1,3,0,13.9,13.1,46.3,44.6,154,149.5,95.5,100,6.7,7,1.47,1.52,0,0,0,0,0,0,1,1
4426,124,2,2,2,1,1,70,1,0,1,0,1,1,3,1,24.8,9.99,52.1,16.8,172,128,91,70.5,5.8,6.2,3.38,1.55,0,0,0,0,1,1,0,0
4427,124,2,2,2,1,1,49,0,1,0,1,1,1,4,0,10,4.96,52.7,32.6,153,143.5,98,96,7,5.7,2.57,1.78,1,1,0,0,0,0,0,1
4428,125,1,2,1,2,1,71,0,0,0,1,1,1,3,0,19.5,17,29.3,17.3,155,111,94,62.5,6.5,7.4,2.74,2.99,0,0,0,0,0,1,1,0
4429,125,1,2,1,2,1,71,1,0,1,1,1,1,2,0,17.4,17.6,19.8,15.6,154.5,131.5,95,70,5.1,5.9,1.61,1.88,0,0,1,1,0,0,1,0
4430,125,1,2,1,2,1,65,0,0,1,1,1,1,3,0,14.6,11.4,36.4,27.3,150,134,92.5,85.5,6.4,6.1,2.1,1.51,0,1,0,0,1,0,0,0
4431,125,1,2,1,2,1,73,0,0,1,1,0,1,3,0,32.2,28.1,44.4,41.2,147.5,155,68.5,82.5,14.6,8.6,3.04,2.2,0,0,0,0,0,0,0,0
4432,125,1,2,1,2,1,43,0,0,0,0,1,1,4,0,11.3,0.96,69.5,15.9,171,101,100,71.5,9.8,5.7,1.87,2.41,1,1,0,0,0,1,1,0
4433,125,1,2,1,2,1,39,0,1,1,0,1,1,4,0,15.1,5.93,83.5,55.8,187,135.5,112,85,12.9,7.6,3.49,3.55,1,1,0,0,0,0,1,1
4434,125,1,2,1,2,1,48,0,0,1,0,1,1,2,1,13.8,3.08,60.9,21.6,169.5,131,76.5,75.5,7.9,5.6,4.08,1.85,0,0,0,0,0,0,1,1
4435,125,1,2,1,2,1,49,1,0,1,0,1,1,4,0,10.7,6.72,44.7,29.9,162.5,127,98.5,92,4.7,5.7,1.78,2,1,1,1,1,0,0,1,1
4436,125,1,2,1,2,1,75,1,0,0,0,1,1,2,0,24.1,16.8,20.5,7.96,152.5,109.5,73,69,9.6,11.5,3.22,3.68,0,0,0,0,0,0,1,0
4437,125,1,2,1,2,1,63,1,0,1,0,1,1,3,0,15.9,10.6,43.1,28,147,134.5,77.5,81,5.6,5.6,3.02,1.99,0,0,0,0,0,0,0,0
4438,125,1,2,1,2,1,66,0,0,1,0,1,1,3,0,29.1,16,60.3,32.2,164,133,91,88,7.4,9.5,3.48,1.48,0,0,0,0,0,0,1,0
4439,125,1,2,1,2,1,59,0,1,1,0,1,1,2,0,11.5,9.53,40.3,33.9,164.5,150,92.5,95,5.1,4.8,3.32,2.34,0,0,0,0,0,0,1,1
4440,125,1,2,1,2,1,79,0,0,1,0,0,1,2,0,20,13.9,20.1,10.1,163.5,133.5,92,85.5,5.6,6.5,3.33,2.83,0,0,0,0,0,0,0,0
4441,125,1,2,1,2,1,57,0,0,1,0,1,1,3,0,23.3,10.1,68.5,35.3,181.5,132,95,77.5,6.1,10.1,1.75,1.49,0,0,0,0,0,0,1,0
4442,125,1,2,1,2,1,61,1,0,1,1,1,1,3,0,18.6,16,35.7,30.1,145.5,140,67.5,77,6,7.5,2.9,3.16,0,0,0,0,0,0,1,0
4443,125,1,2,1,2,1,54,1,0,1,0,1,1,3,0,10.4,15,40.3,50.4,147,147.5,94,106.5,5.2,6.2,3.49,3.26,0,0,0,0,0,0,0,0
4444,125,1,2,1,2,1,75,0,0,1,0,1,1,4,0,34.3,27.4,40.3,29.9,143.5,133.5,83.5,83,6.1,6.3,2.71,3.4,1,1,0,0,0,0,1,0
4445,125,1,2,1,2,1,57,1,0,0,0,1,1,4,0,13.7,8,40.3,24.2,157,132,99,91,4.8,5.8,1.73,1.74,1,0,0,0,0,0,1,0
4446,125,1,2,1,2,1,65,0,0,1,0,0,1,3,0,18.9,10.2,41.3,24.7,140,137.5,81.5,83.5,8.7,5.7,2.76,2.36,0,0,0,0,0,0,1,0
4447,125,1,2,1,2,1,57,0,0,1,0,0,1,2,1,14.6,6.13,49.3,24.4,155.5,132,82,82,7.7,6.2,4.24,2.3,0,0,0,0,0,0,0,0
4448,125,1,2,1,2,1,62,0,0,0,0,1,1,4,0,11.6,8.14,33.4,23.2,140,125.5,106,91.5,5.6,5.7,1.96,1.49,1,0,0,0,0,0,1,0
4449,125,1,2,1,2,1,64,0,1,1,0,1,1,4,0,13.7,12.7,35.8,33.6,142.5,145,82,74,5.7,6.7,3.72,2.51,1,0,0,0,0,0,1,0
4450,125,1,2,1,2,1,56,0,0,1,0,1,1,3,0,10.9,5.14,43,22,149,119,80,80,6.8,5.3,3.72,2.87,0,0,0,0,0,0,1,0
4451,125,1,2,1,2,1,56,0,1,1,0,1,1,3,0,15.5,6.12,53.3,25.8,142.5,125,86.5,84.5,8.1,5.8,2.84,2.45,0,0,0,0,0,0,0,0
4452,125,1,2,1,2,1,66,0,0,1,1,1,1,4,0,30.8,9.85,60.4,20.2,149,118,86,79.5,7.2,6.1,2.68,2.83,1,0,0,0,1,0,0,1
4453,125,1,2,1,2,1,57,0,0,1,0,0,1,3,0,10.1,3.91,38.2,15.7,156.5,112,86,68.5,5.1,5.3,3.43,3.21,0,0,0,0,0,0,1,0
4454,125,1,2,1,2,1,57,1,0,1,0,1,1,4,0,14.1,13.5,37.1,35.5,140,134,80.5,101,7.8,7.2,4.24,3.05,1,1,0,0,0,0,1,1
4455,125,1,2,1,2,1,50,1,0,1,0,1,1,4,0,12.2,5.77,45.8,26.7,151,127.5,94.5,85,5.9,6,2.67,2.24,1,1,0,0,0,0,1,0
4456,125,1,2,1,2,1,66,1,0,1,0,1,1,3,0,19.2,13.6,27.4,18.2,149,138.5,77,63.5,6,6.1,3.93,2.78,0,0,0,0,0,0,0,1
4457,125,1,2,1,2,1,64,0,0,1,0,1,1,2,0,16,9.79,34.6,19.4,140,112,89,70.5,8.3,7.6,3.93,3.4,0,0,0,0,0,0,1,1
4458,125,1,2,1,2,1,49,0,0,1,0,1,1,4,0,12.9,5.31,61.1,33.5,141.5,131.5,95.5,86.5,8,5.4,3.07,2.36,1,1,0,0,0,0,1,0
4459,125,1,2,1,2,1,52,1,0,0,0,1,1,3,0,20.3,5.99,59.4,25,167.5,120.5,91,73.5,23.4,8.3,3.11,3.91,0,0,1,0,0,0,1,0
4460,125,1,2,1,2,1,49,0,0,1,0,1,1,4,0,19.8,19.2,75,73.5,166.5,169.5,104.5,109.5,7.5,7.8,3.79,2.45,1,1,0,0,1,0,1,1
4461,125,1,2,1,2,1,51,0,1,0,0,1,1,3,0,12.2,5.01,55.2,29.4,155,140,77.5,83,7.9,6.1,2.45,3.13,0,1,0,0,0,0,1,1
4462,125,1,2,1,2,1,38,0,1,0,0,1,1,4,0,10.2,0.87,75.8,20.4,175,116,96,71,10.8,5.8,3.8,1.43,1,1,0,0,0,0,1,0
4463,126,2,2,1,1,1,60,1,0,1,0,1,1,3,1,16.4,12.7,45.6,35.8,148.5,135.5,87,84.5,5.8,5.3,3.41,2.78,0,0,1,1,0,0,1,0
4464,126,2,2,1,1,1,62,1,0,0,1,1,1,3,1,17.8,25.4,39.3,56.2,145,167.5,93.5,104.5,5,4.7,2.18,1.86,0,0,1,1,1,1,1,0
4465,126,2,2,1,1,1,56,1,0,1,0,1,1,4,0,12.2,15.1,37,43.6,128.5,135,98,102.5,5.5,5.7,3.1,2.2,1,1,1,1,0,0,1,1
4466,126,2,2,1,1,1,69,1,0,1,0,1,1,3,0,10.8,11.3,14.9,17.6,126,139.5,81,79,6.9,6.9,3.03,2.21,0,0,0,0,0,0,1,0
4467,126,2,2,1,1,1,66,1,0,0,0,1,1,4,0,22.5,20.8,44.9,39.7,151,141,86,86,4.9,5.3,3.46,4.33,1,1,1,1,1,0,1,0
4468,126,2,2,1,1,1,60,0,0,1,0,1,1,4,0,20.1,20.4,55.2,55.9,137,138,90,91.5,7.6,8.8,4.82,5.12,1,1,0,0,0,0,0,0
4469,126,2,2,1,1,1,70,1,0,1,0,0,1,3,0,37.4,46.1,45.9,54.1,160,196,76,102,9,9.9,4.34,5.25,0,0,0,0,0,0,1,0
4470,126,2,2,1,1,1,61,0,0,1,0,1,1,3,1,11.9,10.6,31.3,28.3,134.5,133,72.5,74.5,7,6.8,3.56,4.05,0,0,0,0,0,0,1,0
4471,126,2,2,1,1,1,65,1,0,1,0,1,1,4,0,28.3,36.4,54,61.6,159,155,80.5,82,7.1,6.3,7.89,3.52,1,1,1,1,0,0,1,0
4472,126,2,2,1,1,1,55,1,0,1,0,0,1,4,0,13.2,12,38.7,38.4,137,152,92,86,7.2,5.4,2.86,2.03,1,1,0,0,0,0,0,1
4473,126,2,2,1,1,1,56,1,0,0,0,1,1,4,0,11.5,11.6,35.9,36,135.5,134,83,84,6.3,6.4,2.07,1.64,1,1,1,1,0,0,0,1
4474,126,2,2,1,1,1,54,0,0,0,0,1,1,4,0,12.5,5.8,51.8,28,149.5,110,97,77.5,6,6.3,3.8,2.98,1,1,0,0,1,1,1,1
4475,126,2,2,1,1,1,59,0,0,1,0,1,1,4,0,14,16.3,41.2,48.7,145,144,84.5,86.5,5.8,5.6,2.18,3.19,1,0,0,0,0,0,1,1
4476,126,2,2,1,1,1,55,0,0,0,0,1,1,3,0,10.8,10.8,41.4,42.5,128.5,133,76.5,84,10.8,6.2,1.66,6.91,0,0,0,0,0,1,0,0
4477,126,2,2,1,1,1,59,1,1,1,0,0,1,2,1,10.4,9.04,22.8,20.6,121,122.5,79,82.5,6.1,5,2.17,2.37,0,0,0,1,0,0,1,1
4478,126,2,2,1,1,1,55,0,0,0,0,1,1,4,0,15.3,27.4,57.8,79.3,160.5,165,94,91.5,6,5.3,3.59,3.49,1,1,0,0,1,1,0,0
4479,126,2,2,1,1,1,61,0,0,0,0,1,1,4,0,14.5,11.8,36.5,30.4,120,99,75,72.5,6.1,8.9,2.43,1.29,1,1,0,0,1,1,0,1
4480,126,2,2,1,1,1,52,1,0,1,0,1,1,4,0,13.1,8.49,46.5,34.5,160,140.5,92,92.5,4.8,5.3,2.68,3.04,1,1,0,0,0,0,1,1
4481,126,2,2,1,1,1,50,1,0,1,0,1,1,3,0,20.4,18.5,61.3,58,155.5,154,114.5,106.5,6.2,6.3,3.83,2.53,0,1,1,1,0,0,1,0
4482,126,2,2,1,1,1,62,0,0,1,0,1,1,2,0,15.2,8.47,39.1,24.7,134,134,84,71.5,8.1,5.7,3.24,1.83,0,0,0,0,0,0,1,0
4483,126,2,2,1,1,1,58,1,0,0,0,1,1,4,0,14.9,16.3,40.1,43.5,141.5,149,89.5,103.5,5.9,5.9,3,3.07,1,1,0,0,0,0,1,1
4484,126,2,2,1,1,1,45,1,0,1,0,1,1,4,0,12,12.9,53.7,50.1,168,150,90.5,97,6,5.55,2.43,2.08,1,1,0,0,0,0,1,1
4485,126,2,2,1,1,1,60,0,0,1,0,1,1,3,1,11.4,6.99,36.8,23.1,180.5,129.5,115,93.5,6.4,5.1,3.59,3.31,0,0,0,0,0,0,1,0
4486,126,2,2,1,1,1,57,1,0,0,0,1,1,3,0,13.3,6.5,35,17.6,137.5,123,84,81.5,11.6,12.83,3.21,1.67,0,0,1,0,0,0,1,1
4487,126,2,2,1,1,1,56,0,0,0,0,1,1,3,0,10.5,8.54,41.1,34.6,154.5,145.5,80.5,80,5.5,4.7,3.67,4.67,0,0,0,0,0,1,0,0
4488,126,2,2,1,1,1,51,1,0,0,0,1,1,4,0,10.4,8.55,45,33.2,143,125.5,99.5,77,6.7,6.3,9.7,1.75,1,1,0,0,0,0,0,0
4489,126,2,2,1,1,1,59,1,0,0,0,0,1,4,0,10.3,7.03,28.1,18.6,146,122.5,77.5,91.5,4.8,5.6,2.11,1.89,1,1,0,0,0,0,1,0
4490,126,2,2,1,1,1,47,1,1,1,0,1,1,4,0,17.1,9.5,58.9,42.2,153.5,132,96,93,4.8,5.2,3.05,3.47,1,1,1,1,1,1,1,1
4491,126,2,2,1,1,1,59,1,1,0,0,1,1,4,0,24.8,15.7,59.3,40.1,171,151,101.5,93.5,3.9,6.9,4.18,2.91,1,1,0,0,1,0,0,0
4492,126,2,2,1,1,1,54,1,1,0,0,1,1,3,0,23.6,10.3,60.7,32.3,164,127,89,87,6.6,7.4,3,2.15,0,0,1,1,0,0,1,1
4493,126,2,2,1,1,1,57,1,0,1,0,1,1,3,0,22,16.3,56.9,44.9,181,152,110.5,95,4,6,2.52,2.25,0,0,1,1,0,0,1,1
4494,126,2,2,1,1,1,66,1,0,1,0,1,1,2,1,13.8,14.1,21.1,23.9,138,124.5,78.5,73.5,4.6,5.9,2.36,3.4,0,0,1,1,0,0,1,1
4495,126,2,2,1,1,1,62,1,0,0,0,1,1,3,1,14,8.84,23,16.8,113,115.5,69,72.5,7.3,5.4,2.11,2.33,0,0,0,0,0,1,0,0
4496,126,2,2,1,1,1,68,0,0,0,1,0,1,4,0,14,14.8,26.4,28.9,130,136,77.5,80,5,5.6,3.15,3.79,1,1,0,0,0,0,0,0
4497,126,2,2,1,1,1,69,1,1,0,0,1,1,4,0,27.1,18.5,42.3,27.4,154.5,133,74.5,66,7,4.7,3.06,2.6,1,0,0,0,1,0,0,0
4498,127,1,2,1,1,1,62,1,0,0,1,1,1,3,0,19.1,19,44.8,44.9,152,153.5,88,89,4.6,6.3,3.85,2.87,0,1,1,1,0,0,1,0
4499,127,1,2,1,1,1,75,1,0,0,0,1,1,4,0,34.8,30.4,46.9,25.3,188.5,136,88,68,4.7,5.1,5.46,5.9,1,1,1,1,1,0,1,1
4500,127,1,2,1,1,1,63,1,0,0,0,1,1,2,1,27.1,21.5,46.6,41.2,155.5,142,80.5,83,8.7,5.3,4.05,3.33,0,0,1,1,0,0,0,0
4501,127,1,2,1,1,1,69,1,1,0,0,1,1,4,0,15.6,14,33.1,29.2,148,146,94,74,6.3,6.4,4.3,1.5,1,1,0,0,0,0,1,0
4502,127,1,2,1,1,1,58,0,0,0,0,1,1,3,0,10.3,5.83,38.2,22.1,155.5,126.5,83.5,78.5,5.7,5.7,4.56,2.77,0,0,0,0,0,0,0,1
4503,127,1,2,1,1,1,64,0,0,0,0,1,1,3,0,17.5,21.5,38.1,50.3,149,150,80.5,79.5,5.3,5.4,2.54,1.65,0,1,0,0,1,1,1,1
4504,127,1,2,1,1,1,64,1,0,0,0,1,1,3,0,15.1,6.63,41.9,17.8,161,132,109.5,81,4.7,5.3,1.64,0.91,0,0,0,0,1,0,0,0
4505,127,1,2,1,1,1,56,1,1,0,0,1,1,4,0,12.6,12.3,39.3,37.7,160,141.5,95,93.5,6.6,6.1,2.27,1.72,1,1,1,1,0,0,1,1
4506,127,1,2,1,1,1,65,0,0,0,0,1,1,4,0,10,9.62,22.9,21.9,126.5,124,81,80.5,5.3,5.7,3.14,2.9,1,1,0,0,0,0,0,0
4507,127,1,2,1,1,1,70,1,0,0,0,1,1,3,0,19.8,13.5,19.4,12.8,127,123,89.5,77,9.1,4.8,2.33,0.96,0,0,0,0,1,1,0,1
4508,127,1,2,1,1,1,65,1,0,1,0,1,1,3,1,16.2,9.14,28.1,14.3,154.5,130,95.5,76,4.9,6.1,2.1,1.34,0,0,1,1,0,0,0,1
4509,127,1,2,1,1,1,59,1,0,1,0,1,1,4,0,17.4,8.45,46.7,21.8,154.5,123,91,86.5,4.6,5.9,3.24,2.94,1,1,0,0,0,0,1,1
4510,127,1,2,1,1,1,59,1,0,0,1,1,1,2,1,20.5,11.9,45.8,29.9,142,140,91,88,9.2,7.5,2.34,0.95,0,0,1,1,0,0,0,1
4511,127,1,2,1,1,1,47,1,1,0,0,1,1,4,0,11.6,8.36,49.4,38.8,152,130,95,74,6.5,7.6,2.72,2.01,1,1,1,1,0,0,1,1
4512,127,1,2,1,1,1,43,0,1,0,0,1,1,3,0,10.7,2.16,64.6,24.8,145.5,134,92.5,82,7.3,5.5,7.86,1.77,0,0,0,0,0,0,1,0
4513,127,1,2,1,1,1,53,0,0,1,0,1,1,4,0,10.6,11.8,44.9,48.2,138.5,144,89.5,85,8.1,5.1,1.26,1,1,1,0,0,0,0,1,1
4514,127,1,2,1,1,1,61,0,0,0,1,1,1,4,0,10.4,8.95,32.7,27.7,146.5,136.5,90.5,86,5.7,5.7,4.22,3,1,1,0,0,0,0,1,1
4515,127,1,2,1,1,1,58,0,0,0,0,1,1,3,0,15,9.47,51.9,34.9,171.5,145,111.5,88.5,6.2,6.6,3.98,2.46,0,1,0,0,1,0,1,0
4516,127,1,2,1,1,1,52,0,0,1,0,1,1,3,0,10.5,4.97,46.8,26.7,173,130.5,107.5,78.5,6.1,6.2,2.43,2.74,0,0,0,0,0,0,1,1
4517,127,1,2,1,1,1,47,0,1,0,0,1,1,3,0,13.7,2.55,70.6,22.3,151.5,126.5,92,87,7.1,5.6,7.72,1.2,0,0,0,0,0,0,1,0
4518,127,1,2,1,1,1,52,0,1,0,0,1,1,2,1,13.1,4.8,51.7,24.4,172.5,116.5,98,73.5,8.2,6.4,2.94,2.64,0,0,0,0,0,0,0,0
4519,127,1,2,1,1,1,59,0,0,0,0,1,1,2,1,10.9,10.4,33.2,31.8,145,142,76.5,78.5,7.3,7.3,3.57,3.58,0,0,0,0,0,0,0,0
4520,127,1,2,1,1,1,54,1,0,1,0,1,1,4,0,15.9,11.6,53.7,39.5,146,125.5,81,81,6.2,7.4,4.77,3.09,1,1,0,0,0,0,1,1
4521,127,1,2,1,1,1,44,0,1,0,0,1,1,3,0,10.1,2.73,61.4,25.6,145,125,95,76,8.3,5.2,4.31,1.5,0,0,0,0,0,0,1,0
4522,127,1,2,1,1,1,56,1,0,0,0,1,1,4,0,11,10.6,33.9,33.3,126,134,87,81.5,4.8,5.6,3.17,1.97,1,1,1,1,0,0,1,0
4523,127,1,2,1,1,1,55,1,0,1,0,1,1,4,0,24.7,28.4,69.7,70.7,153,141.5,89.5,76.5,4.9,7.3,4.07,3.49,1,0,1,1,0,0,1,1
4524,127,1,2,1,1,1,56,0,0,0,0,1,1,4,0,10.5,6.03,41.4,25.2,156.5,126,91,72.5,6.9,6.2,2.98,2.41,1,1,0,0,1,1,1,0
4525,127,1,2,1,1,1,51,0,0,0,0,1,1,4,0,11.7,7.57,53.4,38.7,137.5,125,81,72,12.2,5.8,3.35,0.94,1,1,0,0,0,0,1,1
4526,127,1,2,1,1,1,52,0,0,0,0,1,1,4,0,11.6,14,51.2,57.4,163,148,94.5,86.5,5.8,7.2,2.62,3.19,1,1,0,0,0,0,1,0
4527,127,1,2,1,1,1,49,1,0,0,0,1,1,4,0,11.2,7.63,47,30.8,149.5,135,103.5,85,4.8,5.8,4.15,1.12,1,0,1,1,0,0,1,1
4528,127,1,2,1,1,1,45,0,1,0,0,1,1,4,0,10.4,3.16,61.7,29.8,170,124,97,80.5,9.8,8.4,4.06,2.81,1,1,0,0,0,0,1,0
4529,127,1,2,1,1,1,54,0,0,0,0,1,1,3,0,10.7,5.7,45.6,26.9,156,130,95.5,79,5.1,6,2.83,2.62,0,0,0,0,0,1,1,1
4530,127,1,2,1,1,1,46,1,1,0,0,1,1,4,0,10.6,2.84,43.6,23.9,183,123,111,79,6.3,6.6,1.58,3.03,1,1,0,0,0,0,1,0
4531,127,1,2,1,1,1,57,0,0,0,0,1,1,2,1,11.4,8.58,38.9,30.6,150.5,127,92.5,83.5,7.6,5.6,2.65,2.47,0,0,0,0,1,0,1,0
4532,127,1,2,1,1,1,60,1,0,0,0,1,1,4,0,13.5,8.68,32.3,19.9,142,135,91,81,5.2,6.3,2.86,1.84,1,1,0,0,0,0,1,0
4533,127,1,2,1,1,1,66,1,0,0,0,1,1,4,0,15.8,12.8,22.3,16.2,146.5,131,82,81.5,6.1,5.6,3.03,2.65,1,0,0,0,0,0,1,1
